ticker,fy,fye_month,mktcap_b,net_cash_b,revenue_b,gross_margin,op_margin,fcf_margin,rev_growth,price_fye
A,2007,Oct,0.0000,1.8260,5.4200,0.5478,0.1077,0.1504,,23.3238
A,2008,Oct,0.0000,-0.0850,5.7740,0.5535,0.1377,0.1043,0.0653,14.0449
A,2009,Oct,8.6301,0.9760,4.4810,0.5115,0.0105,0.0625,-0.2239,15.6589
A,2010,Oct,12.0966,-1.0420,5.4440,0.5382,0.1040,0.1097,0.2149,22.0263
A,2011,Oct,12.9050,1.3420,6.6150,0.5335,0.1619,0.1621,0.2151,23.4630
A,2012,Oct,12.5222,0.0000,6.8580,0.5255,0.1632,0.1508,0.0367,22.9510
A,2013,Oct,16.8426,-0.0240,3.8940,0.1662,0.2442,0.2458,-0.4322,32.7083
A,2014,Oct,18.5366,0.2660,4.0480,0.1630,0.2053,0.1250,0.0395,35.9546
A,2015,Oct,12.5428,0.3480,4.0380,0.5054,0.1293,0.0973,-0.0025,34.6897
A,2016,Oct,14.0186,0.3770,4.2020,0.5228,0.1464,0.1556,0.0406,40.4592
A,2017,Oct,21.9749,0.6670,4.4720,0.5387,0.1881,0.1594,0.0643,63.7856
A,2018,Oct,20.6378,0.4480,4.9140,0.5468,0.1888,0.1852,0.0988,61.2950
A,2019,Oct,23.4964,-1.0250,5.1630,0.5433,0.1823,0.1677,0.0507,72.3016
A,2020,Oct,31.3263,-0.9180,5.3390,0.5314,0.1585,0.1502,0.0341,98.2792
A,2021,Oct,47.5621,-1.2450,6.3190,0.5392,0.2132,0.2053,0.1836,152.4805
A,2022,Oct,40.9616,-1.6800,6.8480,0.5435,0.2363,0.1491,0.0837,134.8072
A,2023,Oct,30.2878,-1.1450,6.8330,0.5071,0.1976,0.2157,-0.0022,101.4345
A,2024,Oct,37.2159,-2.0160,6.5100,0.5430,0.2286,0.2109,-0.0473,128.7371
A,2025,Oct,41.4929,-1.2610,6.9480,0.5243,0.2129,0.1658,0.0673,145.7663
AAPL,2007,Sep,132.6894,9.3520,24.0060,0.3397,0.1837,0.1972,,4.5942
AAPL,2008,Sep,113.0554,22.1110,32.4790,0.3431,0.1932,0.2619,0.3530,3.8389
AAPL,2009,Sep,164.2567,23.4640,36.5370,0.3596,0.2096,0.2467,0.1249,5.4593
AAPL,2010,Sep,268.1472,25.6200,65.2250,0.3938,0.2819,0.2544,0.7852,8.7507
AAPL,2011,Sep,375.7601,25.9520,108.2490,0.4048,0.3122,0.3073,0.6596,12.1029
AAPL,2012,Sep,627.5357,29.1290,156.5080,0.4387,0.3530,0.2719,0.4458,20.0557
AAPL,2013,Sep,434.3485,23.5860,170.9100,0.3762,0.2867,0.2662,0.0920,14.8592
AAPL,2014,Sep,590.8826,-3.9100,182.7950,0.3859,0.2872,0.2743,0.0695,22.1978
AAPL,2015,Sep,639.5462,-14.3620,233.7150,0.4006,0.3048,0.2996,0.2786,25.7055
AAPL,2016,Sep,601.0050,-11.7720,215.6390,0.3908,0.2784,0.2462,-0.0773,25.7974
AAPL,2017,Sep,791.3001,-29.5220,229.2340,0.3847,0.2676,0.2231,0.0630,35.8977
AAPL,2018,Sep,1071.2262,-36.2180,265.5950,0.3834,0.2669,0.2414,0.1586,53.3744
AAPL,2019,Sep,972.2753,-1.5100,260.1740,0.3782,0.2457,0.2264,-0.0204,52.5411
AAPL,2020,Sep,1908.9623,-16.4970,274.5150,0.3823,0.2415,0.2673,0.0551,108.9087
AAPL,2021,Sep,2410.4278,-56.0800,365.8170,0.4178,0.2978,0.2541,0.3326,143.4251
AAPL,2022,Sep,2393.0581,-61.7830,394.3280,0.4331,0.3029,0.2826,0.0779,147.6745
AAPL,2023,Sep,2662.7868,-43.5480,383.2850,0.4413,0.2982,0.2598,-0.0280,169.0710
AAPL,2024,Sep,3443.2332,-31.4910,391.0350,0.4621,0.3151,0.2783,0.0202,226.0951
AAPL,2025,Sep,3774.7672,-35.9810,416.1610,0.4691,0.3197,0.2373,0.0643,254.7393
ABNB,2019,Dec,,2.0135,4.8052,0.7510,-0.1044,0.0202,,
ABNB,2020,Dec,41.7445,4.5657,3.3782,0.7407,-1.0627,-0.1975,-0.2970,146.8000
ABNB,2021,Dec,102.5397,6.3225,5.9918,0.8071,0.0717,0.3612,0.7737,166.4900
ABNB,2022,Dec,54.4635,7.6350,8.3990,0.8215,0.2145,0.4054,0.4018,85.5000
ABNB,2023,Dec,86.7212,8.0800,9.9170,0.8283,0.1531,,0.1807,136.1400
ABNB,2024,Dec,83.0511,8.6160,11.1020,0.8308,0.2300,,0.1195,131.4100
ABNB,2025,Dec,83.1964,9.0150,12.2410,0.8296,0.2078,,0.1026,135.7200
ADBE,2007,Nov,24.6183,0.9464,3.1579,0.8877,0.2716,0.4145,,42.1400
ADBE,2008,Nov,12.4919,1.6692,3.5799,0.8987,0.2872,0.3265,0.1336,23.1600
ADBE,2009,Nov,18.6248,0.9045,2.9459,0.8993,0.2344,0.3388,-0.1771,35.3800
ADBE,2010,Dec,14.7078,0.9544,3.8000,0.8938,0.2613,0.2483,0.2899,29.1400
ADBE,2011,Dec,13.3870,1.4066,4.2163,0.8961,0.2607,0.3162,0.1095,27.1100
ADBE,2012,Nov,17.2632,2.0414,4.4037,0.8901,0.2680,0.2790,0.0445,34.6100
ADBE,2013,Nov,28.1972,1.6598,4.0552,0.8554,0.1042,0.2376,-0.0791,56.7800
ADBE,2014,Nov,36.7158,2.2252,4.1471,0.8500,0.0995,0.2747,0.0226,73.6800
ADBE,2015,Nov,45.9311,2.0809,4.7955,0.8448,0.1883,0.2679,0.1564,92.1700
ADBE,2016,Dec,49.2744,2.8592,5.8544,0.8600,0.2551,0.3409,0.2208,99.7300
ADBE,2017,Dec,88.2482,3.9384,7.3015,0.8616,0.2969,0.3745,0.2472,179.5200
ADBE,2018,Nov,122.3656,-0.8958,9.0300,0.8677,0.3145,0.4167,0.2367,250.8900
ADBE,2019,Nov,149.2340,0.0387,11.1713,0.8503,0.2925,0.3605,0.2371,309.5300
ADBE,2020,Nov,228.3543,1.8750,12.8680,0.8662,0.3293,0.4125,0.1519,477.0300
ADBE,2021,Dec,290.8172,1.6750,15.7850,0.8818,0.3676,0.4360,0.2267,616.5300
ADBE,2022,Dec,156.3524,2.4670,17.6060,0.8770,0.3464,0.4201,0.1154,341.5300
ADBE,2023,Dec,276.8364,4.2080,19.4090,0.8787,0.3426,0.3577,0.1024,612.4700
ADBE,2024,Nov,224.5843,3.7570,21.5050,0.8904,0.3135,0.3661,0.1080,515.9300
ADBE,2025,Nov,131.4134,0.3850,23.7690,0.8927,0.3663,0.4145,0.1053,320.1300
ADI,2007,Nov,10.6351,0.4250,2.4647,0.6119,0.2307,0.2753,,21.0648
ADI,2008,Nov,6.2518,1.3097,2.5829,0.6107,0.2420,0.1982,0.0480,14.0292
ADI,2009,Oct,7.4804,1.8160,2.0149,0.5552,0.1414,0.1866,-0.2199,17.5019
ADI,2010,Oct,10.0556,2.6878,2.7615,0.6516,0.3259,0.3185,0.3705,23.6597
ADI,2011,Oct,11.2331,3.5925,2.9933,0.6637,0.3581,0.2598,0.0839,27.1812
ADI,2012,Nov,12.0013,3.9004,2.7011,0.6445,0.3051,0.2526,-0.0976,29.6207
ADI,2013,Nov,15.4527,4.6829,2.6337,0.6426,0.2859,0.2997,-0.0250,38.0764
ADI,2014,Nov,15.4420,0.8665,2.8648,0.6389,0.2627,0.2421,0.0877,39.1311
ADI,2015,Oct,18.7611,2.6543,3.4351,0.6577,0.2419,0.2195,0.1991,48.7284
ADI,2016,Oct,19.5781,4.0558,3.4214,0.6510,0.3005,0.3371,-0.0040,52.9839
ADI,2017,Oct,33.6233,1.0478,5.2464,0.5836,0.2011,0.1732,0.5334,77.7768
ADI,2018,Nov,32.2705,0.7496,6.2247,0.6801,0.3023,0.3514,0.1865,75.8400
ADI,2019,Nov,40.2812,0.6483,5.9911,0.6700,0.2855,0.3301,-0.0375,97.1641
ADI,2020,Oct,43.7950,1.0559,5.6031,0.6587,0.2674,0.3289,-0.0648,107.5069
ADI,2021,Oct,91.1396,1.4613,7.3183,0.6183,0.2312,0.3268,0.3061,160.0740
ADI,2022,Oct,73.7868,-5.0781,12.0140,0.6270,0.2729,0.3143,0.6416,136.1231
ADI,2023,Oct,79.6847,-5.4434,12.3055,0.6401,0.3107,0.2890,0.0243,153.6980
ADI,2024,Nov,111.9050,-4.6708,9.4272,0.5708,0.2156,0.3312,-0.2339,219.5956
ADI,2025,Nov,114.6427,-4.4927,11.0197,0.6147,0.2661,0.3883,0.1689,231.9424
ADSK,2008,Jan,9.4768,0.9179,2.1719,0.9044,0.2052,0.3063,,41.1500
ADSK,2009,Jan,3.7825,0.9811,2.3152,0.9054,0.1056,0.2227,0.0660,16.5600
ADSK,2010,Jan,5.4550,1.0006,1.7137,0.8881,0.0383,0.1213,-0.2598,23.7900
ADSK,2011,Jan,9.2710,1.2743,1.9518,0.8993,0.1391,0.2626,0.1389,40.6800
ADSK,2012,Jan,8.1828,1.4113,2.2156,0.8966,0.1605,,0.1352,36.0000
ADSK,2013,Jan,8.7013,1.2087,2.3122,0.8969,0.1323,,0.0436,38.8800
ADSK,2014,Jan,11.6432,1.5207,2.2739,0.8794,0.1252,,-0.0166,51.2500
ADSK,2015,Jan,12.2713,1.2792,2.5122,0.8638,0.0480,,0.1048,54.0100
ADSK,2016,Jan,10.5108,0.7632,2.5041,0.8520,0.0005,,-0.0032,46.8200
ADSK,2017,Jan,17.9639,0.8079,2.0310,0.8317,-0.2460,,-0.1889,81.3400
ADSK,2018,Jan,25.2431,-0.2628,2.0566,0.8525,-0.2475,,0.0126,115.6200
ADSK,2019,Jan,32.3156,-1.1341,2.5698,0.8887,-0.0097,0.1207,0.2495,147.2000
ADSK,2020,Jan,43.2128,-0.2563,3.2743,0.9008,0.1048,0.4159,0.2741,196.8500
ADSK,2021,Jan,60.9215,0.2072,3.7904,0.9111,0.1660,0.3551,0.1576,277.4300
ADSK,2022,Jan,54.2814,-0.8859,4.3864,0.9046,0.1408,0.3363,0.1572,249.7900
ADSK,2023,Jan,46.2126,-0.2280,5.0050,0.9041,0.1976,0.4058,0.1410,215.1600
ADSK,2024,Jan,54.6826,-0.0540,5.4970,0.9070,0.2052,0.2332,0.0983,253.8100
ADSK,2025,Jan,66.3154,-0.4140,6.1310,0.9057,0.2208,0.2556,0.1153,311.3400
ADSK,2026,Jan,53.3556,0.0970,7.2060,0.9098,0.2190,0.3343,0.1753,252.8700
AFRM,2019,Jun,,0.3578,0.1403,,-0.9085,-0.7632,,
AFRM,2020,Jun,,0.2671,0.2761,,-0.3904,-0.3344,0.9682,
AFRM,2021,Jun,10.6661,1.4666,0.4294,,-0.8831,-0.4969,0.5553,67.3500
AFRM,2022,Jun,5.0876,1.2552,0.5592,,-1.5487,-0.4444,0.3023,18.0600
AFRM,2023,Jun,4.5276,0.8920,0.6269,,-1.9154,-0.1732,0.1211,15.3300
AFRM,2024,Jun,9.3608,-0.8238,0.8260,,-0.7456,0.3521,0.3175,30.2100
AFRM,2025,Jun,22.3220,-6.2552,1.1140,,-0.0783,0.5402,0.3486,69.1400
ALGN,2008,Dec,0.5846,0.0871,0.3040,0.7406,0.0510,0.0836,,8.7500
ALGN,2009,Dec,1.3867,0.1865,0.3123,0.7476,-0.1089,0.2144,0.0275,17.8200
ALGN,2010,Dec,1.5022,0.3033,0.3871,0.7838,0.2654,0.2880,0.2395,19.5400
ALGN,2011,Dec,1.8834,0.2407,0.4797,0.7531,0.1884,0.2086,0.2392,23.7300
ALGN,2012,Dec,2.2688,0.3349,0.5600,0.7435,0.1528,0.1704,0.1674,27.7500
ALGN,2013,Dec,4.6558,0.3700,0.6602,0.7545,0.1427,0.2523,0.1789,57.1400
ALGN,2014,Dec,4.5131,0.4547,0.7617,0.7595,0.2542,0.2663,0.1537,55.9100
ALGN,2015,Dec,5.2433,0.5273,0.8455,0.7571,0.2231,0.2183,0.1101,65.8500
ALGN,2016,Dec,7.7169,0.6403,1.0799,0.7550,0.2305,0.1640,0.2772,96.1300
ALGN,2017,Dec,17.8052,0.7215,1.4734,0.7581,0.2400,0.1648,0.3644,222.1900
ALGN,2018,Dec,16.7522,0.7354,1.9665,0.7363,0.2373,0.1685,0.3347,209.4300
ALGN,2019,Dec,21.9753,0.8686,2.4068,0.7246,0.2254,0.2483,0.2239,279.0400
ALGN,2020,Dec,42.2869,0.9608,2.4719,0.7133,0.1566,0.2052,0.0271,534.3800
ALGN,2021,Dec,51.7828,1.0994,3.9526,0.7426,0.2470,0.1952,0.5990,657.1800
ALGN,2022,Dec,16.1571,0.9421,3.7346,0.7052,0.1721,0.0741,-0.0551,210.9000
ALGN,2023,Dec,20.5785,0.9374,3.8623,0.7008,0.1666,0.1574,0.0342,274.0000
ALGN,2024,Dec,15.3458,1.0439,3.9990,0.7000,0.1519,0.1557,0.0354,208.5100
ALGN,2025,Dec,11.1307,1.0949,4.0350,0.6719,0.1353,0.1216,0.0090,156.1500
AMAT,2007,Oct,26.5301,1.2027,9.7349,0.4615,0.2436,0.1997,,13.9604
AMAT,2008,Oct,15.4376,1.8980,8.1292,0.4235,0.1667,0.1750,-0.1649,8.5472
AMAT,2009,Oct,17.3693,2.0128,5.0136,0.2854,-0.0785,0.0168,-0.3833,9.9131
AMAT,2010,Oct,16.3969,2.3791,9.5487,0.3891,0.1449,0.1627,0.9046,9.6594
AMAT,2011,Oct,16.4771,4.2960,10.5170,0.4146,0.2280,0.2108,0.1014,10.1012
AMAT,2012,Oct,12.7551,-0.0090,8.7190,0.3800,0.0471,0.1937,-0.1710,8.7783
AMAT,2013,Oct,21.3140,-0.0550,7.5090,0.3983,0.0575,0.0567,-0.1388,15.0124
AMAT,2014,Oct,25.6387,1.2150,9.0720,0.4236,0.1675,0.1718,0.2082,18.1761
AMAT,2015,Oct,18.8918,0.4230,9.6590,0.4092,0.1753,0.0981,0.0647,14.5159
AMAT,2016,Oct,30.8545,0.4060,10.8250,0.4167,0.1988,0.2044,0.1207,25.7875
AMAT,2017,Oct,59.8840,1.9720,14.5370,0.4493,0.2661,0.2245,0.3429,51.5512
AMAT,2018,Oct,31.0205,-1.2790,16.7050,0.4679,0.2871,0.1895,0.1491,29.7845
AMAT,2019,Oct,51.0007,-1.6950,14.6080,0.4372,0.2293,0.1921,-0.1255,52.3379
AMAT,2020,Oct,55.7293,0.2900,17.2020,0.4472,0.2537,0.1966,0.1776,58.0511
AMAT,2021,Oct,121.4153,0.0070,23.0630,0.4732,0.2987,0.2070,0.3407,131.2530
AMAT,2022,Oct,75.7362,-2.8760,25.7850,0.4651,0.3020,0.1789,0.1180,86.9044
AMAT,2023,Oct,109.1191,1.4080,26.5170,0.4670,0.2886,0.2864,0.0284,128.3949
AMAT,2024,Oct,151.7685,3.3110,27.1760,0.4746,0.2895,0.2755,0.0249,183.7802
AMAT,2025,Oct,181.3858,2.1180,28.3680,0.4867,0.2922,0.2009,0.0439,227.7350
AMD,2010,Dec,5.5092,-0.4030,6.4940,0.4560,0.1306,-0.0862,,8.0400
AMD,2011,Dec,3.7718,-0.3000,6.5680,0.4476,0.0560,0.0201,0.0114,5.4000
AMD,2012,Dec,1.6281,-1.0400,5.4220,0.2278,-0.1948,-0.0869,-0.1745,2.2800
AMD,2013,Dec,2.7447,-0.9440,5.2990,0.3733,0.0194,-0.0438,-0.0227,3.7800
AMD,2014,Dec,2.0598,-1.1570,5.5060,0.3340,-0.0282,-0.0351,0.0391,2.6500
AMD,2015,Dec,2.3163,-1.4700,3.9910,0.2706,-0.1205,-0.0807,-0.2752,2.9200
AMD,2016,Dec,10.6682,-0.1710,4.3190,0.2311,-0.0861,0.0030,0.0822,11.3400
AMD,2017,Dec,9.9625,-0.2100,5.2530,0.3470,0.0388,-0.0086,0.2163,10.2800
AMD,2018,Dec,17.9144,-0.0940,6.4750,0.3779,0.0697,-0.0199,0.2326,17.8200
AMD,2019,Dec,54.0150,1.0170,6.7310,0.4261,0.0937,0.0410,0.0395,46.1800
AMD,2020,Dec,111.2076,1.9600,9.7630,0.4453,0.1402,0.0796,0.4505,91.8100
AMD,2021,Dec,175.2662,3.2950,16.4340,0.4825,0.2220,0.1959,0.6833,146.1400
AMD,2022,Dec,104.3696,3.3880,23.6010,0.4493,0.0536,0.1320,0.4361,64.7700
AMD,2023,Dec,238.1831,3.3050,22.6800,0.4612,0.0177,0.0494,-0.0390,147.4100
AMD,2024,Dec,202.8676,3.4110,25.7850,0.4935,0.0737,0.0933,0.1369,125.1900
AMD,2025,Dec,350.5220,7.3300,34.6390,0.4952,0.1066,0.1944,0.3434,214.9900
AMZN,2007,Dec,38.2603,2.5390,14.8350,0.2260,0.0442,0.0796,,4.6320
AMZN,2008,Dec,21.6914,3.3180,19.1660,0.2228,0.0439,0.0712,0.2919,2.5640
AMZN,2009,Dec,59.8004,6.2570,24.5090,0.2257,0.0461,0.1191,0.2788,6.7260
AMZN,2010,Dec,81.1807,8.5780,34.2040,0.2235,0.0411,0.0736,0.3956,9.0000
AMZN,2011,Dec,78.7723,9.1920,48.0770,0.2244,0.0179,0.0435,0.4056,8.6550
AMZN,2012,Dec,114.0332,7.7570,61.0930,0.2475,0.0111,0.0065,0.2707,12.5435
AMZN,2013,Dec,183.1501,8.4800,74.4520,0.2723,0.0100,0.0273,0.2187,19.9395
AMZN,2014,Dec,144.1216,7.5350,88.9880,0.2948,0.0020,0.0219,0.1952,15.5175
AMZN,2015,Dec,318.2374,11.2460,107.0060,0.3304,0.0209,0.0685,0.2025,33.7945
AMZN,2016,Dec,357.8159,17.1430,135.9870,0.3509,0.0308,0.0714,0.2708,37.4935
AMZN,2017,Dec,566.1488,6.0440,177.8660,0.3707,0.0231,0.0364,0.3080,58.4735
AMZN,2018,Dec,737.7720,16.2850,232.8870,0.4025,0.0533,0.0743,0.3093,75.0985
AMZN,2019,Dec,919.8740,30.2010,280.5220,0.4099,0.0518,0.0772,0.2045,92.3920
AMZN,2020,Dec,1640.0751,51.2220,386.0640,0.3957,0.0593,0.0671,0.3762,162.8465
AMZN,2021,Dec,1696.6602,45.4960,469.8220,0.4203,0.0530,-0.0313,0.2170,166.7170
AMZN,2022,Dec,860.7698,-0.5160,513.9830,0.4381,0.0238,-0.0329,0.0940,84.0000
AMZN,2023,Dec,1578.2587,19.5980,574.7850,0.4698,0.0641,0.0561,0.1183,151.9400
AMZN,2024,Dec,2325.0358,43.2020,637.9590,0.4885,0.1075,0.0515,0.1099,219.3900
AMZN,2025,Dec,2477.8345,54.1930,716.9240,0.5029,0.1116,0.0107,0.1238,230.8200
ANET,2012,Dec,,0.0887,0.1934,0.6833,0.2063,0.1189,,
ANET,2013,Dec,,0.0149,0.3612,0.6604,0.1831,0.0397,0.8677,
ANET,2014,Dec,4.0250,0.2400,0.5841,0.6713,0.2149,0.1736,0.6170,3.7975
ANET,2015,Dec,5.3144,0.6873,0.8376,0.6490,0.1783,0.2156,0.4340,4.8650
ANET,2016,Dec,6.8718,0.5679,1.1292,0.6404,0.2156,0.0974,0.3481,6.0481
ANET,2017,Dec,17.4036,0.8592,1.6462,0.6450,0.2857,0.3744,0.4579,14.7238
ANET,2018,Dec,15.9565,0.6500,2.1514,0.6384,0.1271,0.2228,0.3069,13.1687
ANET,2019,Dec,15.5559,1.1113,2.4107,0.6406,0.3342,0.3929,0.1205,12.7125
ANET,2020,Dec,22.1797,0.8932,2.3175,0.6394,0.3019,0.3106,-0.0387,18.1606
ANET,2021,Dec,44.2414,0.6208,2.9480,0.6380,0.3137,0.3226,0.2721,35.9375
ANET,2022,Dec,37.1811,0.6717,4.3813,0.6107,0.3486,0.1023,0.4862,30.3375
ANET,2023,Dec,73.6283,1.9386,5.8602,0.6195,0.3852,0.3412,0.3375,58.8775
ANET,2024,Dec,139.3919,2.7624,7.0031,0.6413,0.4205,0.5249,0.1950,110.5300
ANET,2025,Dec,164.6442,1.9639,9.0057,0.6406,0.4282,0.4722,0.2860,131.0300
AVGO,2016,Oct,61.9821,3.0970,13.2400,0.4486,-0.0309,0.2030,,13.0418
AVGO,2017,Oct,102.4245,-6.3440,17.6360,0.4825,0.1351,0.3108,0.3320,19.8408
AVGO,2018,Nov,89.9132,-13.3170,20.8480,0.5148,0.2463,0.3955,0.1821,18.0622
AVGO,2019,Nov,117.9812,-28.0040,22.5970,0.5524,0.1524,0.4100,0.0839,25.2072
AVGO,2020,Nov,142.1991,-33.8800,23.8880,0.5658,0.1680,0.4855,0.0571,31.1220
AVGO,2021,Oct,219.5127,-27.5670,27.4500,0.6136,0.3103,0.4853,0.1491,48.8342
AVGO,2022,Oct,197.6184,-27.0620,33.2030,0.6655,0.4284,0.4913,0.2096,44.7466
AVGO,2023,Oct,392.4703,-24.9950,35.8190,0.6893,0.4525,0.4923,0.0788,81.4349
AVGO,2024,Nov,791.7882,-60.4990,51.5740,0.6303,0.2610,0.3764,0.4399,166.6104
AVGO,2025,Nov,1752.5171,-50.9420,63.8870,0.6777,0.3989,0.4213,0.2387,368.1518
BILL,2018,Jun,,0.0224,0.0649,0.7013,-0.1205,-0.1491,,
BILL,2019,Jun,,0.0903,0.1084,0.7239,-0.0905,-0.0618,0.6704,
BILL,2020,Jun,7.2331,0.5736,0.1576,0.7516,-0.2170,-0.1007,0.4545,90.2100
BILL,2021,Jun,17.3623,-0.4798,0.2383,0.7406,-0.4783,-0.0599,0.5118,183.1800
BILL,2022,Jun,11.5261,-0.1765,0.6420,0.7741,-0.4935,-0.0366,1.6943,109.9400
BILL,2023,Jun,12.4569,-0.2227,1.0585,0.8167,-0.2794,0.1702,0.6488,116.8500
BILL,2024,Jun,5.6138,0.0719,1.2902,0.8182,-0.1350,0.2153,0.2189,52.6200
BILL,2025,Jun,4.7013,-0.6761,1.4626,0.8140,-0.0551,0.2368,0.1336,46.2600
BMBL,2019,Dec,,0.0574,0.4889,0.7141,0.1907,,,
BMBL,2021,Dec,4.1115,-0.2694,0.7657,0.9995,-0.1759,,,33.8600
BMBL,2022,Dec,2.7243,-0.2303,0.9035,0.7239,-0.1138,,0.1800,21.0500
BMBL,2023,Dec,1.9890,-0.2714,1.0518,0.9807,0.0507,,0.1642,14.7400
BMBL,2024,Dec,0.9835,-0.4170,1.0716,0.9977,-0.6536,,0.0188,8.1400
BMBL,2025,Dec,0.3932,-0.4148,0.9657,0.7085,-0.8344,,-0.0989,3.5700
BYND,2017,Dec,,0.0390,0.0326,-0.0672,-0.8767,-1.0184,,
BYND,2018,Dec,,0.0239,0.0879,0.1999,-0.3183,-0.6817,1.6989,
BYND,2019,Dec,4.6755,0.2454,0.2979,0.3349,-0.0016,-0.2376,2.3877,75.6000
BYND,2020,Dec,7.8675,0.1341,0.4068,0.3006,-0.1213,-0.2402,0.3655,125.0000
BYND,2021,Dec,4.1348,-0.3964,0.4647,0.2524,-0.3764,-0.9411,0.1424,65.1600
BYND,2022,Dec,0.7890,-0.8237,0.4189,-0.0567,-0.8182,-0.9327,-0.0985,12.3100
BYND,2023,Dec,0.5756,-0.9470,0.3434,-0.2407,-0.9957,-0.3448,-0.1804,8.9000
BYND,2024,Dec,0.2863,-1.0096,0.3265,0.1277,-0.4782,-0.3364,-0.0493,3.7600
BYND,2025,Dec,0.3801,-0.2119,0.2755,0.0278,-1.2110,-0.5707,-0.1561,0.8200
CDNS,2009,Jan,0.9766,0.5683,1.0386,0.9516,-1.5148,-0.0260,,3.8400
CDNS,2010,Jan,1.5441,0.1353,0.8526,0.9623,-0.1450,-0.0184,-0.1791,5.9900
CDNS,2011,Jan,2.2177,0.0205,0.9360,0.9664,-0.0309,0.1756,0.0977,8.2600
CDNS,2012,Dec,3.7862,0.3800,1.3264,0.9447,0.1596,0.2111,0.4172,13.4400
CDNS,2013,Dec,4.0271,0.3082,1.4601,,0.1294,0.2210,0.1008,13.9300
CDNS,2015,Jan,5.5045,0.6801,1.5809,,0.1307,0.1752,,18.8300
CDNS,2016,Dec,7.0306,0.7112,1.8161,,0.1572,0.1836,0.1487,25.2200
CDNS,2017,Dec,11.8296,0.6925,1.9430,,0.1667,0.2125,0.0699,41.8200
CDNS,2018,Dec,12.1519,0.5333,2.1380,,0.1853,0.2541,0.1004,43.3400
CDNS,2019,Dec,19.6930,0.7052,2.3363,,0.2105,0.2804,0.0927,70.2900
CDNS,2021,Jan,38.0604,0.9284,2.6829,,0.2406,0.3020,,136.4300
CDNS,2022,Jan,51.6816,1.0934,2.9882,,0.2607,0.3466,0.1138,186.3500
CDNS,2023,Dec,74.1497,1.1385,4.0900,,0.3059,0.3049,0.3687,272.3700
CDNS,2024,Dec,82.3585,2.7847,4.6413,,0.2910,0.2409,0.1348,300.4600
CDNS,2025,Dec,85.2252,3.1555,5.2968,,0.2817,0.2996,0.1412,312.5800
CELH,2017,Dec,0.2413,0.0142,0.0362,0.4267,-0.2234,-0.2341,,1.7500
CELH,2018,Dec,0.1985,0.0033,0.0526,0.4004,-0.2023,-0.2235,0.4546,1.1567
CELH,2019,Dec,0.3344,0.0145,0.0751,0.4165,-0.0193,0.0127,0.4285,1.6100
CELH,2020,Dec,3.6518,0.0432,0.1307,0.4664,0.0605,0.0216,0.7396,16.7700
CELH,2021,Dec,5.6179,0.0163,0.3143,0.4078,-0.0130,-0.3174,1.4041,24.8567
CELH,2022,Dec,7.9806,0.6142,0.6536,0.4144,-0.2414,0.1529,1.0797,34.6800
CELH,2023,Dec,12.6919,0.7560,1.3180,0.4804,0.2021,0.0939,1.0165,54.5200
CELH,2024,Dec,6.1933,0.8902,1.3556,0.5018,0.1149,0.1767,0.0285,26.3400
CELH,2025,Dec,11.7541,-0.2781,2.5153,0.5039,0.0561,0.1286,0.8554,45.7400
CHWY,2018,Jan,,0.0688,2.1043,0.1747,-0.1606,-0.0570,,
CHWY,2019,Feb,,0.0883,3.5328,0.2023,-0.0758,-0.0163,0.6789,
CHWY,2020,Feb,10.5578,0.2121,4.8467,0.2360,-0.0521,-0.0004,0.3719,26.5100
CHWY,2021,Jan,41.4652,0.5633,7.1463,0.2548,-0.0127,0.0003,0.4744,101.8200
CHWY,2022,Jan,18.3367,0.6031,8.8908,0.2670,-0.0081,0.0010,0.2441,43.9500
CHWY,2023,Jan,19.3892,0.6774,10.0989,0.2803,0.0055,0.0118,0.1359,45.9100
CHWY,2024,Jan,8.3229,1.1340,11.1477,0.2836,-0.0021,0.0308,0.1039,19.3800
CHWY,2025,Feb,16.4243,0.5967,11.8613,0.2924,0.0095,0.0381,0.0640,38.9800
CHWY,2026,Feb,12.0545,0.8788,12.6015,0.2979,0.0202,0.0446,0.0624,29.1100
CMG,2016,Dec,10.8151,0.4177,3.9044,,0.0089,0.0247,,7.5464
CMG,2017,Dec,8.0727,0.5090,4.4764,,0.0605,0.0562,0.1465,5.7806
CMG,2018,Dec,11.9430,0.6768,4.8650,,0.0531,0.0687,0.0868,8.6358
CMG,2019,Dec,23.2448,0.8808,5.5864,,0.0795,0.0694,0.1483,16.7422
CMG,2020,Dec,39.0277,0.9516,5.9846,,0.0485,0.0485,0.0713,27.7342
CMG,2021,Dec,49.0069,1.0763,7.5471,,0.1067,0.1112,0.2611,34.9650
CMG,2022,Dec,38.3250,0.8991,8.6347,,0.1344,0.0977,0.1441,27.7498
CMG,2023,Dec,62.7111,1.2954,9.8716,,0.1578,0.1239,0.1433,45.7392
CMG,2024,Dec,81.7268,1.4229,11.3139,,0.1694,0.1336,0.1461,60.3000
CMG,2025,Dec,48.1897,1.0491,11.9256,,0.1623,0.1214,0.0541,37.0000
COST,2008,Aug,29.1337,2.6190,72.4830,0.1239,0.0272,0.0084,,46.6435
COST,2009,Aug,22.7443,1.5170,71.4220,0.1272,0.0249,0.0118,-0.0146,36.5251
COST,2010,Aug,24.2928,2.6080,77.9460,0.1277,0.0266,0.0221,0.0913,40.1694
COST,2011,Aug,33.4601,3.4600,88.9150,0.1257,0.0274,0.0215,0.1407,55.8662
COST,2012,Sep,42.3214,3.4720,99.1370,0.1242,0.0278,0.0159,0.1150,71.6610
COST,2013,Sep,48.8785,1.1260,105.1560,0.1256,0.0290,0.0129,0.0607,88.6702
COST,2014,Aug,53.0042,2.2220,112.6400,0.1259,0.0286,0.0177,0.0712,97.0627
COST,2015,Aug,61.2151,0.2720,116.1990,0.1302,0.0312,0.0163,0.0316,117.1263
COST,2016,Aug,71.6582,-0.4320,118.7190,0.1332,0.0309,0.0054,0.0217,138.7028
COST,2017,Sep,69.1492,-0.8800,129.0250,0.1329,0.0319,0.0327,0.0868,140.9608
COST,2018,Sep,102.1595,0.6820,141.5760,0.1301,0.0316,0.0198,0.0973,209.9758
COST,2019,Sep,129.5933,2.5920,152.7030,0.1298,0.0310,0.0220,0.0786,268.1470
COST,2020,Aug,153.7106,5.6480,166.7610,0.1309,0.0326,0.0363,0.0921,319.6881
COST,2021,Aug,198.9709,4.6440,195.9290,0.1288,0.0342,0.0274,0.1749,427.4533
COST,2022,Aug,235.3857,4.4920,226.9540,0.1215,0.0343,0.0154,0.1583,508.0749
COST,2023,Sep,240.9616,8.7760,242.2900,0.1226,0.0335,0.0278,0.0676,523.8715
COST,2024,Sep,395.3900,5.2470,254.4530,0.1261,0.0365,0.0261,0.0502,884.0773
COST,2025,Aug,418.0598,9.4960,275.2350,0.1284,0.0377,0.0285,0.0817,939.3392
CRM,2008,Jan,6.0652,0.2791,0.7487,0.7708,0.0271,0.2147,,12.7897
CRM,2009,Jan,3.2247,0.6976,1.0768,0.7952,0.0592,0.1565,0.4382,6.5562
CRM,2010,Jan,8.0836,0.7918,1.3056,0.8024,0.0883,0.1662,0.2125,15.6576
CRM,2011,Jan,17.1627,0.0244,1.6571,0.8046,0.0588,0.2222,0.2693,31.8179
CRM,2012,Jan,16.0016,0.2817,2.2665,0.7843,-0.0155,0.1941,0.3677,28.7775
CRM,2013,Jan,25.1998,0.8676,3.0502,0.7759,-0.0363,0.1840,0.3458,42.4099
CRM,2014,Jan,36.9294,0.5538,4.0710,0.7621,-0.0703,0.1416,0.3347,59.6542
CRM,2015,Jan,36.7264,-0.0753,5.3736,0.7601,-0.0271,0.1644,0.3200,55.6332
CRM,2016,Jan,45.6615,0.2463,6.6672,0.7518,0.0172,0.1992,0.2407,67.0752
CRM,2017,Jan,55.9632,-0.4018,8.4370,0.7299,0.0076,0.2013,0.2654,77.9555
CRM,2018,Jan,83.3252,0.8167,10.5400,0.7312,0.0224,0.2091,0.2493,112.2618
CRM,2019,Jan,117.1689,-0.5290,13.2820,0.7402,0.0403,0.2110,0.2602,149.7711
CRM,2020,Jan,163.1674,1.4510,17.0980,0.7523,0.0174,0.2157,0.2873,179.6721
CRM,2021,Jan,207.7408,3.5050,21.2520,0.7441,0.0214,0.1925,0.2430,222.2963
CRM,2022,Jan,230.3037,-5.1320,26.4920,0.7348,0.0207,0.1994,0.2466,229.2640
CRM,2023,Jan,167.9700,-3.5850,31.3520,0.7334,0.0329,0.2014,0.1835,165.5396
CRM,2024,Jan,272.6573,-0.9540,34.8570,0.7550,0.1438,0.2725,0.1118,277.0229
CRM,2025,Jan,328.3737,0.4150,37.8950,0.7719,0.1901,0.3281,0.0872,338.6368
CRM,2026,Jan,195.9437,-7.1120,41.5250,0.7768,0.2006,0.3468,0.0958,211.7604
CROX,2009,Dec,,0.0773,0.6458,0.4661,-0.0793,0.0636,,5.7500
CROX,2010,Dec,1.4996,0.1437,0.7897,0.5366,0.1026,0.0925,0.2229,17.1200
CROX,2011,Dec,1.3269,0.2565,1.0009,0.5359,0.1364,0.1146,0.2675,14.7700
CROX,2012,Dec,0.0000,0.2878,1.1233,0.5412,0.1301,0.0789,0.1223,14.3900
CROX,2013,Dec,1.4097,0.3004,1.1927,0.5225,0.0529,0.0361,0.0618,15.9200
CROX,2014,Dec,0.9722,0.2558,1.1982,0.4927,-0.0039,-0.0231,0.0046,12.4900
CROX,2015,Dec,0.7476,0.1369,1.0906,0.4684,-0.0663,-0.0029,-0.0898,10.2400
CROX,2016,Dec,0.5055,0.1452,1.0363,0.4827,-0.0059,0.0256,-0.0498,6.8600
CROX,2017,Dec,0.8700,0.1715,1.0235,0.5053,0.0169,0.0832,-0.0123,12.6400
CROX,2018,Dec,1.9053,0.0034,1.0882,0.5148,0.0578,0.0939,0.0632,25.9800
CROX,2019,Dec,2.8598,-0.0967,1.2306,0.5014,0.1045,0.0434,0.1308,41.8900
CROX,2020,Dec,4.1005,-0.0442,1.3860,0.5411,0.1545,0.1622,0.1262,62.6600
CROX,2021,Dec,7.4821,-0.5582,2.3134,0.6139,0.2953,0.2210,0.6692,128.2200
CROX,2022,Dec,6.6957,-2.1308,3.5550,0.5233,0.2393,0.1404,0.5367,108.4300
CROX,2023,Dec,5.6512,-1.5150,3.9623,0.5578,0.2617,0.2056,0.1146,93.4100
CROX,2024,Dec,6.1398,-1.1689,4.1021,0.5876,0.2491,0.2250,0.0353,109.5300
CROX,2025,Dec,4.2960,-1.1005,4.0406,0.5833,0.0370,0.1631,-0.0150,85.5200
CRWD,2018,Jan,,0.0632,0.1188,0.5412,-1.1068,-0.6878,,
CRWD,2019,Jan,,0.1917,0.2498,0.6508,-0.5478,-0.2354,1.1037,
CRWD,2020,Jan,9.0451,0.9121,0.4814,0.7058,-0.3034,0.0410,0.9270,61.0900
CRWD,2021,Jan,46.9917,1.1806,0.8744,0.7375,-0.1058,0.3474,0.8164,215.8000
CRWD,2022,Jan,41.0309,1.2571,1.4516,0.7360,-0.0982,0.3187,0.6600,180.6400
CRWD,2023,Jan,24.6894,1.9644,2.2412,0.7317,-0.0848,0.3150,0.5440,105.9000
CRWD,2024,Jan,69.8013,2.7322,3.0556,0.7527,-0.0007,0.3239,0.3633,292.5000
CRWD,2025,Jan,99.2182,3.5793,3.9536,0.7492,-0.0305,0.2850,0.2939,398.0700
CRWD,2026,Jan,112.3662,4.4847,4.8120,0.7467,-0.0610,0.2723,0.2171,441.4050
CSCO,2008,Jul,134.2660,5.1910,39.5400,0.6410,0.2388,0.2737,,14.4351
CSCO,2009,Jul,125.8666,24.7060,36.1170,0.6394,0.2027,0.2462,-0.0866,14.0812
CSCO,2010,Jul,128.8521,24.5770,40.0400,0.6404,0.2289,0.2289,0.1086,14.8470
CSCO,2011,Jul,85.9642,27.7630,43.2180,0.6140,0.1776,0.2060,0.0794,10.3529
CSCO,2012,Jul,83.0011,32.4190,46.0610,0.6124,0.2185,0.2250,0.0658,10.3327
CSCO,2013,Jul,136.7195,34.4090,48.6070,0.6057,0.2303,0.2414,0.0553,17.3012
CSCO,2014,Jul,132.4263,31.1730,47.1420,0.5891,0.1982,0.2345,-0.0301,18.1750
CSCO,2015,Jul,143.7407,35.0650,49.1610,0.6038,0.2191,0.2304,0.0428,20.4757
CSCO,2016,Jul,153.0882,37.1140,49.2470,0.6287,0.2571,0.2523,0.0017,22.7719
CSCO,2017,Jul,156.0857,40.0200,48.0050,0.6296,0.2494,0.2690,-0.0252,24.3418
CSCO,2018,Jul,194.6017,20.9790,49.3300,0.6204,0.2495,0.2601,0.0276,33.9377
CSCO,2019,Jul,239.9863,12.9400,51.9040,0.6294,0.2739,0.2875,0.0522,46.3028
CSCO,2020,Jul,196.4309,14.8360,49.3010,0.6426,0.2763,0.2973,-0.0502,39.2474
CSCO,2021,Jul,233.5360,12.9920,49.8180,0.6402,0.2576,0.2963,0.0105,48.3262
CSCO,2022,Jul,186.4183,10.3520,51.5570,0.6255,0.2709,0.2473,0.0349,40.7387
CSCO,2023,Jul,211.2175,17.7550,56.9980,0.6273,0.2637,0.3340,0.1055,48.3054
CSCO,2024,Jul,191.0764,-2.2550,53.8030,0.6473,0.2264,0.1898,-0.0561,45.8274
CSCO,2025,Jul,271.5451,-8.5010,56.6540,0.6494,0.2076,0.2345,0.0530,67.5483
CVNA,2015,Dec,,0.0431,0.1304,0.0103,,-0.5173,,
CVNA,2016,Dec,,-0.1316,0.3651,0.0526,,-0.7662,1.8004,
CVNA,2017,Dec,,-0.1297,0.8589,0.0793,,-0.3242,1.3521,3.8240
CVNA,2018,Dec,,-0.5546,1.9555,0.1006,,-0.2854,1.2768,6.5420
CVNA,2019,Dec,4.3123,-1.4137,3.9399,0.1285,,-0.2507,1.0148,18.4100
CVNA,2020,Dec,15.5655,-1.3951,5.5866,0.1421,,-0.1733,0.4179,47.9080
CVNA,2021,Dec,19.1934,-4.9590,12.8140,0.1505,,-0.2459,1.2937,46.3580
CVNA,2022,Dec,0.4779,-7.7780,13.6040,0.0916,-0.1728,-0.1350,0.0617,0.9480
CVNA,2023,Dec,5.7876,-5.6630,10.7710,0.1601,-0.0074,0.0665,-0.2082,10.5880
CVNA,2024,Dec,24.8799,-3.8420,13.6730,0.2103,0.0724,0.0605,0.2694,40.6720
CVNA,2025,Dec,58.0843,-2.7140,20.3220,0.2063,0.0926,0.0437,0.4863,84.4040
DASH,2018,Dec,,0.2150,0.2910,0.2165,-0.7216,-0.5911,,
DASH,2019,Dec,,0.2570,0.8850,0.4090,-0.6960,-0.6158,2.0412,
DASH,2020,Dec,8.9062,3.9810,2.8860,0.5260,-0.1511,0.0506,2.2610,142.7500
DASH,2021,Dec,50.1565,2.5040,4.8880,0.5217,-0.0925,0.1152,0.6937,148.9000
DASH,2022,Dec,18.1324,1.9770,6.5830,0.4550,-0.1707,0.0290,0.3468,48.8200
DASH,2023,Dec,38.8586,2.6560,8.6350,0.4686,-0.0671,0.1795,0.3117,98.8900
DASH,2024,Dec,69.0377,4.0190,10.7220,0.4831,-0.0035,0.1891,0.2417,167.7500
DASH,2025,Dec,96.7167,1.6540,13.7170,0.5088,0.0527,0.1585,0.2793,226.4800
DBX,2016,Dec,,0.3527,0.8448,0.5376,-0.2290,0.1626,,
DBX,2017,Dec,,0.4300,1.1068,0.6667,-0.1027,0.2756,0.3101,
DBX,2018,Dec,7.3262,0.5193,1.3917,0.7164,-0.3550,0.2604,0.2574,20.4300
DBX,2019,Dec,7.3718,0.5513,1.6613,0.7526,-0.0485,0.2362,0.1937,17.9100
DBX,2020,Dec,9.1933,0.3149,1.9139,0.7834,-0.1447,0.2564,0.1520,22.1900
DBX,2021,Dec,9.5215,-0.8373,2.1579,0.7942,0.1272,0.3280,0.1275,24.5400
DBX,2022,Dec,8.0837,-1.1412,2.3249,0.8089,0.0780,0.3284,0.0774,22.3800
DBX,2023,Dec,10.0586,-0.7629,2.5016,0.8087,0.2153,0.3036,0.0760,29.4800
DBX,2024,Dec,9.5587,-0.0533,2.5482,0.8253,0.1908,0.3420,0.0186,30.0400
DBX,2025,Dec,7.4587,-0.4940,2.5210,0.8013,0.2733,0.3692,-0.0107,27.8000
DDOG,2017,Dec,,0.0600,0.1008,0.7676,-0.0293,0.1139,,
DDOG,2018,Dec,,0.0536,0.1981,0.7651,-0.0557,0.0059,0.9658,
DDOG,2019,Dec,,0.5973,0.3628,0.7548,-0.0555,0.0301,0.8315,37.7800
DDOG,2020,Dec,29.5665,-0.3509,0.6035,0.7843,-0.0228,0.1718,0.6634,98.4400
DDOG,2021,Dec,55.0445,-0.4645,1.0288,0.7723,-0.0186,0.2689,0.7048,178.1100
DDOG,2022,Dec,23.1826,-0.3999,1.6751,0.7930,-0.0350,0.2287,0.6282,73.5000
DDOG,2023,Dec,39.3311,-0.4119,2.1284,0.8074,-0.0157,0.2971,0.2706,121.3800
DDOG,2024,Dec,48.0356,-0.3663,2.6843,0.8079,0.0202,0.3114,0.2612,142.8900
DDOG,2025,Dec,47.2306,-0.5821,3.4272,0.7996,-0.0129,0.2919,0.2768,135.9900
DECK,2017,Mar,1.9108,0.2912,1.7901,0.4666,-0.0011,0.0865,,9.9550
DECK,2018,Mar,2.7412,0.4294,1.9033,0.4895,0.1169,0.1537,0.0632,15.0050
DECK,2019,Mar,4.2836,0.5891,2.0204,0.5149,0.1620,0.1635,0.0615,24.4983
DECK,2020,Mar,3.7519,0.6488,2.1327,0.5175,0.1585,0.1190,0.0556,22.3333
DECK,2021,Mar,9.1900,1.0894,2.5456,0.5398,0.1981,0.2216,0.1936,55.0700
DECK,2022,Mar,7.3343,0.8435,3.1503,0.5103,0.1793,0.0385,0.2375,45.6283
DECK,2023,Mar,11.7602,0.9818,3.6273,0.5032,0.1800,0.1258,0.1514,74.9250
DECK,2024,Mar,23.9480,1.5021,4.2878,0.5563,0.2163,0.2201,0.1821,156.8767
DECK,2025,Mar,16.7084,1.8892,4.9856,0.5788,0.2365,0.1922,0.1628,111.8100
DECK,2026,Mar,13.9006,1.9072,5.4723,0.5770,0.2308,0.2005,0.0976,100.0900
DKNG,2020,Dec,14.2284,1.8173,0.6145,0.4360,-1.3722,-0.3351,,46.5600
DKNG,2021,Dec,11.0565,0.9044,1.2960,0.3872,-1.2049,-0.3360,1.1090,27.4700
DKNG,2022,Dec,4.9719,0.0581,2.2405,0.3375,-0.6748,-0.2937,0.7287,11.3900
DKNG,2023,Dec,16.3066,0.0167,3.6654,0.3746,-0.2153,-0.0062,0.6360,35.2500
DKNG,2024,Dec,17.9287,-0.4681,4.7677,0.3811,-0.1277,0.0855,0.3007,37.2000
DKNG,2025,Dec,17.0797,-0.1316,6.0545,0.4125,-0.0026,0.1069,0.2699,34.4600
DOCU,2017,Jan,,0.1912,0.3815,0.7314,-0.3036,-0.1261,,
DOCU,2018,Jan,,0.2569,0.5185,0.7719,-0.0996,0.0695,0.3593,
DOCU,2019,Jan,8.4016,0.0789,0.7010,0.7255,-0.6082,0.0652,0.3519,49.4500
DOCU,2020,Jan,14.2461,-0.2241,0.9740,0.7503,-0.1987,0.0448,0.3895,78.5100
DOCU,2021,Jan,44.9682,-0.1476,1.4530,0.7495,-0.1196,0.1477,0.4919,232.8900
DOCU,2022,Jan,25.0117,-0.2094,2.1072,0.7786,-0.0294,0.2112,0.4502,125.7700
DOCU,2023,Jan,12.2435,-0.0010,2.5159,0.7869,-0.0350,0.1706,0.1940,60.6400
DOCU,2024,Jan,12.5139,0.7971,2.7619,0.7927,0.0115,0.3212,0.0978,60.9200
DOCU,2025,Jan,19.5868,0.6486,2.9767,0.7912,0.0672,0.3092,0.0778,96.7300
DOCU,2026,Jan,10.2152,0.6024,3.2195,0.7940,0.0927,0.3288,0.0816,52.5400
DT,2018,Mar,,0.0776,0.3980,0.7575,-0.0547,0.2694,,
DT,2019,Mar,,-0.9700,0.4310,0.7522,-0.1687,0.3243,0.0827,
DT,2020,Mar,6.6959,-0.3080,0.5458,0.7638,-0.3150,-0.2971,0.2665,23.8400
DT,2021,Mar,13.6835,-0.0670,0.7035,0.8185,0.1306,0.2933,0.2889,48.2400
DT,2022,Mar,13.5103,0.1890,0.9294,0.8140,0.0875,0.2509,0.3212,47.1000
DT,2023,Mar,12.3083,0.5553,1.1585,0.8076,0.0801,0.2877,0.2465,42.3000
DT,2024,Mar,13.8084,0.8369,1.4305,0.8137,0.0898,0.2458,0.2348,46.4400
DT,2025,Mar,14.1293,1.1132,1.6987,0.8115,0.1056,0.2551,0.1875,47.1500
DT,2026,Mar,10.7788,1.0972,2.0184,0.8156,0.1216,0.2624,0.1882,36.9800
DXCM,2009,Dec,,0.0036,0.0297,0.1233,-1.5436,-1.4273,,2.0175
DXCM,2010,Dec,0.7767,0.0049,0.0486,0.3792,-0.9313,-1.0186,0.6378,3.4125
DXCM,2011,Dec,0.6296,0.0026,0.0763,0.4700,-0.5880,-0.5000,0.5683,2.3275
DXCM,2012,Dec,0.9456,0.0011,0.0999,0.4665,-0.5576,-0.4264,0.3099,3.3975
DXCM,2013,Dec,2.5782,0.0364,0.1600,0.6256,-0.1806,-0.0344,0.6016,8.8525
DXCM,2014,Dec,4.2672,0.0672,0.2592,0.6802,-0.0829,0.0285,0.6200,13.7625
DXCM,2015,Dec,6.6946,0.0838,0.4020,0.6925,-0.1420,0.0391,0.5509,20.4750
DXCM,2016,Dec,5.0635,0.1178,0.5733,0.6600,-0.1115,0.0009,0.4261,14.9250
DXCM,2017,Dec,4.9928,0.2066,0.7185,0.6849,-0.0592,0.0362,0.2533,14.3475
DXCM,2018,Dec,10.7822,0.1267,1.0316,0.6436,-0.1806,0.0544,0.4358,29.9500
DXCM,2019,Dec,20.0353,-0.6135,1.4760,0.6311,0.0964,0.0911,0.4308,54.6850
DXCM,2020,Dec,35.5587,-0.8496,1.9267,0.6644,0.1554,0.1436,0.3054,92.4300
DXCM,2021,Dec,52.1194,-0.6501,2.4485,0.6863,0.1086,0.0218,0.2708,134.2375
DXCM,2022,Dec,43.7575,-1.3280,2.9098,0.6472,0.1344,0.1047,0.1884,113.2400
DXCM,2023,Dec,47.8386,-1.8679,3.6223,0.6319,0.1650,0.1413,0.2449,124.0900
DXCM,2024,Dec,30.3903,-1.8353,4.0330,0.6046,0.1488,0.1564,0.1134,77.7700
DXCM,2025,Dec,25.5435,-0.3232,4.6620,0.6010,0.1956,0.2311,0.1560,66.3700
EBAY,2008,Dec,18.1962,3.3527,8.5413,0.7391,0.2430,0.2712,,5.1971
EBAY,2009,Dec,30.5656,4.9438,8.7274,0.7159,0.1669,0.2682,0.0218,8.7598
EBAY,2010,Dec,36.1336,4.8286,9.1563,0.7199,0.2243,0.2208,0.0491,10.3606
EBAY,2011,Dec,39.0321,3.8398,11.6517,0.7030,0.2037,0.1983,0.2725,11.2914
EBAY,2012,Dec,66.1221,4.8890,14.0720,0.7004,0.2052,0.1834,0.2077,18.9865
EBAY,2013,Dec,71.0377,4.9020,16.0470,0.6862,0.2101,0.2334,0.1403,20.4272
EBAY,2014,Dec,67.9078,2.4710,17.9020,0.6798,0.1963,0.2461,0.1156,20.8925
EBAY,2015,Dec,32.3908,-0.6480,8.5920,0.7939,0.2557,0.3916,-0.5201,24.3073
EBAY,2016,Dec,32.2743,-1.8110,9.2980,0.7498,0.2501,0.2366,0.0822,26.2622
EBAY,2017,Dec,38.1959,-4.1520,9.9270,0.7399,0.2282,0.2498,0.0676,33.3828
EBAY,2018,Dec,25.6807,-4.3200,10.7460,0.7783,0.2068,0.1868,0.0825,24.8292
EBAY,2019,Dec,28.7465,-4.9350,10.8000,0.7678,0.2149,0.2370,0.0050,32.4234
EBAY,2020,Dec,34.1924,-3.9370,10.2710,0.7592,0.2639,0.1874,-0.0490,45.7684
EBAY,2021,Dec,39.0707,-1.7590,10.4200,0.7457,0.2805,0.2124,0.0145,61.2435
EBAY,2022,Dec,22.2644,-4.0920,9.7950,0.7264,0.2399,0.1843,-0.0600,38.9111
EBAY,2023,Dec,22.5952,-5.7380,10.1120,0.7198,0.1920,0.1948,0.0324,41.8884
EBAY,2024,Dec,28.8687,-4.5440,10.2830,0.7199,0.2254,0.1902,0.0169,60.6459
EBAY,2025,Dec,39.0208,-4.8790,11.1000,0.7145,0.2051,0.1292,0.0795,86.5698
EL,2009,Jun,6.4131,0.8645,7.3238,0.7431,0.0571,0.0568,,13.2053
EL,2010,Jun,11.0178,-0.1077,7.7958,0.7653,0.1013,0.0880,0.0644,22.7870
EL,2011,Jun,20.7224,0.0349,8.8100,0.7801,0.1237,0.0767,0.1301,43.4416
EL,2012,Jun,21.0364,0.0596,9.7136,0.7945,0.1350,0.0727,0.1026,45.1281
EL,2013,Jun,25.4925,0.1514,10.1817,0.8010,0.1499,0.0752,0.0482,55.8274
EL,2014,Jun,28.6792,0.2860,10.9688,0.8032,0.1666,0.0934,0.0773,63.7348
EL,2015,Jun,32.8701,-0.1122,10.7804,0.8051,0.1490,0.1364,-0.0172,75.2415
EL,2016,Jun,33.6774,-0.8581,11.2623,0.8063,0.1430,0.1122,0.0447,80.0698
EL,2017,Jun,35.2343,-1.8310,11.8240,0.7939,0.1431,0.1096,0.0499,85.7375
EL,2018,Jun,52.5099,-0.8290,13.6830,0.7922,0.1500,0.1421,0.1572,128.9296
EL,2019,Jun,66.5605,-0.4250,14.8630,0.7721,0.1556,0.1193,0.0862,167.3084
EL,2020,Jun,68.0380,-1.1140,14.2940,0.7515,0.0424,0.1159,-0.0383,173.6302
EL,2021,Jun,115.4312,-0.6110,16.2150,0.7636,0.1615,0.1846,0.1344,295.0323
EL,2022,Jun,91.6812,-1.4550,17.7370,0.7573,0.1787,0.1128,0.0939,238.0904
EL,2023,Jun,70.2844,-4.0850,15.9100,0.7131,0.0948,0.0458,-0.1030,185.7144
EL,2024,Jun,38.1976,-4.3760,15.6080,0.7166,0.0621,0.0923,-0.0190,102.5831
EL,2025,Jun,29.0961,-4.3960,14.3260,0.7397,-0.0548,0.0468,-0.0821,79.6323
ELF,2015,Dec,,-0.1449,0.1914,0.5241,0.1336,0.0751,,
ELF,2016,Dec,1.3213,-0.1495,0.2296,0.5760,0.1005,-0.0309,0.1993,28.9400
ELF,2017,Dec,1.0432,-0.1463,0.2699,0.6103,0.1233,0.0179,0.1756,22.3100
ELF,2018,Dec,0.4228,-0.1399,0.2674,0.6085,0.0978,0.1747,-0.0091,8.6600
ELF,2020,Mar,0.4921,-0.0925,0.2829,0.6403,0.1059,0.1234,,9.8400
ELF,2021,Mar,1.3858,-0.0688,0.3181,0.6482,0.0295,0.0723,0.1247,26.8300
ELF,2022,Mar,1.3502,-0.0535,0.3922,0.6419,0.0759,0.0375,0.2328,25.8300
ELF,2023,Mar,4.4360,0.0543,0.5788,0.6744,0.1177,0.1730,0.4761,82.3500
ELF,2024,Mar,10.9657,-0.1539,1.0239,0.7072,0.1462,0.0610,0.7689,196.0300
ELF,2025,Mar,3.5369,-0.1080,1.3135,0.7124,0.1203,0.0878,0.2828,62.7900
ELF,2026,Mar,3.6027,-0.5520,1.6365,0.7072,0.0450,0.1161,0.2459,60.6100
ESTC,2017,Apr,,0.0000,0.0882,0.7749,-0.5350,-0.1922,,
ESTC,2018,Apr,,0.0509,0.1599,0.7453,-0.3001,-0.1487,0.8138,
ESTC,2019,Apr,6.4465,0.2980,0.2717,0.7128,-0.3731,-0.1008,0.6985,85.5500
ESTC,2020,Apr,5.4700,0.2971,0.4276,0.7131,-0.4001,-0.0833,0.5741,64.1400
ESTC,2021,Apr,11.0371,0.4008,0.6085,0.7353,-0.2128,0.0306,0.4230,120.6200
ESTC,2022,Apr,7.2225,0.2944,0.8624,0.7308,-0.2014,0.0037,0.4172,76.1400
ESTC,2023,Apr,5.5756,0.0766,1.0690,0.7225,-0.2050,0.0308,0.2396,57.2500
ESTC,2024,Apr,10.3973,0.5158,1.2673,0.7395,-0.1025,0.1147,0.1855,102.2200
ESTC,2025,Apr,9.0971,0.8275,1.4833,0.7439,-0.0370,0.1765,0.1704,86.2000
ETSY,2013,Dec,,0.0368,0.1250,0.6178,0.0059,0.0702,,
ETSY,2014,Dec,,0.0697,0.1956,0.6235,-0.0320,0.0551,0.5645,
ETSY,2015,Dec,0.9309,0.2712,0.2735,0.6454,-0.0069,0.0662,0.3983,8.2600
ETSY,2016,Dec,1.3680,0.1816,0.3650,0.6621,0.0482,0.0295,0.3344,11.7800
ETSY,2017,Dec,2.4847,0.3154,0.4412,0.6578,0.0270,0.1439,0.2090,20.4500
ETSY,2018,Dec,5.6878,0.0905,0.6037,0.6840,0.1239,0.3278,0.3682,47.5700
ETSY,2019,Dec,5.2251,-0.3418,0.8184,0.6688,0.1085,0.2436,0.3556,44.3000
ETSY,2020,Dec,22.4254,0.1818,1.7256,0.7307,0.2457,0.3926,1.1086,177.9100
ETSY,2021,Dec,27.8126,-1.4952,2.3291,0.7190,0.2000,0.2749,0.3497,218.9400
ETSY,2022,Dec,14.9305,-1.3584,2.5661,0.7098,-0.2566,0.2624,0.1018,119.7800
ETSY,2023,Dec,9.6038,-1.3695,2.7484,0.6985,0.1018,0.2520,0.0710,81.0500
ETSY,2024,Dec,5.6631,-1.4769,2.8083,0.7242,0.1354,0.2629,0.0218,52.8900
ETSY,2025,Dec,5.3359,-1.5864,2.8835,0.7164,0.0923,0.2351,0.0268,55.4400
FTNT,2009,Dec,0.9254,0.2125,0.2521,0.7224,0.1005,0.2276,,1.7570
FTNT,2010,Dec,4.5525,0.3135,0.3247,0.7376,0.1704,0.3068,0.2879,3.2350
FTNT,2011,Dec,3.4103,0.3903,0.4336,0.7380,0.2050,0.2980,0.3353,4.3620
FTNT,2012,Dec,3.3970,0.4137,0.5336,0.7237,0.1883,0.3032,0.2308,4.2040
FTNT,2013,Dec,3115.3839,0.4914,0.6153,0.7064,0.1172,0.2170,0.1530,3.8260
FTNT,2014,Dec,5.1774,0.7200,0.7704,0.7001,0.0770,0.2134,0.2520,6.1320
FTNT,2015,Dec,5.3489,0.8914,1.0093,0.7159,0.0147,0.2429,0.3101,6.2340
FTNT,2016,Dec,5.2806,1.0855,1.2754,0.7351,0.0337,0.2184,0.2637,6.0240
FTNT,2017,Dec,7.3410,1.2513,1.4949,0.7423,0.0735,0.3071,0.1721,8.7380
FTNT,2018,Dec,12.0177,1.6496,1.8012,0.7499,0.1282,0.3253,0.2049,14.0860
FTNT,2019,Dec,18.4177,2.0656,2.1562,0.7654,0.1596,0.3320,0.1971,21.3520
FTNT,2020,Dec,24.2387,1.8373,2.5944,0.7803,0.2050,0.3692,0.2032,29.7060
FTNT,2021,Dec,57.7971,0.3307,3.3422,0.7657,0.1946,0.3602,0.2882,71.8800
FTNT,2022,Dec,38.3330,0.6925,4.4174,0.7544,0.2195,0.3281,0.3217,48.8900
FTNT,2023,Dec,44.6602,0.4056,5.3048,0.7668,0.2340,0.3264,0.2009,58.5300
FTNT,2024,Dec,72.6527,1.8816,5.9558,0.8056,0.3028,0.3155,0.1227,94.4800
FTNT,2025,Dec,58.7573,1.4990,6.7996,0.8046,0.3066,0.3273,0.1417,79.4100
GOOGL,2013,Dec,,18.8980,55.5190,0.6039,0.2774,0.2036,,27.8159
GOOGL,2014,Dec,360.9401,59.3940,66.0010,0.6107,0.2499,0.1730,0.1888,26.3155
GOOGL,2015,Dec,534.7636,67.8460,74.9890,0.6244,0.2582,0.2148,0.1362,38.5816
GOOGL,2016,Dec,547.8152,82.3330,90.2720,0.6108,0.2627,0.2861,0.2038,39.2977
GOOGL,2017,Dec,731.8844,97.8450,110.8550,0.5888,0.2359,0.2157,0.2280,52.2382
GOOGL,2018,Dec,726.8282,105.0780,136.8190,0.5648,0.1924,0.1669,0.2342,51.8197
GOOGL,2019,Dec,921.9490,114.9900,161.8570,0.5558,0.2115,0.1914,0.1830,66.4205
GOOGL,2020,Dec,1183.4211,121.3750,182.5270,0.5358,0.2259,0.2347,0.1277,86.9137
GOOGL,2021,Dec,1918.1911,124.2090,257.6370,0.5694,0.3055,0.2601,0.4115,143.6646
GOOGL,2022,Dec,1133.6673,98.4500,282.8360,0.5538,0.2646,0.2122,0.0978,87.5068
GOOGL,2023,Dec,1740.5374,96.0540,307.3940,0.5663,0.2742,0.2261,0.0868,138.5449
GOOGL,2024,Dec,2311.5423,83.6570,350.0180,0.5820,0.3211,0.2079,0.1387,188.4289
GOOGL,2025,Dec,3783.5440,77.7580,402.8360,0.5965,0.3203,0.1819,0.1509,312.7798
GTLB,2020,Jan,,0.3433,0.0812,0.8846,-1.5803,-0.7407,,
GTLB,2021,Jan,,0.2828,0.1522,0.8787,-1.4055,-0.4835,0.8735,
GTLB,2022,Jan,5.1051,0.9347,0.2527,0.8813,-0.5104,-0.2112,0.6603,64.0100
GTLB,2023,Jan,7.3328,0.2954,0.4243,0.8782,-0.4982,-0.1967,0.6795,49.4100
GTLB,2024,Jan,10.9711,0.2880,0.5799,0.8970,-0.3232,0.0577,0.3666,71.1100
GTLB,2025,Jan,11.6838,0.2276,0.7592,0.8879,-0.1880,-0.0892,0.3093,72.7600
GTLB,2026,Jan,5.8344,0.2296,0.9552,0.8736,-0.0738,0.2324,0.2581,34.9800
GTM,2018,Dec,,0.0090,0.1443,0.7380,0.1843,0.2717,,
GTM,2019,Dec,,-1.1619,0.2933,0.7661,0.1231,0.1050,1.0326,
GTM,2020,Dec,,-0.4445,0.4762,0.7743,0.0779,0.3209,0.6236,48.2300
GTM,2021,Dec,25.8920,-0.9062,0.7472,0.8171,0.1516,0.3691,0.5691,64.2000
GTM,2022,Dec,12.1732,-0.6900,1.0980,0.8284,0.1601,0.3535,0.4695,30.1100
GTM,2023,Dec,7.0207,-0.7031,1.2395,0.8563,0.2094,0.3295,0.1289,18.4900
GTM,2024,Dec,3.5975,-1.0878,1.2143,0.8437,0.0802,0.2508,-0.0203,10.5100
GTM,2025,Dec,3.1048,-1.1441,1.2495,0.8403,0.1806,0.3116,0.0290,10.1700
HOOD,2019,Dec,,0.6441,0.2775,,,4.5142,,
HOOD,2020,Dec,,1.4026,0.9588,,,1.9313,2.4548,
HOOD,2021,Dec,,6.2535,1.8151,,,-0.5222,0.8931,17.7600
HOOD,2022,Dec,7.1520,6.3390,1.3580,,,-0.6480,-0.2518,8.1400
HOOD,2023,Dec,11.3495,4.8350,1.8650,,,,0.3733,12.7400
HOOD,2024,Dec,32.8303,4.3320,2.9510,,,,0.5823,37.2600
HOOD,2025,Dec,100.4899,4.2610,4.4730,,,,0.5158,113.1000
HUBS,2012,Dec,,0.0411,0.0516,0.6737,,-0.1188,,
HUBS,2013,Dec,,0.0126,0.0776,0.6259,-0.4412,-0.3113,0.5044,
HUBS,2014,Dec,1.0587,0.1237,0.1159,0.6800,-0.4195,-0.1703,0.4926,33.6100
HUBS,2015,Dec,1.9544,0.0556,0.1819,0.7366,-0.2554,-0.0486,0.5702,56.3100
HUBS,2016,Dec,1.6995,0.0597,0.2710,0.7717,-0.1648,0.0132,0.4893,47.0000
HUBS,2017,Dec,3.3467,-0.2108,0.3756,0.7984,-0.1069,0.0781,0.3862,88.4000
HUBS,2018,Dec,4.9805,-0.2073,0.5130,0.8044,-0.0941,0.1219,0.3657,125.7300
HUBS,2019,Dec,6.8611,-0.0709,0.6749,0.8074,-0.0696,0.1165,0.3156,158.5000
HUBS,2020,Dec,18.3691,-0.1008,0.8830,0.8109,-0.0576,0.0585,0.3085,396.4400
HUBS,2021,Dec,31.3554,-0.0257,1.3007,0.8010,-0.0421,0.1615,0.4730,659.1500
HUBS,2022,Dec,14.2808,0.3310,1.7310,0.8184,-0.0630,0.1362,0.3308,289.1300
HUBS,2023,Dec,29.4186,0.3880,2.1702,0.8408,-0.0959,0.1462,0.2538,580.5400
HUBS,2024,Dec,36.3387,0.0545,2.6275,0.8503,-0.0257,0.2134,0.2107,696.7700
HUBS,2025,Dec,21.1648,0.8822,3.1313,0.8376,0.0024,0.2260,0.1917,401.3000
IBM,2007,Dec,155.0084,14.9910,98.7860,0.4224,,0.1160,,56.5737
IBM,2008,Dec,115.2459,-21.0180,103.6300,0.4406,,0.1413,0.0490,44.8160
IBM,2009,Dec,170.0395,-10.1800,95.7580,0.4572,,0.1809,-0.0760,71.0970
IBM,2010,Dec,178.9791,-14.2120,99.8700,0.4607,,0.1538,0.0429,81.2363
IBM,2011,Dec,213.0547,-15.2410,106.9160,0.4689,,0.1472,0.0706,103.5047
IBM,2012,Dec,213.4843,-18.5520,104.5070,0.4813,,0.1484,-0.0225,109.6373
IBM,2013,Dec,195.3243,-25.6440,99.7510,0.4863,,0.1390,-0.0455,109.4425
IBM,2014,Dec,158.5828,-31.1990,92.7930,0.5001,,0.1415,-0.0698,95.8857
IBM,2015,Dec,136.0269,-30.5050,81.7410,0.4977,,0.1643,-0.1191,84.9333
IBM,2016,Dec,156.5638,-32.3670,79.9190,0.4792,,0.1676,-0.0223,106.3458
IBM,2017,Dec,141.3256,-32.4720,79.1390,0.4578,,0.1705,-0.0098,102.1049
IBM,2018,Dec,101.1511,-31.2770,79.5910,0.4641,,0.1489,0.0057,79.0721
IBM,2019,Dec,119.0822,-54.7270,77.1470,0.4730,,0.1618,-0.0307,97.7142
IBM,2020,Dec,112.4856,-48.3260,73.6200,0.4832,,0.2116,-0.0457,96.5781
IBM,2021,Dec,120.2018,-45.0540,57.3500,0.5490,,0.1872,-0.2210,112.6611
IBM,2022,Dec,127.8021,-43.0630,60.5300,0.5400,,0.1502,0.0554,124.6449
IBM,2023,Dec,149.9336,-43.4790,61.8600,0.5545,,0.2051,0.0220,151.8783
IBM,2024,Dec,203.8405,-41.0260,62.7530,0.5665,,0.1976,0.0144,211.5215
IBM,2025,Dec,277.8552,-47.6730,67.5350,0.5819,,0.1792,0.0762,292.3788
IDXX,2008,Dec,2.1631,0.0789,1.0240,0.5173,0.1684,0.0521,,18.0400
IDXX,2009,Dec,3.1433,0.1016,1.0316,0.5101,0.1706,0.1205,0.0074,26.7250
IDXX,2010,Dec,3.9688,0.1526,1.1034,0.5244,0.1848,0.1268,0.0696,34.6100
IDXX,2011,Dec,4.2370,0.1805,1.2187,0.5305,0.1938,0.1380,0.1045,38.4800
IDXX,2012,Dec,5.0650,0.2215,1.2933,0.5406,0.2030,0.1274,0.0613,46.4000
IDXX,2013,Dec,5.4887,0.1277,1.3771,0.5491,0.1937,0.1223,0.0647,53.1850
IDXX,2014,Dec,6.9873,-0.0275,1.4858,0.5493,0.1752,0.1180,0.0790,74.1350
IDXX,2015,Dec,6.5364,-0.4681,1.6019,0.5558,0.1872,0.0833,0.0781,72.9200
IDXX,2016,Dec,10.3204,-0.4388,1.7754,0.5494,0.1973,0.1520,0.1083,117.2700
IDXX,2017,Dec,13.6243,-0.4189,1.9691,0.5573,0.2098,0.1518,0.1091,156.3800
IDXX,2018,Dec,15.9989,-0.4780,2.2132,0.5610,0.2220,0.1285,0.1240,186.0200
IDXX,2019,Dec,22.2821,-0.6091,2.4069,0.5673,0.2297,0.1264,0.0875,261.1300
IDXX,2020,Dec,42.7019,-0.5252,2.7067,0.5804,0.2566,0.1999,0.1245,499.8700
IDXX,2021,Dec,55.4747,-0.7063,3.2154,0.5876,0.2899,0.1978,0.1879,658.4600
IDXX,2022,Dec,33.8213,-0.6572,3.3673,0.5952,0.2669,0.1171,0.0473,407.9600
IDXX,2023,Dec,46.1188,-0.2443,3.6610,0.5982,0.2997,0.2111,0.0872,555.0500
IDXX,2024,Dec,33.6243,-0.3295,3.8975,0.6104,0.2895,0.2073,0.0646,413.4400
IDXX,2025,Dec,53.8681,-0.2699,4.3037,0.6180,0.3160,0.2456,0.1042,676.5300
ILMN,2008,Dec,2.9634,0.3270,0.5732,0.6160,0.1404,0.0492,,24.6693
ILMN,2010,Jan,3.7784,0.4033,0.6663,0.6812,0.1885,0.1794,,29.8444
ILMN,2011,Jan,8.0838,0.5827,0.9027,0.6663,0.2345,0.2468,0.3548,61.6148
ILMN,2012,Jan,3.7285,0.3472,1.0555,0.6718,0.1890,0.2656,0.1693,29.6498
ILMN,2013,Dec,14.1507,0.2970,1.4212,0.6416,0.0944,0.2162,0.3464,107.3735
ILMN,2014,Dec,27.0632,0.0473,1.8614,0.6972,0.2765,0.2124,0.3097,183.0739
ILMN,2016,Jan,28.2166,0.2956,2.2198,0.6980,0.2761,0.2328,,186.7218
ILMN,2017,Jan,18.7323,0.5097,2.3980,0.6949,0.2448,0.1782,0.0803,124.5525
ILMN,2018,Dec,43.8398,1.5150,3.3330,0.6901,0.2649,0.2538,0.3899,290.1070
ILMN,2019,Dec,48.8466,1.4350,3.5430,0.6963,0.2780,0.2377,0.0630,323.2393
ILMN,2021,Jan,53.9830,2.2880,3.2390,0.6801,0.1791,0.2751,,359.9222
ILMN,2022,Jan,59.7291,0.6370,4.5260,0.6969,-0.0272,0.0745,0.3973,370.0778
ILMN,2023,Jan,31.9476,1.2890,4.5840,0.6483,-0.9116,0.0231,0.0128,196.6926
ILMN,2024,Dec,21.4268,1.2200,4.3720,0.6544,-0.1905,0.1622,-0.0462,135.2700
ILMN,2025,Dec,20.6339,1.6330,4.3430,0.6608,0.1858,0.2144,-0.0066,134.9500
INTC,2007,Dec,155.6362,7.3070,38.3340,0.5192,0.2143,0.1989,,16.3102
INTC,2008,Dec,80.3013,2.0630,37.5860,0.5546,0.2382,0.1524,-0.0195,8.8783
INTC,2009,Dec,112.3029,1.7810,35.1270,0.5569,0.1626,0.1895,-0.0654,13.1633
INTC,2010,Dec,114.3699,3.3830,43.6230,0.6531,0.3573,0.2633,0.2419,13.9099
INTC,2011,Dec,121.1530,-2.2660,53.9990,0.6251,0.3237,0.1889,0.2379,16.7594
INTC,2012,Dec,100.0576,-4.9700,53.3410,0.6215,0.2744,0.1473,-0.0122,14.4669
INTC,2013,Dec,127.2832,-7.4910,52.7080,0.5980,0.2332,0.1910,-0.0119,19.0375
INTC,2014,Dec,177.8368,-10.6340,55.8700,0.6374,0.2747,0.1846,0.0600,28.8095
INTC,2015,Dec,165.2455,-7.3990,55.3550,0.6265,0.2529,0.2112,-0.0092,27.6452
INTC,2016,Dec,171.4846,-19.7770,59.3870,0.6094,0.2168,0.2051,0.0728,29.6104
INTC,2017,Dec,215.4749,-23.3430,62.7610,0.6225,0.2858,0.1646,0.0568,38.7511
INTC,2018,Dec,210.2347,-22.8400,70.8480,0.6173,0.3291,0.2011,0.1289,40.2340
INTC,2019,Dec,256.9622,-24.8090,71.9650,0.5856,0.3062,0.2353,0.0158,52.9961
INTC,2020,Dec,191.2454,-30.5360,77.8670,0.5601,0.3041,0.2713,0.0820,42.5525
INTC,2021,Dec,208.9343,-33.2740,79.0240,0.5545,0.2462,0.1425,0.0149,47.5883
INTC,2022,Dec,109.3409,-26.9630,63.0540,0.4261,0.0370,-0.1493,-0.2021,25.4859
INTC,2023,Dec,212.4570,-42.1870,54.2280,0.4004,0.0017,-0.2633,-0.1400,49.5859
INTC,2024,Dec,87.8990,-41.7620,53.1010,0.3266,-0.2199,-0.2948,-0.0208,20.3000
INTC,2025,Dec,180.8190,-32.3200,52.8530,0.3477,-0.0419,-0.0936,-0.0047,36.2000
INTU,2008,Jul,8.9916,0.4130,2.9930,0.9485,0.2152,0.1898,,24.0036
INTU,2009,Jul,9.4078,0.6790,3.1090,0.9498,0.2197,0.2190,0.0388,26.0852
INTU,2010,Jul,12.6220,-0.7840,3.4550,0.9583,0.2498,0.2674,0.1113,34.9120
INTU,2011,Jul,14.0480,-0.2770,3.8510,0.9626,0.2615,0.2334,0.1146,41.0161
INTU,2012,Jul,17.1374,-0.1060,4.1510,0.9651,0.2835,0.2676,0.0779,51.5270
INTU,2013,Jul,18.0710,0.5100,4.1710,0.9688,0.2956,0.2966,0.0048,57.3879
INTU,2014,Jul,23.4057,0.3500,4.5060,0.9687,0.2916,0.2978,0.0803,74.3499
INTU,2015,Jul,29.3307,0.3080,4.1920,0.9668,0.1760,0.3249,-0.0697,96.9856
INTU,2016,Jul,28.6285,-0.3740,4.6940,0.9721,0.2646,0.2098,0.1198,102.9921
INTU,2017,Jul,34.9849,0.0910,5.1770,0.9768,0.2695,0.2892,0.1029,128.8028
INTU,2018,Jul,52.8311,1.0760,5.9640,,0.2510,0.3478,0.1520,193.5200
INTU,2019,Jul,72.1210,1.6800,6.7840,,0.2733,0.3314,0.1375,264.8687
INTU,2020,Jul,80.2099,3.0730,7.6790,,0.2834,0.3067,0.1319,294.9292
INTU,2021,Jul,144.7305,0.5140,9.6330,,0.2595,0.3319,0.2545,513.2327
INTU,2022,Jul,128.5806,-4.1180,12.7260,,0.2020,0.2933,0.3211,444.1839
INTU,2023,Jul,143.4088,-3.2720,14.3680,,0.2186,0.3366,0.1290,501.9629
INTU,2024,Jul,181.4470,-2.4290,16.2850,,0.2229,0.2882,0.1334,638.8701
INTU,2025,Jul,218.8982,-3.0890,18.8310,,0.2614,0.3252,0.1563,779.8470
ISRG,2007,Dec,12.2194,0.1228,0.6008,0.6895,0.3441,0.3024,,35.8889
ISRG,2008,Dec,4.9370,0.4514,0.8749,0.7095,0.3553,0.1969,0.4562,14.1100
ISRG,2009,Dec,11.6835,0.5554,1.0522,0.7138,0.3587,0.3152,0.2026,33.7144
ISRG,2010,Dec,10.0178,0.9104,1.4130,0.7289,0.3929,0.3057,0.3429,28.6389
ISRG,2011,Dec,18.2178,1.0292,1.7573,0.7249,0.3954,0.3384,0.2437,51.4456
ISRG,2012,Dec,19.6771,1.3244,2.1788,0.7207,0.4030,0.3086,0.2399,54.4856
ISRG,2013,Dec,14.6609,1.4035,2.2651,0.7038,0.3764,0.3423,0.0396,42.6756
ISRG,2014,Dec,19.3591,1.2325,2.1317,0.6632,0.2556,0.2625,-0.0589,58.7711
ISRG,2015,Dec,20.4156,1.5598,2.3844,0.6618,0.3104,0.2898,0.1185,60.6844
ISRG,2016,Dec,24.5975,2.5546,2.7065,0.6984,0.3492,0.3654,0.1351,70.4633
ISRG,2017,Dec,40.9822,1.9606,3.1382,0.6992,0.3361,0.3037,0.1595,121.6467
ISRG,2018,Dec,54.8309,3.0631,3.7242,0.6992,0.3221,0.2637,0.1867,159.6400
ISRG,2019,Dec,68.5640,3.2217,4.4785,0.6945,0.3069,0.2618,0.2025,197.0500
ISRG,2020,Dec,96.3053,5.1114,4.3584,0.6565,0.2409,0.2623,-0.0268,272.7000
ISRG,2021,Dec,128.5374,4.2040,5.7101,0.6932,0.3189,0.3040,0.3101,359.3000
ISRG,2022,Dec,92.9759,4.1179,6.2222,0.6744,0.2535,0.1540,0.0897,265.3500
ISRG,2023,Dec,118.8606,5.2232,7.1241,0.6639,0.2480,0.1052,0.1449,337.3600
ISRG,2024,Dec,186.1607,4.0133,8.3521,0.6746,0.2812,0.1561,0.1724,521.9600
ISRG,2025,Dec,201.1316,5.9349,10.0647,0.6600,0.2927,0.2475,0.2051,566.3600
KLAC,2009,Jun,4.2989,0.5250,1.5202,0.4311,-0.3802,0.1141,,14.1126
KLAC,2010,Jun,4.6578,1.5340,1.8208,0.5520,0.1725,0.2294,0.1977,15.8818
KLAC,2011,Jun,6.7602,2.0385,3.1752,0.6034,0.3654,0.2431,0.7439,23.6650
KLAC,2012,Jun,8.2009,2.5344,3.1719,0.5807,0.3204,0.2787,-0.0010,29.7115
KLAC,2013,Jun,9.2362,2.9189,2.8428,0.5647,0.2567,0.2950,-0.1038,34.6766
KLAC,2014,Jun,12.0123,2.4075,2.9294,0.5791,0.2636,0.2428,0.0305,46.5248
KLAC,2015,Jun,8.8548,-0.8033,2.8140,0.5682,,0.1990,-0.0394,46.1215
KLAC,2016,Jun,11.4266,-0.5666,2.9845,0.6102,,0.2439,0.0606,62.1346
KLAC,2017,Jun,14.3525,0.0863,3.4800,0.6300,,0.2992,0.1660,79.6938
KLAC,2018,Jun,16.0077,0.6429,4.0367,0.6414,,0.2879,0.1600,91.5489
KLAC,2019,Jun,18.8241,-2.4074,4.5689,0.5908,,0.2237,0.1318,108.5947
KLAC,2020,Jun,30.2341,-2.2353,5.8064,0.5781,,0.2801,0.2709,182.3099
KLAC,2021,Jun,49.5189,-2.0082,6.9187,0.5993,,0.2823,0.1916,308.1841
KLAC,2022,Jun,45.2467,-5.0758,9.2119,0.6100,,0.3263,0.3314,306.9013
KLAC,2023,Jun,66.3120,-3.9629,10.4961,0.5981,,0.3171,0.1394,472.8543
KLAC,2024,Jun,110.8348,-4.6530,9.8122,0.5997,,0.3089,-0.0651,811.6794
KLAC,2025,Jun,118.2031,-3.8053,12.1562,0.6091,,0.3082,0.2389,890.0038
LRCX,2009,Jun,3.1110,0.3742,1.1159,0.3483,-0.2520,-0.1097,,2.1030
LRCX,2010,Jun,4.9499,0.8038,2.1338,0.4546,0.1994,0.1477,0.9121,3.4172
LRCX,2011,Jun,5.3500,1.2184,3.2377,0.4624,0.2484,0.2327,0.5174,3.6693
LRCX,2012,Jun,6.9185,1.2627,2.6652,0.4068,0.0892,0.1470,-0.1768,3.2219
LRCX,2013,Jun,7.2341,1.2068,3.5989,0.3899,0.0328,0.1554,0.3503,3.7644
LRCX,2014,Jun,10.8509,1.7421,4.6073,0.4357,0.1471,0.1241,0.2802,5.6998
LRCX,2015,Jun,13.1074,1.7244,5.2593,0.4343,0.1498,0.1117,0.1415,7.1287
LRCX,2016,Jun,13.1862,0.7136,5.8859,0.4449,0.1825,0.1996,0.1191,7.1909
LRCX,2017,Jun,24.6574,-0.3091,8.0136,0.4497,0.2374,0.2336,0.3615,13.4556
LRCX,2018,Jun,27.5292,2.1435,11.0770,0.4663,0.2901,0.2151,0.3823,15.6953
LRCX,2019,Jun,27.1491,-0.7718,9.6536,0.4515,0.2553,0.2976,-0.1285,17.3147
LRCX,2020,Jun,44.0545,-0.8803,10.0447,0.4588,0.2662,0.1915,0.0405,28.4276
LRCX,2021,Jun,89.4933,-0.5427,14.6262,0.4653,0.3064,0.2215,0.4561,59.8887
LRCX,2022,Jun,61.6705,-1.4405,17.2270,0.4569,0.3124,0.1482,0.1778,43.2478
LRCX,2023,Jun,80.6678,0.3717,17.4285,0.4462,0.2969,0.2684,0.0117,59.3032
LRCX,2024,Jun,138.2985,0.8805,14.9054,0.4732,0.2861,0.2855,-0.1448,104.7511
LRCX,2025,Jun,123.0184,1.9213,18.4356,0.4871,0.3201,0.2937,0.2368,96.7331
LULU,2009,Feb,0.4672,0.0568,0.3535,0.5066,0.1600,0.0167,,3.4000
LULU,2010,Jan,1.9839,0.1596,0.4529,0.4926,0.1911,0.2262,0.2812,14.1200
LULU,2011,Jan,3.6750,0.3163,0.7117,0.5549,0.2535,0.2103,0.5714,34.3050
LULU,2012,Jan,7.1208,0.4094,1.0008,0.5688,0.2867,0.0869,0.4063,64.1200
LULU,2013,Feb,7.6276,0.5902,1.3704,0.5567,0.2747,0.1364,0.3692,67.8600
LULU,2014,Feb,5.2731,0.6986,1.5912,0.5280,0.2460,0.1081,0.1611,45.6900
LULU,2015,Feb,8.7524,0.6645,1.7972,0.5087,0.2092,0.1083,0.1295,66.2400
LULU,2016,Jan,7.9136,0.5015,2.0605,0.4839,0.1791,0.0753,0.1465,62.0700
LULU,2017,Jan,8.5044,0.7348,2.3444,0.5117,0.1796,0.1005,0.1378,66.8200
LULU,2018,Jan,9.9387,0.9905,2.6492,0.5280,0.1721,0.1251,0.1300,79.0800
LULU,2019,Feb,18.0137,0.8813,3.2883,0.5523,0.2146,0.1572,0.2413,146.1200
LULU,2020,Feb,29.7119,1.0935,3.9793,0.5587,0.2234,0.0971,0.2101,239.3900
LULU,2021,Jan,41.1391,1.1505,4.4019,0.5598,0.1863,0.1304,0.1062,328.6800
LULU,2022,Jan,38.7654,1.2599,6.2566,0.5768,0.2131,0.1590,0.4214,315.9100
LULU,2023,Jan,37.9388,1.1549,8.1105,0.5539,0.1638,0.0404,0.2963,310.8500
LULU,2024,Jan,57.7901,2.2440,9.6193,0.5831,0.2217,0.1709,0.1860,478.0300
LULU,2025,Feb,47.8489,1.9843,10.5881,0.5922,0.2367,0.1496,0.1007,414.2000
LULU,2026,Feb,19.2792,1.8072,11.1026,0.5660,0.1991,0.0830,0.0486,174.5000
LYFT,2017,Dec,,1.1061,1.0599,0.3777,-0.6683,,,
LYFT,2018,Dec,,2.0379,2.1566,0.4234,-0.4534,,1.0348,
LYFT,2019,Dec,9.7870,2.8501,3.6160,0.3981,-0.7474,,0.6767,43.0200
LYFT,2020,Dec,15.3372,1.5711,2.2087,0.3446,-0.8188,,-0.3892,49.1300
LYFT,2021,Dec,14.3028,1.5424,2.9580,0.4423,-0.3659,,0.3393,42.7300
LYFT,2022,Dec,3.9091,0.9573,3.8120,0.3610,-0.3827,,0.2887,11.0200
LYFT,2023,Dec,5.7762,0.8200,4.1162,0.3820,-0.1155,,0.0798,14.9900
LYFT,2024,Dec,5.2784,0.9894,5.3655,0.3779,-0.0222,,0.3035,12.9000
LYFT,2025,Dec,7.7113,0.7842,5.8955,0.3728,-0.0320,,0.0988,19.3700
MA,2007,Dec,29.0277,1.6593,4.0676,,0.2724,0.1692,,19.5986
MA,2008,Dec,18.6021,1.9245,4.9916,,-0.1071,0.0676,0.2272,13.0551
MA,2009,Dec,28.2708,2.8582,5.0987,,0.4433,0.2592,0.0215,23.4633
MA,2010,Dec,29.3584,3.8980,5.5390,,0.4968,0.2954,0.0864,20.5953
MA,2011,Dec,47.7210,4.9490,6.7140,,0.4041,0.3883,0.2121,34.3364
MA,2012,Dec,61.4100,5.0030,7.3910,,0.5327,0.3859,0.1008,45.3560
MA,2013,Dec,1011.7420,6.2950,8.3460,,0.5395,0.4769,0.1292,77.4117
MA,2014,Dec,100.3764,4.8110,9.4730,,0.5390,0.3412,0.1350,80.2957
MA,2015,Dec,110.4062,2.4790,9.6670,,0.5253,0.3999,0.0205,91.3853
MA,2016,Dec,113.3685,1.5410,10.7760,,0.5346,0.3962,0.1147,97.6974
MA,2017,Dec,161.5011,5.9330,12.4970,,0.5299,0.4292,0.1597,144.2850
MA,2018,Dec,196.3846,0.3480,21.8310,,0.3336,0.2699,0.7469,180.8077
MA,2019,Dec,303.6660,-1.5390,24.9800,,0.3869,0.3107,0.1442,287.7699
MA,2020,Dec,357.6539,-2.5590,23.6160,,0.3422,0.2915,-0.0546,345.8602
MA,2021,Dec,355.0082,-6.4800,29.8450,,0.3378,0.3034,0.2638,349.8742
MA,2022,Dec,336.6027,-7.0150,22.2370,,0.5515,0.4836,-0.2549,340.5727
MA,2023,Dec,402.6254,-7.0930,25.0980,,0.5581,0.4625,0.1287,420.2799
MA,2024,Dec,487.0773,-9.7840,28.1670,,0.5532,0.5079,0.1223,521.8797
MA,2025,Dec,516.6464,-8.4340,32.7910,,0.5763,0.5233,0.1642,569.0459
MDB,2016,Jan,,0.0332,0.0653,0.6804,-1.1144,-0.7266,,
MDB,2017,Jan,,0.0693,0.1148,0.6227,-0.7486,-0.3463,0.7589,
MDB,2018,Jan,0.6430,0.0619,0.1660,0.6725,-0.5858,-0.2832,0.4462,27.1100
MDB,2019,Jan,4.8059,-0.0690,0.2670,0.7245,-0.3661,-0.1829,0.6083,92.3600
MDB,2020,Jan,9.1690,-0.2049,0.4217,0.7028,-0.3506,-0.0785,0.5794,163.9100
MDB,2021,Jan,22.6151,-0.5080,0.5904,0.7001,-0.3545,-0.0922,0.3999,369.6100
MDB,2022,Jan,27.3718,-0.6626,0.8738,0.7030,-0.3312,-0.0012,0.4800,405.1100
MDB,2023,Jan,15.0027,-0.6841,1.2840,0.7280,-0.2700,-0.0157,0.4695,214.2100
MDB,2024,Jan,29.1703,-0.3403,1.6830,0.7478,-0.1389,0.0686,0.3107,400.5200
MDB,2025,Jan,22.1902,0.4901,2.0064,0.7332,-0.1077,0.0601,0.1922,273.3200
MDB,2026,Jan,29.8436,1.0835,2.4638,0.7175,-0.0556,0.2030,0.2279,371.3300
MELI,2016,Dec,6.8947,0.4875,0.8444,0.6358,0.2144,0.1442,,155.7771
MELI,2017,Dec,13.8946,0.5977,1.2165,0.5915,0.0463,0.1758,0.4407,314.6600
MELI,2018,Dec,13.2377,0.2870,1.4397,0.4842,-0.0483,0.0957,0.1834,292.8500
MELI,2019,Dec,28.4311,2.4060,2.2963,0.4800,-0.0667,0.1369,0.5950,571.9400
MELI,2020,Dec,83.5428,2.4953,3.9735,0.4302,0.0321,0.2354,0.7304,1675.2200
MELI,2021,Dec,67.9850,-0.1246,7.0694,0.4251,0.0623,0.0555,0.7792,1348.4000
MELI,2022,Dec,42.5301,-0.5090,10.5370,0.4900,0.0981,0.2359,0.4905,846.2400
MELI,2023,Dec,79.6731,1.5410,10.4870,0.6871,0.1738,0.4416,-0.0047,1571.5400
MELI,2024,Dec,86.2078,1.4050,15.1370,0.6327,0.1738,0.4663,0.4434,1700.4399
MELI,2025,Dec,102.1173,-2.8940,20.3350,0.6323,0.1574,0.5298,0.3434,2014.2600
META,2010,Dec,,1.7850,1.9740,0.7503,0.5228,0.2052,,
META,2011,Dec,,3.9080,3.7110,0.7683,0.4732,0.2541,0.8799,
META,2012,Dec,53.3997,8.1260,5.0890,0.7320,0.1057,0.0741,0.3713,26.4127
META,2013,Dec,132.2530,11.4490,7.8720,0.7618,0.3562,0.3633,0.5469,54.2245
META,2014,Dec,203.9443,11.1990,12.4660,0.8273,0.4006,0.2909,0.5836,77.4125
META,2015,Dec,293.3620,18.4340,17.9280,0.8401,0.3472,0.3389,0.4382,103.8451
META,2016,Dec,329.3882,29.4490,27.6380,0.8629,0.4496,0.4203,0.5416,114.1542
META,2017,Dec,511.9105,41.7110,40.6530,0.8658,0.4970,0.4301,0.4709,175.0860
META,2018,Dec,378.8501,10.0190,55.8380,0.8325,0.4462,0.2751,0.3735,130.0693
META,2019,Dec,585.7835,19.0790,70.6970,0.8194,0.3393,0.3000,0.2661,203.6518
META,2020,Dec,778.7792,17.5760,85.9650,0.8058,0.3801,0.2749,0.2160,271.0331
META,2021,Dec,946.8253,47.9980,117.9290,0.8079,0.3965,0.3317,0.3718,333.7311
META,2022,Dec,323.3536,30.8150,116.6090,0.7835,0.2482,0.1633,-0.0112,119.4030
META,2023,Dec,911.0930,47.0180,134.9020,0.8076,0.3466,0.3250,0.1569,351.2039
META,2024,Dec,1483.6824,48.9890,164.5010,0.8167,0.4218,0.3287,0.2194,583.1702
META,2025,Dec,1664.0870,22.8480,200.9660,0.8200,0.4144,0.2294,0.2217,659.5253
MNST,2016,Dec,25.1239,0.5981,3.0494,0.6368,0.3559,0.1973,,22.1700
MNST,2017,Dec,35.8476,1.2016,3.3690,0.6345,0.3558,0.2684,0.1048,31.6450
MNST,2018,Dec,26.7338,0.9582,3.8072,0.6029,0.3372,0.2889,0.1300,24.6100
MNST,2019,Dec,34.1197,1.3310,4.2008,0.5995,0.3340,0.2409,0.1034,31.7750
MNST,2020,Dec,48.8421,2.0618,4.5986,0.5923,0.3551,0.2861,0.0947,46.2400
MNST,2021,Dec,50.8396,3.0762,5.5414,0.5610,0.3244,0.2007,0.2050,48.0200
MNST,2022,Dec,53.0402,2.6695,6.3110,0.5030,0.2511,0.1108,0.1389,50.7650
MNST,2023,Dec,59.9511,3.2533,7.1400,0.5314,0.2736,0.2096,0.1314,57.6100
MNST,2024,Dec,51.1492,1.1593,7.4927,0.5404,0.2576,0.2221,0.0494,52.5600
MNST,2025,Dec,75.0040,2.7652,8.2943,0.5585,0.2917,0.2370,0.1070,76.6700
MSFT,2008,Jun,256.6133,10.3390,60.4200,0.8080,0.3686,0.3050,,19.7856
MSFT,2009,Jun,211.0567,25.7010,58.4370,0.7920,0.3485,0.2724,-0.0328,17.5091
MSFT,2010,Jun,199.1186,30.8490,62.4840,0.8016,0.3857,0.3536,0.0693,17.2776
MSFT,2011,Jun,217.8349,40.8510,69.9430,0.7773,0.3883,0.3523,0.1194,19.9944
MSFT,2012,Jun,256.4481,51.0960,73.7230,0.7622,0.2952,0.3977,0.0540,24.1655
MSFT,2013,Jun,287.7167,61.4220,77.8490,0.7399,0.3438,0.3157,0.0560,28.1174
MSFT,2014,Jun,343.6017,65.0640,86.8330,0.6898,0.3197,0.3080,0.1154,34.9476
MSFT,2015,Jun,353.1109,66.2190,93.5800,0.6470,0.1941,0.2472,0.0777,37.9787
MSFT,2016,Jun,398.7430,72.4400,91.1540,0.5764,0.2214,0.2741,-0.0259,45.2409
MSFT,2017,Jun,530.9157,55.8590,96.5710,0.5767,0.2312,0.3249,0.0594,62.4674
MSFT,2018,Jun,756.1629,57.5280,110.3600,0.6525,0.3177,0.2922,0.1428,91.1093
MSFT,2019,Jun,1022.8395,61.6190,125.8430,0.6590,0.3414,0.3040,0.1403,125.7803
MSFT,2020,Jun,1540.0930,73.2000,143.0150,0.6778,0.3703,0.3163,0.1365,193.4349
MSFT,2021,Jun,2035.7840,72.1880,168.0880,0.6893,0.4159,0.3339,0.1753,259.9818
MSFT,2022,Jun,1915.4103,54.9760,198.2700,0.6840,0.4206,0.3286,0.1796,248.4915
MSFT,2023,Jun,2530.1318,64.0250,211.9150,0.6892,0.4177,0.2807,0.0688,332.6687
MSFT,2024,Jun,3322.1966,30.6060,245.1220,0.6976,0.4464,0.3022,0.1567,440.0345
MSFT,2025,Jun,3697.3313,51.4140,281.7240,0.6882,0.4562,0.2542,0.1493,493.4684
MTCH,2008,Dec,,1.7450,1.4101,0.6759,-0.0314,0.0425,,4.1265
MTCH,2009,Dec,2.8385,1.6377,1.3467,0.6808,-0.7708,0.2336,-0.0449,5.3726
MTCH,2010,Dec,2.5798,1.2103,1.6368,0.6372,0.0304,0.1838,0.2154,7.5290
MTCH,2011,Dec,3.6958,0.7740,2.0594,,0.0960,0.1614,0.2582,11.1755
MTCH,2012,Dec,4.0743,0.1747,2.8009,0.6459,0.1155,0.1083,0.3600,12.3927
MTCH,2013,Dec,5.7309,0.0264,3.0230,0.6680,0.1410,0.1094,0.0793,18.0093
MTCH,2014,Dec,5.0633,0.0711,3.1095,0.7234,0.1218,0.1180,0.0286,15.9474
MTCH,2015,Dec,3.9359,-0.2793,3.2309,0.7592,0.0556,0.1064,0.0390,12.4484
MTCH,2016,Dec,4.7934,-0.2050,3.1399,0.7593,-0.0104,0.0847,-0.0282,15.7098
MTCH,2017,Dec,8.7816,-0.4666,3.3072,0.8032,0.0570,0.1032,0.0533,28.7645
MTCH,2018,Dec,12.4927,-0.2166,4.2629,0.7863,0.1326,0.2117,0.2890,41.2843
MTCH,2019,Dec,24.2292,-0.4007,4.7571,0.7630,0.1222,0.1684,0.1159,79.2578
MTCH,2020,Dec,40.6658,-2.7955,2.3913,0.7341,0.3118,0.3120,-0.4973,145.9381
MTCH,2021,Dec,37.7109,-3.1027,2.9833,0.7187,0.2855,0.2791,0.2476,127.6560
MTCH,2022,Dec,11.5891,-3.2546,3.1888,0.6990,0.1615,0.1494,0.0689,40.0488
MTCH,2023,Dec,9.7824,-2.9736,3.3645,0.7164,0.2725,0.2465,0.0551,35.2321
MTCH,2024,Dec,8.1915,-2.8783,3.4794,0.7151,0.2366,0.2535,0.0341,31.5738
MTCH,2025,Dec,7.5121,-2.9417,3.4872,0.7280,0.2502,0.2935,0.0022,31.9012
MTD,2008,Dec,2.3085,0.0781,1.9733,0.5032,,0.0822,,67.4000
MTD,2009,Dec,3.5399,-0.1186,1.7289,0.5144,,0.0998,-0.1239,104.9900
MTD,2010,Dec,4.8872,-0.2336,1.9682,0.5270,,0.0987,0.1384,151.2100
MTD,2011,Dec,4.6510,-0.2694,2.3093,0.5275,,0.0790,0.1733,147.7100
MTD,2012,Dec,5.8580,-0.2870,2.3415,0.5300,,0.0991,0.0139,193.3000
MTD,2013,Dec,7.1297,-0.3012,2.3790,0.5389,,0.1108,0.0160,242.5900
MTD,2017,Dec,15.7809,0.1487,2.7251,0.5782,,0.1427,,619.5200
MTD,2018,Dec,14.0237,-0.8566,2.9356,0.5738,,0.1438,0.0773,565.5800
MTD,2019,Dec,19.0806,-1.0834,3.0087,0.5787,,0.1682,0.0249,793.2800
MTD,2020,Dec,26.6777,-1.2402,3.0852,0.5838,,0.2049,0.0254,1139.6801
MTD,2021,Dec,38.7059,-1.5834,3.7179,0.5841,,0.2155,0.2051,1697.2100
MTD,2022,Dec,31.9534,-1.9186,3.9197,0.5888,,0.1882,0.0543,1445.4500
MTD,2023,Dec,26.0528,-2.0110,3.7883,0.5916,,0.2272,-0.0335,1212.9600
MTD,2024,Dec,25.5951,-1.9545,3.8724,0.6006,,0.2232,0.0222,1223.6801
MTD,2025,Dec,28.3373,-2.0853,4.0264,0.5937,,0.2108,0.0398,1394.1899
MU,2009,Sep,6.0992,1.4850,4.8030,-0.0916,-0.3489,0.1495,,6.9928
MU,2010,Sep,6.8115,0.5530,8.4820,0.3200,0.1873,0.2924,0.7660,6.6612
MU,2011,Sep,5.6687,0.1590,8.7880,0.2000,0.0859,-0.0075,0.0361,5.5981
MU,2012,Aug,6.2885,-0.7030,8.2340,0.1176,-0.0751,0.0504,-0.0630,6.0273
MU,2013,Aug,14.2737,-2.9360,9.0730,0.2036,0.0260,0.0625,0.1019,13.2346
MU,2014,Aug,35.2201,-2.0590,16.3580,0.3324,0.1887,0.1859,0.8029,31.9992
MU,2015,Sep,18.0127,-3.8200,16.1920,0.3221,0.1852,0.0733,-0.0101,16.1800
MU,2016,Sep,17.3312,-5.5120,12.3990,0.2020,0.0135,-0.2136,-0.2343,16.2288
MU,2017,Aug,36.8696,-5.7060,20.3220,0.4151,0.2888,0.1682,0.6390,31.1799
MU,2018,Aug,59.8433,2.1660,30.3910,0.5887,0.4934,0.2804,0.4955,51.4561
MU,2019,Aug,49.4520,1.3010,23.4060,0.4572,0.3151,0.1456,-0.2298,43.5661
MU,2020,Sep,51.5756,0.9810,21.4350,0.3057,0.1401,0.0039,-0.0842,45.1851
MU,2021,Sep,82.7670,0.9870,27.7050,0.3762,0.2268,0.0880,0.2925,72.1615
MU,2022,Sep,62.3056,1.3560,30.7580,0.4518,0.3154,0.1012,0.1102,56.2179
MU,2023,Aug,76.7965,-4.7530,15.5400,-0.0911,-0.3697,-0.3936,-0.4948,69.1777
MU,2024,Aug,105.9625,-6.3560,25.1110,0.2235,0.0519,0.0048,0.6159,94.9873
MU,2025,Aug,136.9409,-4.9350,37.3780,0.3979,0.2614,0.0446,0.4885,121.8232
NET,2017,Dec,,0.0269,0.1349,0.7866,-0.0721,-0.1176,,
NET,2018,Dec,,0.0248,0.1927,0.7740,-0.4406,-0.3568,0.4281,
NET,2019,Dec,2.4960,0.1390,0.2870,0.7790,-0.3761,-0.2864,0.4897,17.0600
NET,2020,Dec,22.7798,-0.2744,0.4311,0.7656,-0.2477,-0.1705,0.5018,75.9900
NET,2021,Dec,41.0702,-0.8452,0.6564,0.7759,-0.1945,-0.0432,0.5228,131.5000
NET,2022,Dec,14.7535,-1.2320,0.9752,0.7615,-0.2063,-0.0205,0.4857,45.2100
NET,2023,Dec,27.7802,-1.1965,1.2967,0.7632,-0.1430,0.1080,0.3297,83.2600
NET,2024,Dec,36.7631,-1.1396,1.6696,0.7732,-0.0927,0.1170,0.2876,107.6800
NET,2025,Dec,68.6912,-2.3219,2.1679,0.7451,-0.0956,0.1326,0.2985,197.1500
NFLX,2007,Dec,1.7856,0.1774,1.2053,0.3478,0.0761,0.1934,,0.3803
NFLX,2008,Dec,1.8221,0.2973,1.3647,0.3330,0.0890,0.1760,0.1322,0.4270
NFLX,2009,Dec,2.9491,0.1202,1.6703,0.3538,0.1149,0.1671,0.2239,0.7870
NFLX,2010,Dec,9.2929,0.3504,2.1626,0.3724,0.1312,0.1122,0.2948,2.5100
NFLX,2011,Dec,3.8400,0.7978,3.2046,0.3634,0.1174,0.0836,0.4818,0.9899
NFLX,2012,Dec,5.1844,0.5481,3.6093,0.2725,0.0139,-0.0052,0.1263,1.3227
NFLX,2013,Dec,22.0192,0.7004,4.3746,0.2952,0.0522,0.0100,0.2120,5.2596
NFLX,2014,Dec,20.6668,0.7085,5.5047,0.3183,0.0731,-0.0097,0.2583,4.8801
NFLX,2015,Dec,48.9639,-0.0606,6.7795,0.3227,0.0451,-0.1240,0.2316,11.4380
NFLX,2016,Dec,53.2850,-1.6305,8.8307,0.3172,0.0430,-0.1791,0.3026,12.3800
NFLX,2017,Dec,83.3007,-6.2260,11.6927,0.3449,0.0717,-0.1676,0.3241,19.1960
NFLX,2018,Dec,116.8600,-11.0787,15.7943,0.3689,0.1016,-0.1807,0.3508,26.7660
NFLX,2019,Dec,141.9847,-15.7050,20.1564,0.3828,0.1292,-0.1558,0.2762,32.3570
NFLX,2020,Dec,239.4868,-13.6515,24.9961,0.3889,0.1834,0.0772,0.2401,54.0730
NFLX,2021,Dec,267.4611,-9.3651,29.6978,0.4164,0.2086,-0.0044,0.1881,60.2440
NFLX,2022,Dec,131.3239,-8.2946,31.6155,0.3937,0.1782,0.0512,0.0646,29.4880
NFLX,2023,Dec,210.7020,-7.4054,33.7233,0.4154,0.2062,0.2054,0.0667,48.6880
NFLX,2024,Dec,381.2685,-5.9991,39.0010,0.4606,0.2671,0.1775,0.1565,89.1320
NFLX,2025,Dec,395.8699,-5.4005,45.1830,0.4849,0.2949,0.2094,0.1585,93.7600
NKE,2008,May,,2.1339,18.6270,0.4503,,0.0798,,13.2489
NKE,2009,May,22.3470,2.9859,19.1761,0.4487,,0.0668,0.0295,11.2541
NKE,2010,May,35.1405,4.6927,19.0140,0.4628,,0.1488,-0.0085,14.5251
NKE,2011,May,40.1560,4.0620,20.8620,0.4558,,0.0661,0.0972,17.1951
NKE,2012,May,49.3160,3.4800,24.1280,0.4340,,0.0540,0.1566,22.4219
NKE,2013,May,54.8991,4.6980,25.3130,0.4359,,0.0945,0.0491,25.9508
NKE,2014,May,66.7808,3.9360,27.7990,0.4477,,0.0764,0.0982,32.7816
NKE,2015,May,86.9636,4.7380,30.6010,0.4597,,0.1215,0.1008,43.8367
NKE,2016,May,93.7580,3.4030,32.3760,0.4624,,0.0603,0.0580,47.9779
NKE,2017,May,87.8468,2.7020,34.3500,0.4458,,0.0738,0.0610,46.6153
NKE,2018,May,116.5888,1.7710,36.3970,0.4384,,0.1079,0.0596,63.9997
NKE,2019,May,121.8581,0.9960,39.1170,0.4467,,0.1223,0.0747,69.6985
NKE,2020,May,153.6665,-1.0610,37.4030,0.4342,,0.0374,-0.0438,90.0057
NKE,2021,May,214.6516,0.4760,44.5380,0.4482,,0.1339,0.1908,125.6255
NKE,2022,May,187.6404,-0.8460,46.7100,0.4598,,0.0948,0.0488,110.0418
NKE,2023,May,163.3214,-1.4860,51.2170,0.4352,,0.0951,0.0965,98.5620
NKE,2024,May,144.2479,0.9570,51.3620,0.4456,,0.1288,0.0028,90.2170
NKE,2025,May,89.9701,-0.4970,46.3090,0.4273,,0.0706,-0.0984,58.5824
NOW,2010,Jun,,0.0294,0.0433,0.6263,-0.6508,-0.2104,,
NOW,2011,Jun,,0.0599,0.0926,0.6592,0.1140,0.3102,1.1381,
NOW,2012,Dec,3.9610,0.3147,0.2437,0.5732,-0.1542,0.0275,1.6307,6.0060
NOW,2013,Dec,7.9030,0.2198,0.4247,0.6344,-0.1561,0.0622,0.7424,11.2020
NOW,2014,Dec,10.2114,0.2250,0.6826,0.6355,-0.2224,0.1238,0.6074,13.5700
NOW,2015,Dec,13.9708,0.3267,1.0055,0.6724,-0.1655,0.2264,0.4731,17.3120
NOW,2016,Dec,12.4891,0.3916,1.3910,0.7130,-0.3040,0.0391,0.3834,14.8680
NOW,2017,Dec,22.7791,0.6059,1.9185,0.7471,-0.0529,0.2566,0.3792,26.0780
NOW,2018,Dec,32.1380,-0.0955,2.6088,0.7613,-0.0163,0.2249,0.3598,35.6100
NOW,2019,Dec,53.5843,0.0281,3.4604,0.7698,0.0122,0.2806,0.3264,56.4640
NOW,2020,Dec,107.9393,0.0366,4.5195,0.7816,0.0440,0.3025,0.3060,110.0860
NOW,2021,Dec,129.8220,0.1520,5.8960,0.7705,0.0436,0.3051,0.3046,129.8220
NOW,2022,Dec,78.8188,-0.0160,7.2450,0.7829,0.0490,0.2999,0.2288,77.6540
NOW,2023,Dec,144.8305,0.4090,8.9710,0.7859,0.0849,0.3014,0.2382,141.2980
NOW,2024,Dec,218.3847,0.8150,10.9840,0.7918,0.1242,0.3109,0.2244,212.0240
NOW,2025,Dec,160.2367,2.2350,13.2780,0.7753,0.1374,0.3446,0.2088,153.1900
NVDA,2008,Jan,0.0137,0.7270,4.0979,0.4562,0.2041,,,0.5712
NVDA,2009,Jan,0.0042,1.2554,3.4249,0.3429,-0.0206,,-0.1642,0.1765
NVDA,2010,Jan,8.7184,1.7282,3.3264,0.3538,-0.0297,0.1233,-0.0287,0.3523
NVDA,2011,Jan,14.0517,2.4906,3.5433,0.3977,0.0722,0.1631,0.0652,0.5439
NVDA,2012,Jan,9.1850,3.1296,3.9979,0.5144,0.1622,0.1927,0.1283,0.3413
NVDA,2013,Jan,7.6443,3.7279,4.2802,0.5202,0.1515,,0.0706,0.2859
NVDA,2014,Jan,8.6240,3.3154,4.1302,0.5491,0.1201,,-0.0350,0.3663
NVDA,2015,Jan,11.3872,3.2390,4.6815,0.5553,0.1621,,0.1335,0.4963
NVDA,2016,Jan,15.8647,3.6240,5.0100,0.5611,0.1491,,0.0702,0.7136
NVDA,2017,Jan,65.7914,4.8150,6.9100,0.5880,0.2799,,0.3792,2.7492
NVDA,2018,Jan,147.1261,5.1230,9.7140,0.5993,0.3305,,0.4058,6.0085
NVDA,2019,Jan,97.0509,5.4340,11.7160,0.6121,0.3247,,0.2061,3.9656
NVDA,2020,Jan,153.2938,8.9060,10.9180,0.6199,0.2607,,-0.0681,6.2266
NVDA,2021,Jan,322.1458,4.5980,16.6750,0.6234,0.2718,,0.5273,12.9375
NVDA,2022,Jan,573.2840,10.2620,26.9140,0.6493,0.3731,0.3021,0.6140,22.7681
NVDA,2023,Jan,503.0155,2.3430,26.9740,0.5693,0.1566,0.1412,0.0022,20.3198
NVDA,2024,Jan,1525.7750,16.2750,60.9220,0.7272,0.5412,0.4435,1.2585,60.9227
NVDA,2025,Jan,3479.9279,34.7470,130.4970,0.7499,0.6242,0.4663,1.1420,142.4073
NVDA,2026,Jan,4560.3810,2.1370,215.9380,0.7107,0.6038,0.4477,0.6547,187.4414
NXPI,2017,Dec,40.5135,3.5470,9.2560,0.4990,0.2271,0.2047,,103.5151
NXPI,2018,Dec,24.0873,-4.5650,9.4070,0.5157,0.2881,0.3995,0.0163,65.1618
NXPI,2019,Dec,35.6011,-6.3550,8.8770,0.5202,0.0722,0.2081,-0.0563,114.5060
NXPI,2020,Dec,44.0471,-5.3750,8.6120,0.4918,0.0485,0.2427,-0.0299,144.9682
NXPI,2021,Dec,59.8009,-7.8200,11.0630,0.5484,0.2335,0.2088,0.2846,209.9539
NXPI,2022,Dec,41.0119,-7.4050,13.2050,0.5693,0.2875,0.2145,0.1936,148.6171
NXPI,2023,Dec,58.9036,-7.3880,13.2760,0.5689,0.2758,0.2023,0.0054,220.5361
NXPI,2024,Dec,52.7149,-7.5620,12.6140,0.5644,0.2709,0.1629,-0.0499,202.9634
NXPI,2025,Dec,54.8495,-8.9550,12.2690,0.5474,0.2483,0.1975,-0.0274,215.9393
OKTA,2017,Jan,,0.0377,0.1608,0.6491,-0.5169,-0.3007,,
OKTA,2018,Jan,2.4445,0.2297,0.2565,0.6986,-0.4536,-0.1239,0.5954,29.4500
OKTA,2019,Jan,8.8616,0.2921,0.3993,0.7159,-0.2996,-0.0116,0.5563,82.4300
OKTA,2020,Jan,15.0101,0.4653,0.5861,0.7280,-0.3171,0.0685,0.4679,128.0500
OKTA,2021,Jan,32.9492,0.7901,0.8354,0.7394,-0.2444,0.1375,0.4255,259.0100
OKTA,2022,Jan,29.2948,0.6699,1.3002,0.6951,-0.5900,0.0706,0.5563,197.8900
OKTA,2023,Jan,11.6321,0.3870,1.8580,0.7061,-0.4370,0.0398,0.4290,73.6100
OKTA,2024,Jan,13.5244,1.0480,2.2630,0.7433,-0.2280,0.2227,0.2180,82.6500
OKTA,2025,Jan,15.9768,1.6650,2.6100,0.7632,-0.0284,0.2843,0.1533,94.2200
OKTA,2026,Jan,14.8585,0.5080,2.9190,0.7736,0.0510,0.2998,0.1184,84.4800
ON,2008,Dec,1.2886,0.4587,2.0548,0.3628,-0.1781,0.1454,,3.4000
ON,2009,Dec,3.7115,-0.3623,1.7689,0.3509,0.0806,0.1253,-0.1391,8.8200
ON,2010,Dec,4.3660,-0.2655,2.3134,0.4132,0.1618,0.1569,0.3078,9.8800
ON,2011,Dec,3.4905,-0.3055,3.4423,0.2931,0.0329,0.0666,0.4880,7.7200
ON,2012,Dec,3.1689,-0.2870,2.8949,0.3288,-0.0056,0.0068,-0.1590,7.0500
ON,2013,Dec,3.6291,-0.3165,2.7827,0.3372,0.0784,0.0618,-0.0388,8.2400
ON,2014,Dec,4.3692,-0.6748,3.1618,0.3431,0.0724,0.0876,0.1362,10.1300
ON,2015,Dec,4.0385,-0.8982,3.4958,0.3413,0.0747,0.0572,0.1056,9.8000
ON,2016,Dec,5.3542,-2.7787,3.9069,0.3320,0.0604,0.0948,0.1176,12.7600
ON,2017,Dec,8.9087,-2.2258,5.5431,0.3669,0.1228,0.1275,0.4188,20.9400
ON,2018,Dec,6.7643,-1.8694,5.8783,0.3808,0.1441,0.1292,0.0605,16.5100
ON,2019,Dec,10.0218,-2.8550,5.5179,0.3577,0.0784,0.0290,-0.0613,24.3800
ON,2020,Dec,13.4809,-2.5088,5.2550,0.3265,0.0664,0.0953,-0.0476,32.7300
ON,2021,Dec,29.3753,-1.9057,6.7398,0.4027,0.1910,0.1984,0.2825,67.9200
ON,2022,Dec,26.9418,-0.3093,8.3262,0.4897,0.2834,0.1955,0.2354,62.3700
ON,2023,Dec,35.6948,-0.8969,8.2530,0.4706,0.3076,0.0487,-0.0088,83.5300
ON,2024,Dec,26.5706,-0.3886,7.0823,0.4541,0.2496,0.1712,-0.1419,63.0500
ON,2025,Dec,21.3362,-0.4329,5.9954,0.3309,0.0140,0.2366,-0.1535,54.1500
OPEN,2018,Dec,,0.2624,1.8381,0.0726,-0.0890,-0.6527,,
OPEN,2019,Dec,,-0.8091,4.7406,0.0635,-0.0523,-0.0633,1.5791,
OPEN,2020,Dec,13.1204,1.1143,2.5831,0.0851,-0.0720,0.2573,-0.4551,22.7300
OPEN,2021,Dec,9.0601,1.2540,8.0210,0.0910,-0.0708,-0.7265,2.1052,14.6100
OPEN,2022,Dec,0.7454,0.3220,15.5670,0.0428,-0.0598,0.0445,0.9408,1.1600
OPEN,2023,Dec,3.0448,0.6920,6.9460,0.0701,-0.0556,0.3321,-0.5538,4.4800
OPEN,2024,Dec,1.1576,0.3010,5.1530,0.0840,-0.0621,-0.1203,-0.2581,1.6000
OPEN,2025,Dec,5.5870,0.7690,4.3710,0.0801,-0.0657,0.2372,-0.1518,5.8300
ORCL,2008,May,117.2377,8.2620,22.4300,1.0000,0.3497,,,18.1979
ORCL,2009,May,98.2080,12.6240,23.2520,1.0000,0.3579,,0.0366,15.6490
ORCL,2010,May,113.4424,18.4690,26.8200,0.9672,0.3379,0.3151,0.1534,18.1886
ORCL,2011,May,173.3419,27.6980,35.6220,0.9423,0.3378,0.3022,0.3282,27.7812
ORCL,2012,May,129.2399,27.7260,37.1210,0.8992,0.3692,0.3528,0.0421,21.6626
ORCL,2013,May,156.4287,32.2160,37.1800,0.9046,0.3949,0.3651,0.0016,27.9119
ORCL,2014,May,187.1944,37.3110,38.2750,0.9228,0.3856,0.3747,0.0295,35.1954
ORCL,2015,May,188.5760,12.4100,38.2260,0.6202,0.3629,0.3386,-0.0013,36.8740
ORCL,2016,May,165.7337,12.2700,37.0470,0.6049,0.3402,0.3373,-0.0308,34.6178
ORCL,2017,May,187.7640,8.1690,37.7920,0.6090,0.3363,0.3203,0.0201,39.7075
ORCL,2018,May,185.9996,6.6420,39.3830,0.6167,0.3473,0.3466,0.0421,41.5185
ORCL,2019,May,168.7924,-35.6530,39.5060,,0.3426,0.3263,0.0031,45.7080
ORCL,2020,May,165.0030,-34.3580,39.0680,,0.3557,0.2963,-0.0111,49.4374
ORCL,2021,May,219.8421,-54.1470,40.4790,,0.3758,0.3397,0.0361,73.5922
ORCL,2022,May,191.6615,-54.4760,42.4400,,0.2574,0.1185,0.0484,68.2180
ORCL,2023,May,287.5486,-80.7160,49.9540,,0.2621,0.1696,0.1770,102.2620
ORCL,2024,May,322.9592,-76.4150,52.9610,,0.2899,0.2229,0.0602,114.7445
ORCL,2025,May,464.9461,-81.7820,57.3990,,0.3080,-0.0069,0.0838,163.8858
PANW,2011,Jul,,0.0405,0.1186,0.7279,-0.0877,0.1611,,
PANW,2012,Jul,3.9112,0.3226,0.2551,0.7235,0.0153,0.2462,1.1513,9.5233
PANW,2013,Jul,3.5074,0.4196,0.3961,0.7229,-0.0470,0.2325,0.5525,8.1567
PANW,2014,Jul,6.4388,0.3056,0.5982,0.7331,-0.3600,0.0874,0.5101,13.4767
PANW,2015,Jul,15.7972,0.3019,0.9281,0.7290,-0.1439,0.3410,0.5515,30.9717
PANW,2016,Jul,11.8914,0.7774,1.3785,0.7316,-0.1379,0.4248,0.4854,21.8150
PANW,2017,Jul,12.1030,0.8503,1.7551,0.7322,-0.1024,0.4017,0.2732,21.9633
PANW,2018,Jul,18.6013,1.4833,2.2736,0.7160,-0.0568,0.4068,0.2954,33.0433
PANW,2019,Jul,21.9722,1.3731,2.8996,0.7212,-0.0187,0.3188,0.2753,37.7567
PANW,2020,Jul,24.6639,0.6637,3.4084,0.7068,-0.0525,0.2410,0.1755,42.6533
PANW,2021,Jul,38.8699,-0.3249,4.2561,0.7005,-0.0715,0.3259,0.2487,66.5083
PANW,2022,Jul,49.7792,-0.0423,5.5015,0.6876,-0.0343,0.3257,0.2926,83.1833
PANW,2023,Jul,77.1363,0.3985,6.8927,0.7229,0.0562,0.3817,0.2529,124.9800
PANW,2024,Jul,105.7321,1.6149,8.0275,0.7435,0.0852,0.3863,0.1646,162.3650
PANW,2025,Jul,116.1210,2.9032,9.2215,0.7341,0.1348,0.3763,0.1487,173.6000
PATH,2020,Jan,,0.2341,0.3362,0.8233,-1.5388,-1.1161,,
PATH,2021,Jan,,0.4605,0.6076,0.8916,-0.1816,0.0448,0.8076,
PATH,2022,Jan,16.6075,1.8651,0.8923,0.8107,-0.5614,-0.0716,0.4684,36.5300
PATH,2023,Jan,8.4176,1.7569,1.0586,0.8299,-0.3290,-0.0319,0.1864,15.3600
PATH,2024,Jan,12.9574,1.8798,1.3081,0.8502,-0.1259,0.2230,0.2357,22.9800
PATH,2025,Jan,7.9622,1.6295,1.4297,0.8273,-0.1137,0.2138,0.0930,14.2200
PATH,2026,Jan,6.7750,1.4725,1.6106,0.8317,0.0352,0.2187,0.1265,12.5900
PINS,2017,Dec,,0.0715,0.4729,0.6222,-0.2917,-0.3048,,
PINS,2018,Dec,,0.1225,0.7559,0.6804,-0.0988,-0.1092,0.5987,
PINS,2019,Dec,,0.6497,1.1428,0.6859,-1.2154,-0.0290,0.5117,18.6400
PINS,2020,Dec,39.2938,0.6692,1.6927,0.7345,-0.0842,0.0067,0.4812,65.9000
PINS,2021,Dec,23.2651,1.4196,2.5780,0.7947,0.1265,0.2885,0.5231,36.3500
PINS,2022,Dec,16.1640,1.6111,2.8026,0.7579,-0.0363,0.1571,0.0871,24.2800
PINS,2023,Dec,24.9887,1.3619,3.0551,0.7746,-0.0411,0.1980,0.0901,37.0400
PINS,2024,Dec,19.6861,1.1365,3.6462,0.7942,0.0493,0.2578,0.1935,29.0000
PINS,2025,Dec,17.4681,0.9693,4.2218,0.8007,0.0758,0.2965,0.1579,25.8900
PODD,2009,Dec,,0.1280,0.0660,0.2771,-0.8989,-0.7945,,14.2800
PODD,2010,Dec,0.6139,0.0438,0.0970,0.4509,-0.3984,-0.4349,0.4685,15.5000
PODD,2011,Dec,0.8959,-0.0146,0.1523,0.4382,-0.2789,-0.2402,0.5702,18.8300
PODD,2012,Dec,1.1269,-0.0609,0.2114,0.4368,-0.1702,-0.1895,0.3883,21.2200
PODD,2013,Dec,2.0428,0.0361,0.2471,0.4549,-0.1179,-0.0160,0.1690,37.1000
PODD,2014,Dec,2.6000,-0.0178,0.2313,0.6194,-0.0532,-0.0111,-0.0638,46.0600
PODD,2015,Dec,2.1558,-0.0490,0.2639,0.5614,-0.2303,-0.0878,0.1408,37.8100
PODD,2016,Dec,2.1723,-0.0342,0.3670,0.5752,-0.0292,-0.0169,0.3907,37.6800
PODD,2017,Dec,4.0290,-0.1261,0.4638,0.5976,-0.0159,-0.0777,0.2637,69.0000
PODD,2018,Dec,4.7020,-0.3030,0.5638,0.6565,0.0486,-0.2243,0.2157,79.3200
PODD,2019,Dec,10.7622,-0.6742,0.7382,0.6506,0.0677,-0.0885,0.3093,171.2000
PODD,2020,Dec,16.8921,-0.1521,0.9044,0.6439,0.0569,-0.0498,0.2251,255.6300
PODD,2021,Dec,18.4167,-0.4675,1.0988,0.6845,0.1147,-0.1638,0.2149,266.0700
PODD,2022,Dec,20.4725,-0.7121,1.0554,0.7633,0.0356,-0.0037,-0.0395,294.3900
PODD,2023,Dec,15.1725,-0.7116,1.6971,0.6835,0.1296,0.0413,0.6080,216.9800
PODD,2024,Dec,18.3339,-0.4265,2.0716,0.6979,0.1491,0.1474,0.2207,261.0700
PODD,2025,Dec,20.0093,-0.2331,2.7081,0.7163,0.1750,0.1395,0.3073,284.2400
PTON,2018,Jun,,0.1516,0.4350,0.4359,-0.1092,0.0499,,
PTON,2019,Jun,,0.1621,0.9150,0.4192,-0.2211,-0.2094,1.1034,
PTON,2020,Jun,12.7644,1.0355,1.8259,0.4582,-0.0443,0.1205,0.9955,57.7700
PTON,2021,Jun,36.4486,0.3050,4.0218,0.3610,-0.0467,-0.1195,1.2026,124.0200
PTON,2022,Jun,2.9593,0.3824,3.5821,0.1950,-0.7632,-0.6581,-0.1093,9.1800
PTON,2023,Jun,2.6659,-0.1816,2.8002,0.3298,-0.4275,-0.1678,-0.2183,7.6900
PTON,2024,Jun,1.2355,-0.8514,2.7005,0.4468,-0.1959,-0.0318,-0.0356,3.3800
PTON,2025,Jun,2.7069,-0.4995,2.4908,0.5092,-0.0145,0.1300,-0.0777,6.9400
PYPL,2013,Dec,,1.6040,6.7270,,0.1622,0.2381,,
PYPL,2014,Dec,,2.2300,8.0250,,0.1580,0.2153,0.1930,
PYPL,2015,Dec,44.2609,3.4110,9.2480,,0.1580,0.1972,0.1524,35.8892
PYPL,2016,Dec,47.6633,4.9750,10.8420,,0.1463,0.2296,0.1724,39.1311
PYPL,2017,Dec,88.3558,5.6950,13.0940,,0.1624,0.1424,0.2077,72.9879
PYPL,2018,Dec,98.6552,7.1110,15.4510,,0.1420,0.3016,0.1800,83.3680
PYPL,2019,Dec,126.8786,5.7960,17.7720,,0.1530,0.2170,0.1502,107.2412
PYPL,2020,Dec,274.2894,4.1440,21.4540,,0.1533,0.2325,0.2072,232.1891
PYPL,2021,Dec,219.6966,1.4510,25.3710,,0.1680,0.2141,0.1826,186.9608
PYPL,2022,Dec,80.5764,0.4510,27.5180,,0.1394,0.1856,0.0846,70.6085
PYPL,2023,Dec,65.8157,4.3840,29.7710,,0.1689,0.1417,0.0819,60.8827
PYPL,2024,Dec,84.4318,0.9440,31.7970,,0.1675,0.2128,0.0681,84.6172
PYPL,2025,Dec,53.7484,0.4350,33.1720,,0.1828,0.1677,0.0432,58.0125
QCOM,2007,Sep,70.1516,2.4110,8.8710,0.6978,0.3250,0.3374,,27.0259
QCOM,2008,Sep,74.8109,6.4110,11.1420,0.6936,0.3348,0.1940,0.2560,29.7005
QCOM,2009,Sep,74.6630,11.0690,10.4160,0.6946,0.2137,0.6155,-0.0652,29.4582
QCOM,2010,Sep,72.0691,10.2790,10.9910,0.6800,0.2987,0.3321,0.0552,29.9092
QCOM,2011,Sep,84536.7083,11.6520,14.9570,0.6739,0.3360,0.2880,0.3608,34.2918
QCOM,2012,Sep,106.4507,12.3740,19.1210,0.6289,0.2972,0.2465,0.2784,43.2719
QCOM,2013,Sep,113.8342,14.9660,24.8660,0.6051,0.2908,0.3109,0.3005,47.5406
QCOM,2014,Sep,124.7948,17.5650,26.4870,0.5966,0.2850,0.2908,0.0652,54.0386
QCOM,2015,Sep,79.9947,7.3520,25.2810,0.5895,0.2285,0.1785,-0.0455,39.3614
QCOM,2016,Sep,92.6746,8.6400,23.5540,0.5861,0.2757,0.2913,-0.0683,48.1674
QCOM,2017,Sep,76.7892,16.4140,22.2910,0.5607,0.1173,0.1796,-0.0536,41.5297
QCOM,2018,Sep,87.3121,-3.2770,22.7320,0.5494,0.0326,0.1369,0.0198,59.5564
QCOM,2019,Sep,87.4996,-3.1740,24.2730,0.6457,0.3159,0.2636,0.0678,65.9038
QCOM,2020,Sep,129.4995,-4.0120,23.5310,0.6067,0.2658,0.1873,-0.0306,101.3400
QCOM,2021,Sep,149.9456,-2.8310,33.5660,0.5751,0.2916,0.2576,0.4265,120.7410
QCOM,2022,Sep,135.8540,-8.6010,44.2000,0.5784,0.3588,0.1546,0.3168,111.3686
QCOM,2023,Sep,119.8478,-4.0740,35.8200,0.5570,0.2174,0.2750,-0.1896,101.6028
QCOM,2024,Sep,189.0144,-1.3340,38.9620,0.5621,0.2585,0.2865,0.0877,163.8778
QCOM,2025,Sep,181.2132,-4.6560,44.2840,0.5543,0.2790,0.2895,0.1366,166.6504
RBLX,2019,Dec,,0.3015,0.5084,0.7593,-0.1504,0.0313,,
RBLX,2020,Dec,,0.8939,0.9239,0.7403,-0.2881,0.4548,0.8173,
RBLX,2021,Dec,60.4392,1.6746,1.9192,0.7411,-0.2580,0.2948,1.0773,103.1600
RBLX,2022,Dec,17.2090,1.6869,2.2251,0.7539,-0.4152,-0.0256,0.1594,28.4600
RBLX,2023,Dec,28.8594,0.9414,2.7993,0.7681,-0.4498,0.0491,0.2581,45.7200
RBLX,2024,Dec,38.5590,1.1964,3.6020,0.7776,-0.2952,0.1784,0.2868,57.8600
RBLX,2025,Dec,57.3983,1.8808,4.8906,0.7807,-0.2520,0.2771,0.3577,81.0300
RMD,2009,Jun,6.1607,0.4157,0.9207,0.6015,0.2067,0.1403,,16.8345
RMD,2010,Jun,9.1940,0.3671,1.0924,0.6001,0.2201,0.1203,0.1864,25.1339
RMD,2011,Jun,4.6898,0.6351,1.2431,0.5963,0.2147,0.1742,0.1380,25.5844
RMD,2012,Jun,4.4315,0.5587,1.3685,0.5997,0.2151,0.2455,0.1008,25.7911
RMD,2013,Jun,6.4109,0.5753,1.5145,0.6211,0.2343,0.2240,0.1066,37.9098
RMD,2014,Jun,7.0967,0.6049,1.5550,0.6365,0.2605,0.2049,0.0268,43.4092
RMD,2015,Jun,7.9209,0.4167,1.6789,0.6024,0.2438,0.1910,0.0797,49.3160
RMD,2016,Jun,8.8965,-0.4436,1.8387,0.5800,0.2333,0.2662,0.0952,56.4987
RMD,2017,Jun,11.0738,-0.2567,2.0667,0.5815,0.2060,0.1702,0.1240,70.9884
RMD,2018,Jun,14.7792,-0.0928,2.3402,0.5821,0.2315,0.1891,0.1323,95.9772
RMD,2019,Jun,17.5322,-1.1237,2.6066,0.5895,0.2222,0.1498,0.1138,114.6842
RMD,2020,Jun,27.8209,-0.7130,2.9570,0.5809,0.2738,0.2391,0.1344,182.2873
RMD,2021,Jun,0.0359,-0.3601,3.1968,0.5753,0.2827,0.1983,0.0811,235.8963
RMD,2022,Jun,30.6951,-0.5015,3.5781,0.5657,0.2796,0.0605,0.1193,202.0031
RMD,2023,Jun,32.1351,-1.2132,4.2230,0.5578,0.2680,0.1358,0.1802,212.1982
RMD,2024,Jun,28.1257,-0.4689,4.6853,0.5667,0.2817,0.2778,0.1095,187.8735
RMD,2025,Jun,37.7750,0.5412,5.1463,0.5936,0.3275,0.3229,0.0984,255.4987
ROKU,2015,Dec,,0.0000,0.3199,0.2807,-0.1174,-0.1176,,
ROKU,2016,Dec,,-0.0150,0.3986,0.3036,-0.1088,-0.1030,0.2463,
ROKU,2017,Dec,5.1343,0.1772,0.5128,0.3897,-0.0383,0.0547,0.2863,51.7800
ROKU,2018,Dec,3.3634,0.1977,0.7425,0.4473,-0.0179,-0.0059,0.4480,30.6400
ROKU,2019,Dec,16.0542,0.4159,1.1289,0.4387,-0.0576,-0.0562,0.5204,133.9000
ROKU,2020,Dec,42.4999,0.9981,1.7784,0.4545,-0.0114,0.0370,0.5753,332.0200
ROKU,2021,Dec,30.8383,2.0562,2.7646,0.5095,0.0850,0.0680,0.5545,228.2000
ROKU,2022,Dec,5.6991,1.8820,3.1265,0.4609,-0.1698,-0.0479,0.1309,40.7000
ROKU,2023,Dec,13.1534,2.0259,3.4846,0.4370,-0.2274,0.0497,0.1145,91.6600
ROKU,2024,Dec,10.8469,2.1602,4.1129,0.4390,-0.0530,0.0518,0.1803,74.3400
ROKU,2025,Dec,16.0402,2.3173,4.7373,0.4379,-0.0012,0.1010,0.1518,108.4900
S,2020,Jan,,0.0477,0.0465,0.6056,-1.6135,-0.9764,,
S,2021,Jan,,0.3762,0.0931,0.5773,-1.2414,-0.7507,1.0023,
S,2022,Jan,7.7888,1.6697,0.2048,0.6012,-1.3049,-0.4846,1.2008,44.7500
S,2023,Jan,4.1920,0.6235,0.4222,0.6585,-0.9536,-0.4696,1.0614,15.0900
S,2024,Jan,7.9040,0.9260,0.6212,0.7114,-0.6092,-0.1122,0.4713,26.8000
S,2025,Jan,7.5397,0.7219,0.8215,0.7430,-0.4009,0.0388,0.3225,23.9500
S,2026,Jan,4.6150,0.6287,1.0013,0.7412,-0.3209,0.0758,0.2189,13.9800
SBUX,2007,Sep,19.6448,0.2813,9.4115,0.5751,0.1120,0.0267,,9.6639
SBUX,2008,Sep,10.9432,-0.2775,10.3830,0.5526,0.0485,0.0264,0.1032,5.5180
SBUX,2009,Sep,14.6782,0.0718,9.7746,0.5575,0.0575,0.0965,-0.0586,7.3143
SBUX,2010,Oct,19.2241,0.9003,10.7074,0.5836,0.1326,0.1181,0.0954,9.6582
SBUX,2011,Oct,27.7960,1.5012,11.7004,0.5770,0.1477,0.0923,0.0927,14.0988
SBUX,2012,Sep,37.7080,1.4874,13.2995,0.5629,0.1502,0.0672,0.1367,19.4502
SBUX,2013,Sep,58.2759,1.9344,14.8922,0.5714,-0.0219,0.1180,0.1198,30.0820
SBUX,2014,Sep,56.2497,-0.2045,16.4478,0.5830,0.1873,-0.0336,0.1045,29.6547
SBUX,2015,Sep,86.1036,-0.7361,19.1627,0.5936,0.1879,0.1276,0.1651,46.3853
SBUX,2016,Oct,78.7954,-1.3390,21.3159,0.6007,0.1957,0.1471,0.1124,43.8928
SBUX,2017,Oct,76.4186,-1.2417,22.3868,0.5963,0.1847,0.1186,0.0502,44.3232
SBUX,2018,Sep,70.5157,-0.5023,24.7195,0.5884,0.1571,0.4030,0.1042,47.9902
SBUX,2019,Sep,104.3650,-8.4099,26.5086,0.6783,0.1538,0.1222,0.0724,76.0400
SBUX,2020,Sep,98.9429,-11.2774,23.5180,,0.0664,0.0049,-0.1128,74.0549
SBUX,2021,Oct,132.4777,-7.9979,29.0606,,0.1677,0.1555,0.2357,100.8769
SBUX,2022,Oct,96.7136,-11.6860,32.2503,,0.1432,0.0793,0.1098,76.9525
SBUX,2023,Oct,103.7466,-11.4132,35.9756,,0.1632,0.1022,0.1155,85.1248
SBUX,2024,Sep,110.3868,-12.0252,36.1762,,0.1495,0.0917,0.0056,93.1093
SBUX,2025,Sep,94.8228,-12.6078,37.1844,,0.0790,0.0657,0.0279,81.7820
SHOP,2022,Dec,43.9522,1.6490,5.6000,0.4918,-0.1468,-0.0332,,34.7100
SHOP,2023,Dec,99.8331,4.0920,7.0600,0.4979,-0.2008,0.1282,0.2607,77.9000
SHOP,2024,Dec,137.1457,4.5610,8.8800,0.5036,0.1211,0.1798,0.2578,106.3300
SHOP,2025,Dec,209.0929,5.7780,11.5560,0.4807,0.1270,0.1737,0.3014,160.9700
SNAP,2015,Dec,,0.6408,0.0587,-2.1083,-6.5072,-5.5542,,
SNAP,2016,Dec,,0.9874,0.4045,-0.1166,-1.2865,-1.6754,5.8950,
SNAP,2017,Dec,17.0365,2.0430,0.8249,0.1303,-4.2252,-0.9930,1.0395,14.6100
SNAP,2018,Dec,7.1661,1.2791,1.1804,0.3233,-1.0746,-0.6863,0.4309,5.5100
SNAP,2019,Dec,22.4613,1.2210,1.7155,0.4778,-0.6431,-0.1990,0.4533,16.3300
SNAP,2020,Dec,75.2719,0.8624,2.5066,0.5282,-0.3439,-0.0900,0.4611,50.0700
SNAP,2021,Dec,76.1549,1.4398,4.1170,0.5749,-0.1705,0.0542,0.6425,47.0300
SNAP,2022,Dec,14.5473,0.1966,4.6018,0.6055,-0.3032,0.0120,0.1178,8.9500
SNAP,2023,Dec,28.6912,-0.2053,4.6061,0.5410,-0.3036,0.0076,0.0009,16.9300
SNAP,2024,Dec,18.7168,-0.2676,5.3614,0.5385,-0.1468,0.0408,0.1640,10.7700
SNAP,2025,Dec,14.1727,-0.5963,5.9314,0.5499,-0.0897,0.0737,0.1063,8.0700
SNOW,2019,Jan,,0.1165,0.0967,0.4646,-1.9186,-1.5108,,
SNOW,2020,Jan,,0.1272,0.2647,0.5597,-1.3526,-0.7371,1.7388,
SNOW,2021,Jan,78.6563,0.8202,0.5920,0.5903,-0.9187,-0.1359,1.2363,272.4500
SNOW,2022,Jan,86.7981,1.0857,1.2193,0.6240,-0.5864,0.0771,1.0595,275.9000
SNOW,2023,Jan,50.8430,0.9399,2.0657,0.6526,-0.4077,0.2520,0.6941,156.4400
SNOW,2024,Jan,65.3829,1.7627,2.8065,0.6798,-0.3901,0.2897,0.3586,195.6400
SNOW,2025,Jan,60.6425,0.3573,3.6264,0.6650,-0.4015,0.2519,0.2921,181.5100
SNOW,2026,Jan,66.6164,0.5483,4.6839,0.6717,-0.3064,0.2392,0.2916,192.7000
SNPS,2008,Oct,2.6188,0.5776,1.3370,0.8064,0.1639,0.2186,,18.2800
SNPS,2009,Oct,3.1654,1.1683,1.3600,0.7988,0.1531,0.1470,0.0173,22.0200
SNPS,2010,Oct,3.8191,0.9386,1.3807,0.7964,0.1333,0.2186,0.0152,25.5800
SNPS,2011,Oct,3.8660,1.0041,1.5356,0.7783,0.1386,0.2494,0.1123,26.8100
SNPS,2012,Oct,4.8686,0.5654,1.7560,0.7764,0.1082,0.2459,0.1435,32.2000
SNPS,2013,Oct,5.6212,0.9174,1.9622,0.7689,0.1256,0.2198,0.1174,36.4200
SNPS,2014,Oct,6.2742,0.9108,2.0575,0.7779,0.1209,0.2176,0.0485,40.9800
SNPS,2015,Oct,7.5696,0.7599,2.2422,0.7686,0.1188,0.1821,0.0898,49.9800
SNPS,2016,Oct,8.9025,0.9123,2.4225,0.7759,0.1310,0.2145,0.0804,59.3100
SNPS,2017,Oct,12.8667,0.9044,2.7249,0.7599,0.1276,0.2063,0.1248,86.5200
SNPS,2018,Oct,13.3861,0.2538,3.1211,0.7642,0.1154,0.1043,0.1454,89.5300
SNPS,2019,Oct,20.4351,0.5909,3.3607,0.7760,0.1548,0.1792,0.0768,135.7500
SNPS,2020,Oct,32.7275,1.1077,3.6853,0.7844,0.1683,0.2270,0.0966,213.8600
SNPS,2021,Oct,51.1226,1.4807,4.2042,0.7950,0.1748,0.3327,0.1408,333.1800
SNPS,2022,Oct,44.5896,1.5447,5.0815,0.7907,0.2287,0.3153,0.2087,292.5500
SNPS,2023,Oct,71.3487,1.5725,5.8426,0.7908,0.2172,0.2591,0.1498,469.4400
SNPS,2024,Oct,79.3930,4.0348,6.1274,0.7968,0.2213,0.2095,0.0487,513.6100
SNPS,2025,Oct,86.8240,-10.5236,7.0542,0.7698,0.1297,0.1913,0.1512,453.8200
SOFI,2019,Dec,,0.4995,0.0045,-24.7361,,-20.4254,,
SOFI,2020,Dec,,-4.7989,0.1033,-0.7313,,-4.8764,21.8608,
SOFI,2021,Dec,13.1000,-3.4533,0.2477,-0.0374,,-5.6616,1.3973,15.8100
SOFI,2022,Dec,4.3083,-4.0640,0.3771,0.1694,,-19.4886,0.5223,4.6100
SOFI,2023,Dec,9.7185,-2.1484,0.4215,0.0984,,-17.4125,0.1176,9.9500
SOFI,2024,Dec,16.8867,-0.5544,0.5031,0.0825,,-2.5323,0.1938,15.4000
SOFI,2025,Dec,33.3864,3.1143,0.6194,0.0167,,-6.4340,0.2310,26.1800
TEAM,2021,Jun,64.1325,0.9192,2.0891,0.8412,0.0677,0.3630,,256.8600
TEAM,2022,Jun,47.4707,0.4591,2.8029,0.8384,0.0250,0.2677,0.3416,187.4000
TEAM,2023,Jun,43.0109,1.1130,3.5346,0.8207,-0.0977,0.2383,0.2611,167.8100
TEAM,2024,Jun,45.8354,1.3530,4.3586,0.8157,-0.0269,0.3248,0.2331,176.8800
TEAM,2025,Jun,53.1663,1.9495,5.2153,0.8284,-0.0250,0.2714,0.1966,203.0900
TMO,2007,Dec,24.3121,0.6251,9.7464,0.4789,0.1000,0.1342,,54.5701
TMO,2008,Dec,14.2481,-0.7300,10.4980,0.4952,0.1171,0.1101,0.0771,32.2331
TMO,2009,Dec,19.5272,-0.6103,10.1097,0.4898,0.1038,0.1436,-0.0370,45.1187
TMO,2010,Dec,21.6240,-1.2111,10.7887,0.5001,0.1172,0.1142,0.0672,52.3752
TMO,2011,Dec,16.4524,-6.0074,11.7259,0.4993,0.1062,0.1215,0.0869,42.5454
TMO,2012,Dec,22.8093,-6.2733,12.5099,0.5123,0.1185,0.1378,0.0669,60.9133
TMO,2013,Dec,43.6261,-4.6568,13.0903,0.5180,0.1230,0.1320,0.0464,107.0760
TMO,2014,Dec,49.7129,-13.2120,16.8896,0.5302,0.1482,0.1298,0.2902,121.0640
TMO,2015,Dec,56.2098,-12.0746,16.9654,0.5530,0.1377,0.1411,0.0045,137.7065
TMO,2016,Dec,55.0842,-15.8417,18.2740,0.5505,0.1340,0.1484,0.0771,137.5461
TMO,2017,Dec,76.2908,-19.6730,20.9180,0.5709,0.1419,0.1672,0.1447,185.7232
TMO,2018,Dec,89.2930,-16.8870,24.3580,,0.1553,0.1554,0.1645,219.5436
TMO,2019,Dec,129.5674,-15.3530,25.5420,,0.1799,0.1584,0.0486,319.5456
TMO,2020,Dec,183.4211,-11.4100,32.2180,,0.2419,0.2115,0.2614,459.2497
TMO,2021,Dec,261.0188,-30.3930,39.2110,,0.2557,0.1731,0.2171,659.2049
TMO,2022,Dec,212.2525,-25.9640,44.9150,,0.1869,0.1539,0.1455,545.2607
TMO,2023,Dec,202.3967,-26.8370,42.8570,,0.1600,0.1616,-0.0458,526.9633
TMO,2024,Dec,196.2626,-25.7050,42.8790,,0.1711,0.1695,0.0005,517.8848
TMO,2025,Dec,215.2565,-29.2800,44.5560,,0.1738,0.1412,0.0391,578.8777
TNDM,2012,Dec,,0.0172,0.0025,-0.5446,-13.3527,-15.3535,,
TNDM,2013,Dec,0.5922,0.1295,0.0290,0.2126,-1.7042,-1.7846,10.7200,257.7000
TNDM,2014,Dec,0.3012,0.0373,0.0497,0.3067,-1.5217,-1.3230,0.7141,127.0000
TNDM,2015,Dec,0.3576,0.0410,0.0728,0.3649,-0.9472,-0.8858,0.4651,118.1000
TNDM,2016,Dec,0.0674,-0.0275,0.0842,0.2800,-0.9264,-0.8321,0.1565,21.5000
TNDM,2017,Dec,0.1055,-0.0686,0.1076,0.4098,-0.5850,-0.6678,0.2772,2.3600
TNDM,2018,Dec,2.1915,0.1290,0.1839,0.4885,-0.2427,-0.0615,0.7088,37.9700
TNDM,2019,Dec,3.5603,0.1765,0.3623,0.5360,-0.0462,0.0617,0.9705,59.6100
TNDM,2020,Dec,5.9805,0.2820,0.4988,0.5223,-0.0160,-0.0055,0.3768,95.6800
TNDM,2021,Dec,9.6141,0.3423,0.7028,0.5353,0.0322,0.1383,0.4089,150.5200
TNDM,2022,Dec,2.9005,0.3337,0.8012,0.5154,-0.1159,0.0204,0.1400,44.9500
TNDM,2023,Dec,1.9414,0.1829,0.7477,0.4917,-0.3119,-0.0784,-0.0668,29.5800
TNDM,2024,Dec,2.3944,0.0894,0.9402,0.5207,-0.1054,0.0053,0.2574,36.0200
TNDM,2025,Dec,1.5018,-0.0174,1.0147,0.5381,-0.1845,-0.0292,0.0793,21.9800
TSLA,2009,Dec,,0.0696,0.1119,0.0852,-0.4636,-0.8282,,
TSLA,2010,Dec,,0.0277,0.1167,0.2632,-1.2578,-1.4392,0.0429,1.7753
TSLA,2011,Dec,2.9875,0.0041,0.2042,0.3016,-1.2313,-1.5289,0.7495,1.9040
TSLA,2012,Dec,3.8787,-0.2504,0.4133,0.0728,-0.9541,-1.2228,1.0234,2.2580
TSLA,2013,Dec,18.5318,0.8457,2.0135,0.2266,-0.0304,-0.0031,3.8723,10.0287
TSLA,2014,Dec,27.9709,-1.0541,3.1984,0.2757,-0.0584,-0.3212,0.5885,14.8273
TSLA,2015,Dec,31.6948,-1.4599,4.0460,0.2282,-0.1771,-0.5337,0.2650,16.0007
TSLA,2016,Dec,34.5474,-2.4679,7.0001,0.2285,-0.0953,-0.2007,0.7301,14.2460
TSLA,2017,Dec,52.5932,-6.8476,11.7588,0.1890,-0.1388,-0.2956,0.6798,20.7567
TSLA,2018,Dec,57.4817,-7.9400,21.4613,0.1883,-0.0181,-0.0001,0.8251,22.1867
TSLA,2019,Dec,75.8606,-4.1340,24.5780,0.1656,-0.0028,0.0439,0.1452,27.8887
TSLA,2020,Dec,677.3398,10.9220,31.5360,0.2102,0.0632,0.0883,0.2831,235.2233
TSLA,2021,Dec,1092.1902,13.4530,53.8230,0.2528,0.1212,0.0932,0.7067,352.2600
TSLA,2022,Dec,389.7542,21.1560,81.4620,0.2560,0.1676,0.0929,0.5135,123.1800
TSLA,2023,Dec,791.3567,26.4120,96.7730,0.1825,0.0919,0.0450,0.1880,248.4800
TSLA,2024,Dec,1298.9582,31.0280,97.6900,0.1786,0.0724,0.0367,0.0095,403.8400
TSLA,2025,Dec,1687.5437,37.4750,94.8270,0.1803,0.0459,0.0656,-0.0293,449.7200
TWLO,2014,Dec,,0.0326,0.0888,0.5338,-0.3003,-0.2071,,
TWLO,2015,Dec,,0.1088,0.1669,0.5540,-0.2120,-0.1227,0.8787,
TWLO,2016,Dec,1.5324,0.3057,0.2773,0.5654,-0.1490,-0.0147,0.6615,28.8500
TWLO,2017,Dec,2.1529,0.1153,0.3990,0.5416,-0.1656,-0.0313,0.4388,23.6000
TWLO,2018,Dec,8.6737,0.0527,0.6501,0.5372,-0.1773,0.0051,0.6292,89.3000
TWLO,2019,Dec,12.7846,-0.2045,1.1345,0.5367,-0.3260,-0.0276,0.7452,98.2800
TWLO,2020,Dec,49.6609,0.6318,1.7618,0.5197,-0.2798,0.0039,0.5530,338.5000
TWLO,2021,Dec,45.8687,0.4935,2.8418,0.4894,-0.3222,-0.0367,0.6131,263.3400
TWLO,2022,Dec,8.9594,-0.3356,3.8263,0.4740,-0.3150,,0.3464,48.9600
TWLO,2023,Dec,12.9868,-0.3330,4.1539,0.4920,-0.2110,,0.0856,75.8700
TWLO,2024,Dec,16.4966,-0.5693,4.4580,0.5110,-0.0120,,0.0732,108.0800
TWLO,2025,Dec,21.5514,-0.3100,5.0672,0.4892,0.0311,,0.1366,142.2400
TXG,2017,Dec,,0.0479,0.0711,0.8514,-0.2585,-0.2033,,
TXG,2018,Dec,,0.0354,0.1463,0.8041,-0.7570,-0.5652,1.0583,
TXG,2019,Dec,7.3384,0.3944,0.2459,0.7518,-0.1243,-0.0330,0.6806,76.2500
TXG,2020,Dec,15.3616,0.6636,0.2988,0.8044,-1.7874,-0.8518,0.2153,141.6000
TXG,2021,Dec,16.7602,0.5874,0.4905,0.8489,-0.1065,-0.2501,0.6413,148.9600
TXG,2022,Dec,4.1977,0.2197,0.5164,0.7669,-0.3252,-0.3200,0.0528,36.4400
TXG,2023,Dec,6.6646,0.3593,0.6187,0.6615,-0.4288,-0.1031,0.1981,55.9600
TXG,2024,Dec,1.7561,0.3441,0.6108,0.6786,-0.3185,-0.0094,-0.0128,14.3600
TXG,2025,Dec,2.0826,0.4740,0.6428,0.6905,-0.0949,0.2024,0.0525,16.3100
TXN,2007,Dec,47.3278,1.3280,13.8350,0.5326,0.2528,0.2690,,20.9053
TXN,2008,Dec,20.3002,2.5400,12.5010,0.4996,0.1949,0.2053,-0.0964,9.8760
TXN,2009,Dec,32.3636,2.9250,10.4270,0.4794,0.1909,0.1813,-0.1659,16.9713
TXN,2010,Dec,38.0917,3.0720,13.9660,0.5364,0.3232,0.1877,0.3394,21.5663
TXN,2011,Dec,33.3301,-1.2760,13.7350,0.4930,0.2178,0.1776,-0.0165,19.6521
TXN,2012,Dec,34.1269,-1.7210,12.8250,0.4965,0.1538,0.2276,-0.0663,21.3644
TXN,2013,Dec,47.6078,-1.3290,12.2050,0.5214,0.2320,0.2435,-0.0483,31.2533
TXN,2014,Dec,55.9907,-1.1010,13.0450,0.5693,0.3026,0.2688,0.0688,39.0954
TXN,2015,Dec,55.0982,-0.9020,13.0000,0.5815,0.3288,0.2859,-0.0034,41.1183
TXN,2016,Dec,72.9437,-0.1190,13.3700,0.6163,0.3589,0.3054,0.0285,56.2134
TXN,2017,Dec,102.7468,0.3920,14.9610,0.6426,0.4066,0.3120,0.1190,82.4909
TXN,2018,Dec,88.6868,-0.8350,15.7840,0.6511,0.4253,0.3838,0.0550,76.5768
TXN,2019,Dec,119.8197,-0.4160,14.3830,0.6371,0.3979,0.4034,-0.0888,106.8731
TXN,2020,Dec,151.0389,-0.2300,14.4610,0.6410,0.4076,0.3796,0.0054,140.7533
TXN,2021,Dec,174.0609,1.9980,18.3440,0.6747,0.4884,0.3431,0.2685,165.4287
TXN,2022,Dec,149.7233,0.3320,20.0280,0.6876,0.5063,0.2957,0.0918,149.1217
TXN,2023,Dec,154.9972,-2.6480,17.5190,0.6290,0.4185,0.0770,-0.1253,158.6789
TXN,2024,Dec,170.6965,-6.0160,15.6410,0.5814,0.3494,0.0958,-0.1072,179.5237
TXN,2025,Dec,157.4510,-9.1670,17.6820,0.5702,0.3406,0.1472,0.1305,171.4936
UBER,2017,Dec,,4.3930,7.9320,0.4755,-0.5144,-0.2823,,
UBER,2018,Dec,,-0.4900,11.2700,0.5011,-0.2691,-0.1862,0.4208,
UBER,2019,Dec,51.2651,5.5220,14.1470,0.4905,-0.6076,-0.3470,0.2553,29.7400
UBER,2020,Dec,94.7665,-1.0870,11.1390,0.5373,-0.4366,-0.3017,-0.2126,51.0000
UBER,2021,Dec,81.9507,-5.0930,17.4550,0.4643,-0.2197,-0.0426,0.5670,41.9300
UBER,2022,Dec,49.7050,-5.0500,31.8770,0.3833,-0.0575,0.0122,0.8262,24.7300
UBER,2023,Dec,127.8499,-4.1530,37.2810,0.3976,0.0298,0.0902,0.1695,61.5700
UBER,2024,Dec,126.0090,-2.5980,43.9780,0.3940,0.0636,0.1568,0.1796,60.3200
UBER,2025,Dec,168.1687,-2.9670,52.0170,0.3975,0.1070,0.1877,0.1828,81.7100
ULTA,2010,Jan,1.1236,0.0040,1.2228,0.3080,0.0557,0.0856,,19.1853
ULTA,2011,Jan,2.2478,0.1112,1.4548,0.3327,0.0817,0.0546,0.1898,36.3236
ULTA,2012,Jan,4.8299,0.2537,1.7762,0.3473,0.1105,0.0519,0.2209,76.4545
ULTA,2013,Feb,6.2104,0.3205,2.2203,0.3530,0.1261,0.0227,0.2500,97.5400
ULTA,2014,Feb,5.5107,0.4195,2.6706,0.3525,0.1227,0.0381,0.2028,85.7100
ULTA,2015,Jan,8.4745,0.5394,3.2414,0.3507,0.1266,0.0455,0.2137,131.9400
ULTA,2016,Jan,11.3445,0.4758,3.9241,0.3528,0.1290,0.0195,0.2106,181.1700
ULTA,2017,Jan,16.8652,0.4150,4.8547,0.3599,0.1349,0.0537,0.2372,271.4400
ULTA,2018,Feb,13.3024,0.3974,5.8845,0.3563,0.1335,0.0575,0.2121,219.4700
ULTA,2019,Feb,17.1331,0.4093,6.7166,0.3587,0.1272,0.0948,0.1414,291.3600
ULTA,2020,Feb,15.0859,0.5023,7.3981,0.3624,0.1218,0.1085,0.1015,267.9100
ULTA,2021,Jan,15.7241,1.0461,6.1520,0.3168,0.0385,0.1070,-0.1684,279.7600
ULTA,2022,Jan,18.7766,0.4316,8.6309,0.3903,0.1503,0.1028,0.4030,358.8300
ULTA,2023,Jan,25.3822,0.7379,10.2086,0.3962,0.1605,0.1146,0.1828,505.6700
ULTA,2024,Feb,24.3916,0.7666,11.2073,0.3909,0.1497,0.0929,0.0978,505.3300
ULTA,2025,Feb,18.6743,0.7032,11.2957,0.3884,0.1385,0.0854,0.0079,412.1500
ULTA,2026,Jan,28.3133,0.4320,12.3928,0.3910,0.1237,0.0862,0.0971,647.3600
UPST,2019,Dec,,0.0801,0.1598,,-0.0286,0.1725,,
UPST,2020,Dec,3.1338,0.2487,0.2286,,0.0515,0.0627,0.4301,40.7500
UPST,2021,Dec,12.7177,0.4958,0.8013,,0.1758,0.1996,2.5051,151.3000
UPST,2022,Dec,1.0759,-0.4539,0.9073,,-0.1255,-0.7534,0.1323,13.2200
UPST,2023,Dec,3.5315,-0.6720,0.5136,,-0.4995,-0.3155,-0.4339,40.8600
UPST,2024,Dec,5.7698,-0.6137,0.6365,,-0.2716,0.2914,0.2394,61.5700
UPST,2025,Dec,4.2882,-1.1768,1.0439,,0.0408,-0.1419,0.6399,43.7300
V,2007,Sep,,0.2750,3.5900,,-0.4036,0.0961,,
V,2008,Sep,,5.2280,6.2630,,0.1967,0.0185,0.7446,13.5103
V,2009,Sep,32.4962,4.6170,6.9110,,0.5119,0.0365,0.1035,15.3168
V,2010,Sep,,3.9470,8.0650,,0.5690,0.3038,0.1670,16.5605
V,2011,Sep,,3.3410,9.1880,,0.5938,0.3830,0.1392,19.2626
V,2012,Sep,,2.7510,10.4210,,0.2053,0.4446,0.1342,30.4109
V,2013,Sep,,4.1800,11.7780,,0.6146,0.2166,0.1302,43.6312
V,2014,Sep,,3.8810,12.7020,,0.6060,0.5237,0.0785,49.0880
V,2015,Sep,,5.9490,13.8800,,0.6530,0.4445,0.0927,64.5625
V,2016,Sep,,-7.0150,15.0820,,0.5227,0.3349,0.0866,77.2075
V,2017,Sep,,-3.2620,18.3580,,0.6615,0.4631,0.2172,98.9789
V,2018,Sep,,-5.0190,20.6090,,0.6286,0.5820,0.1226,142.0979
V,2019,Sep,,-8.8910,22.9770,,0.6529,0.5235,0.1149,163.9153
V,2020,Sep,,-7.7810,21.8460,,0.6446,0.4442,-0.0492,191.7647
V,2021,Sep,,-4.4900,24.1050,,0.6556,0.6024,0.1034,214.8677
V,2022,Sep,,-6.7610,29.3100,,0.6419,0.6100,0.2159,172.5781
V,2023,Sep,,-4.1770,32.6530,,0.6431,0.6032,0.1141,225.2415
V,2024,Sep,,-8.8610,35.9260,,0.6568,0.5203,0.1002,271.3696
V,2025,Sep,,-8.0070,40.0000,,0.5998,0.5394,0.1134,339.3006
VEEV,2012,Jan,,0.0169,0.0613,0.5257,0.1084,0.0667,,
VEEV,2013,Jan,,0.0462,0.1295,0.5599,0.2318,0.2303,1.1147,
VEEV,2014,Jan,1.6443,0.2881,0.2102,0.6069,0.1870,0.1898,0.6222,31.7900
VEEV,2015,Jan,3.6730,0.3979,0.3132,0.6307,0.2234,0.1310,0.4905,28.7600
VEEV,2016,Jan,3.1817,0.3462,0.4092,0.6525,0.1920,0.1442,0.3065,24.1000
VEEV,2017,Jan,5.7441,0.5189,0.5505,0.6727,0.1961,0.2490,0.3453,42.3300
VEEV,2018,Jan,8.8199,0.7620,0.6906,0.6866,0.2184,0.3241,0.2543,62.8600
VEEV,2019,Jan,15.7313,0.5510,0.8622,0.7155,0.2585,0.3507,0.2486,109.0600
VEEV,2020,Jan,21.6684,0.4767,1.1041,0.7252,0.2592,0.3933,0.2805,146.6100
VEEV,2021,Jan,41.6501,0.7305,1.4651,0.7209,0.2579,,0.3270,276.4400
VEEV,2022,Jan,36.2500,1.1380,1.8508,0.7279,0.2731,,0.2633,236.5400
VEEV,2023,Jan,26.5009,0.8865,2.1551,0.7172,0.2130,,0.1644,170.5500
VEEV,2024,Jan,33.4587,0.7035,2.3637,0.7135,0.1816,,0.0968,207.4100
VEEV,2025,Jan,37.9505,1.1188,2.7466,0.7453,0.2517,,0.1620,233.2600
VEEV,2026,Jan,33.3064,1.4212,3.1953,0.7553,0.2868,,0.1634,203.9200
W,2012,Dec,,0.0779,0.6010,0.2415,-0.0356,-0.0068,,
W,2013,Dec,,0.1153,0.9158,0.2448,-0.0175,0.0302,0.5238,
W,2014,Dec,1.0052,0.4159,1.3190,0.2359,-0.1120,-0.0210,0.4401,19.8500
W,2015,Dec,3.9870,0.3861,2.2499,0.2403,-0.0362,0.0402,0.7058,47.6200
W,2016,Dec,2.9784,0.3486,3.3804,0.2390,-0.0580,-0.0100,0.5025,35.0500
W,2017,Dec,6.9821,0.2871,4.7209,0.2370,-0.0499,-0.0142,0.3966,80.2700
W,2018,Dec,8.0596,0.2248,6.7792,0.2341,-0.0698,-0.0110,0.4360,90.0800
W,2019,Dec,8.3321,-0.4692,9.1271,0.2353,-0.1019,-0.0513,0.3463,90.3700
W,2020,Dec,21.6382,-0.0681,14.1452,0.2907,0.0255,0.0870,0.5498,225.8100
W,2021,Dec,19.7569,-0.9110,13.7080,0.2841,-0.0069,0.0225,-0.0309,189.9700
W,2022,Dec,3.4863,-1.8590,12.2180,0.2796,-0.1133,-0.0704,-0.1087,32.8900
W,2023,Dec,7.0338,-1.8580,12.0030,0.3055,-0.0677,0.0167,-0.0176,61.7000
W,2024,Dec,5.4514,-1.7460,11.8510,0.3016,-0.0389,0.0206,-0.0127,44.3200
W,2025,Dec,12.8525,-1.7300,12.4570,0.3022,0.0014,0.0372,0.0511,100.4100
WDAY,2010,Dec,,0.0309,0.0681,0.4142,-0.8238,-0.2791,,
WDAY,2012,Jan,,0.0575,0.1344,0.5137,-0.5835,-0.1397,,
WDAY,2013,Jan,8.8677,0.0842,0.2737,0.5742,-0.4307,-0.0171,1.0357,53.4200
WDAY,2014,Jan,16.4754,0.5813,0.4689,,-0.3269,-0.0308,0.7136,89.5400
WDAY,2015,Jan,15.0179,0.2982,0.7879,,-0.2738,-0.0021,0.6801,79.4600
WDAY,2016,Jan,12.2869,0.3001,1.1623,,-0.2277,0.1075,0.4753,63.0100
WDAY,2017,Jan,16.8673,0.5399,1.5744,,-0.2392,0.1447,0.3545,83.0900
WDAY,2018,Jan,25.4167,-0.3570,2.1431,,-0.1415,0.1513,0.3612,119.8900
WDAY,2019,Jan,39.3537,-0.5662,2.8222,,-0.1642,0.1432,0.3169,181.5300
WDAY,2020,Jan,41.9452,0.6823,3.6272,,-0.1385,,0.2852,184.6300
WDAY,2021,Jan,53.9289,1.7406,4.3180,,-0.0576,,0.1904,227.5300
WDAY,2022,Jan,62.5565,1.8044,5.1388,,-0.0227,,0.1901,253.0100
WDAY,2023,Jan,46.2318,3.1455,6.2158,,-0.0357,0.2080,0.2096,181.4300
WDAY,2024,Jan,76.0694,4.8330,7.2590,,0.0252,0.2641,0.1678,291.0700
WDAY,2025,Jan,69.5132,5.0330,8.4460,,0.0491,0.2595,0.1635,262.0600
WDAY,2026,Jan,46.5590,2.4560,9.5520,,0.0755,0.2907,0.1309,175.6300
WING,2013,Dec,,0.0032,0.0590,0.6241,0.2522,0.1485,,
WING,2014,Dec,,-0.0840,0.0674,0.6965,0.2678,0.1907,0.1432,
WING,2015,Dec,0.6449,-0.0848,0.0780,0.7150,0.2529,0.1428,0.1560,16.0144
WING,2016,Dec,0.8541,-0.1475,0.1033,0.7551,0.2826,0.1946,0.3252,23.4248
WING,2017,Dec,1.1348,-0.1297,0.1333,0.7844,0.2721,0.1839,0.2903,30.9809
WING,2018,Dec,1.8961,-0.3075,0.1532,0.7907,0.2515,0.2271,0.1490,58.0540
WING,2019,Dec,2.5395,-0.3048,0.1997,0.7941,0.2149,0.0806,0.3035,77.8014
WING,2020,Dec,4.1789,-0.4391,0.2488,0.8047,0.2307,0.2390,0.2461,132.5551
WING,2021,Dec,5.1611,-0.4290,0.2825,0.7968,0.2611,0.0738,0.1354,163.5714
WING,2022,Dec,4.1193,-0.5401,0.3575,0.8227,0.2571,0.1463,0.2656,135.5444
WING,2023,Dec,7.5275,-0.6307,0.4601,0.8464,0.2447,0.1756,0.2868,253.8195
WING,2024,Dec,8.1795,-0.9050,0.6258,0.8536,0.2646,0.1689,0.3603,283.0554
WING,2025,Dec,7.0413,-1.0244,0.6969,0.8622,0.2573,0.1516,0.1135,255.2196
WST,2008,Dec,1.2237,0.0872,1.0511,0.2879,0.1181,-0.0034,,16.4743
WST,2009,Dec,1.2858,-0.2965,1.0557,0.2876,0.0924,0.0311,0.0044,17.3940
WST,2010,Dec,1.3739,-0.2476,1.1047,0.2880,0.0821,0.0608,0.0464,18.5973
WST,2011,Dec,1.2819,-0.2311,1.1923,0.2846,0.0919,0.0296,0.0793,17.4134
WST,2012,Dec,1.8811,-0.2372,1.2664,0.3061,0.1067,0.0443,0.0621,25.5329
WST,2013,Dec,3.4508,-0.1360,1.3684,0.3177,0.1187,0.0501,0.0805,46.2755
WST,2014,Dec,3.8064,-0.0814,1.4214,0.3150,0.1280,0.0500,0.0387,50.6830
WST,2015,Dec,4.3559,-0.0236,1.3998,0.3256,0.0919,0.0577,-0.0152,57.7930
WST,2016,Dec,6.2147,-0.0256,1.5091,0.3321,0.1304,0.0326,0.0781,81.9937
WST,2017,Dec,7.3002,0.0389,1.5991,0.3206,0.1431,0.0829,0.0596,95.9470
WST,2018,Dec,7.2725,0.1413,1.7174,0.3176,0.1399,0.1071,0.0740,95.8731
WST,2019,Dec,11.1000,0.1818,1.8399,0.3292,0.1612,0.1309,0.0713,147.7702
WST,2020,Dec,20.9941,0.3603,2.1469,0.3576,0.1895,0.1389,0.1669,279.3588
WST,2021,Dec,34.8388,0.5096,2.8316,0.4152,0.2657,0.1168,0.3189,463.3940
WST,2022,Dec,17.4478,0.6854,2.8869,0.3936,0.2543,0.1522,0.0195,233.0942
WST,2023,Dec,25.8101,0.6471,2.9498,0.3828,0.2292,0.1405,0.0218,349.5608
WST,2024,Dec,23.6838,0.2820,2.8932,0.3451,0.1970,0.0955,-0.0192,325.9549
WST,2025,Dec,19.8160,0.5885,3.0741,0.3591,0.1903,0.1525,0.0625,274.6813
XYZ,2014,Dec,,0.2223,0.8502,0.2659,-0.1770,-0.1660,,
XYZ,2015,Dec,2.2318,0.4613,1.2671,0.2920,-0.1377,-0.0129,0.4904,13.0900
XYZ,2016,Dec,4.6554,0.4520,1.7087,0.3371,-0.0998,-0.0013,0.3485,13.6300
XYZ,2017,Dec,13.1519,0.3379,2.2143,0.3790,-0.0245,0.0459,0.2959,34.6700
XYZ,2018,Dec,22.7575,-0.3165,3.2055,0.4067,-0.0114,0.0730,0.4477,56.0900
XYZ,2019,Dec,26.5879,0.1083,4.7135,0.4009,0.0056,0.0855,0.4704,62.5600
XYZ,2020,Dec,96.4419,0.5711,9.4976,0.2878,-0.0020,0.0256,1.0150,217.6400
XYZ,2021,Dec,74.0413,-0.1160,17.6612,0.2503,0.0091,0.0404,0.8595,161.5100
XYZ,2022,Dec,36.3812,-0.0269,17.5316,0.3418,-0.0356,0.0003,-0.0073,62.8400
XYZ,2023,Dec,47.0950,4.2434,21.9156,0.3424,-0.0127,-0.0023,0.2501,77.3500
XYZ,2024,Dec,52.4382,7.8902,24.1211,0.3685,0.0370,0.0644,0.1006,84.9900
XYZ,2025,Dec,39.8509,6.0972,24.1937,0.4282,0.0706,0.1002,0.0030,65.0900
YETI,2016,Dec,,0.0213,0.8189,0.5055,0.1077,-0.0082,,
YETI,2017,Dec,,-0.4310,0.6392,0.4609,0.1001,0.1651,-0.2194,
YETI,2018,Dec,1.2478,-0.2528,0.7788,0.4919,0.1312,0.1993,0.2184,14.8200
YETI,2019,Dec,3.0358,-0.2275,0.9137,0.5202,0.0982,0.0600,0.1732,34.9800
YETI,2021,Jan,5.9689,0.1183,1.0917,0.5760,0.1962,0.3214,,68.4700
YETI,2022,Jan,7.2666,0.1939,1.4110,0.5784,0.1949,0.0641,0.2924,82.8300
YETI,2023,Dec,4.5014,0.3561,1.6587,0.5686,0.1359,0.1418,0.1756,51.7800
YETI,2024,Dec,3.2420,0.2807,1.8299,0.5811,0.1341,0.1200,0.1032,39.3500
YETI,2026,Jan,3.3750,0.1145,1.8685,0.5741,0.1143,0.1135,,44.8400
ZM,2018,Jan,,0.0361,0.1515,0.7968,-0.0319,0.0640,,
ZM,2019,Jan,,0.0488,0.3305,0.8154,0.0187,0.0693,1.1819,
ZM,2020,Jan,17.8268,0.2831,0.6227,0.8147,0.0204,0.1828,0.8839,76.3000
ZM,2021,Jan,105.6134,2.2403,2.6514,0.6900,0.2489,0.5247,3.2581,372.0700
ZM,2022,Jan,45.7185,1.0628,4.0999,0.7428,0.2594,0.3592,0.5463,154.2800
ZM,2023,Jan,22.2420,1.0868,4.3930,0.7495,0.0559,0.2701,0.0715,75.0000
ZM,2024,Jan,19.4313,1.5583,4.5272,0.7619,0.1160,0.3251,0.0306,64.6100
ZM,2025,Jan,26.7760,1.3494,4.6654,0.7579,0.1743,0.3877,0.0305,86.9400
ZM,2026,Jan,27.6764,1.2729,4.8688,0.7702,0.2308,0.3952,0.0436,92.1000
ZS,2016,Jul,,0.0928,0.0803,0.7494,-0.3342,-0.2156,,
ZS,2017,Jul,,0.0880,0.1257,0.7815,-0.2790,-0.1098,0.5651,
ZS,2018,Jul,4.2292,0.1356,0.1902,0.8008,-0.1821,0.0206,0.5127,35.3100
ZS,2019,Jul,10.7406,0.0785,0.3028,0.8030,-0.1166,0.1073,0.5924,84.2700
ZS,2020,Jul,17.2579,-0.7198,0.4313,0.7780,-0.2642,0.0840,0.4241,129.8500
ZS,2021,Jul,32.7292,-0.6376,0.6731,0.7767,-0.3087,0.2286,0.5607,235.9100
ZS,2022,Jul,22.1817,0.0445,1.0909,0.7779,-0.3001,0.2316,0.6208,155.0600
ZS,2023,Jul,23.6029,0.1280,1.6170,0.7756,-0.1451,0.2258,0.4822,160.3800
ZS,2024,Jul,27.3491,0.2808,2.1678,0.7799,-0.0560,0.2930,0.3407,179.3500
ZS,2025,Jul,45.2044,0.6883,2.6731,0.7687,-0.0481,0.3023,0.2331,285.5600
