ticker,date,ai,fwd_1q,fwd_1y,fwd_3y
A,2009-12-31,0.0238,0.1069,0.3334,0.3308
A,2010-03-31,0.0238,-0.1733,0.3021,0.2361
A,2010-06-30,0.0238,0.1738,0.7977,0.5277
A,2010-09-30,0.0238,0.2415,-0.0635,0.5636
A,2010-12-31,0.0238,0.0809,-0.1569,0.4086
A,2011-03-31,0.0238,0.1414,-0.0038,0.2743
A,2011-12-31,2.1846,0.2771,0.1838,0.6838
A,2012-03-31,2.8581,-0.1161,-0.0471,0.3446
A,2012-06-30,2.4876,-0.0176,0.1014,0.416
A,2012-09-30,2.4321,0.0674,0.3468,0.2863
A,2012-12-31,3.6942,0.0281,0.4113,0.4716
A,2013-03-31,3.7871,0.0217,0.3423,0.3643
A,2013-06-30,3.8584,0.2013,0.3559,0.4948
A,2013-09-30,4.6245,0.1185,0.1222,0.3241
A,2013-12-31,5.1605,-0.0222,0.0078,0.1487
A,2014-03-31,5.0459,0.032,0.0512,0.3667
A,2015-12-31,6.6666,-0.0469,0.1016,0.6611
A,2016-03-31,6.3461,0.1193,0.3446,1.0766
A,2016-06-30,7.0837,0.0642,0.3506,0.7269
A,2016-09-30,7.5302,-0.0297,0.3737,0.6727
A,2016-12-31,7.2799,0.1633,0.4832,0.9231
A,2017-03-31,8.4755,0.1243,0.2736,0.3914
A,2018-12-31,6.6317,0.1915,0.2754,1.416
A,2019-03-31,7.9288,-0.0691,-0.0991,0.6829
A,2019-06-30,7.3556,0.0307,0.1967,0.6252
A,2019-09-30,7.5523,0.1156,0.3262,0.6165
A,2019-12-31,8.9632,-0.1583,0.3979,0.7897
A,2020-03-31,7.5785,0.2365,0.7851,0.9657
A,2020-06-30,9.2727,0.1422,0.6809,0.3868
A,2020-09-30,10.5442,0.176,0.5705,0.129
A,2020-12-31,12.3473,0.0748,0.3551,0.198
A,2021-03-31,13.2265,0.1643,0.0465,0.1667
A,2021-06-30,15.3274,0.0672,-0.1921,-0.1059
A,2021-09-30,16.3153,0.0147,-0.2238,-0.0386
A,2021-12-31,10.83,-0.17,-0.0552,-0.1398
A,2022-03-31,9.0234,-0.1011,0.0523,-0.0975
A,2022-06-30,8.1267,0.0252,0.0211,0.015
A,2022-09-30,8.3105,0.2352,-0.0738,0.0812
A,2022-12-31,10.7064,-0.0756,-0.0642,-0.072
A,2023-03-31,9.9268,-0.1277,0.0595,-0.1557
A,2023-06-30,8.6799,-0.0701,0.0838,
A,2023-09-30,8.0988,0.248,0.3374,
A,2023-12-31,12.1394,0.0466,-0.027,
A,2024-03-31,12.6897,-0.1077,-0.1905,
A,2024-06-30,11.3411,0.1475,-0.0829,
A,2024-09-30,12.942,-0.0921,-0.1272,
A,2024-12-31,12.513,,0.0192,
AAPL,2009-12-31,9.3948,0.1152,0.5307,1.5478
AAPL,2010-03-31,10.6295,0.0703,0.483,0.9115
AAPL,2010-06-30,11.4704,0.1281,0.3345,0.6103
AAPL,2010-09-30,13.1095,0.1368,0.3439,0.7276
AAPL,2010-12-31,3.5147,0.0804,0.2556,0.7988
AAPL,2011-03-31,3.8242,-0.0368,0.7203,0.6023
AAPL,2011-06-30,3.671,0.136,0.7398,1.0275
AAPL,2011-09-30,4.2156,0.0621,0.757,0.9446
AAPL,2011-12-31,3.0416,0.4804,0.3257,1.0146
AAPL,2012-03-31,4.6109,-0.0259,-0.2508,0.5402
AAPL,2012-06-30,4.4855,0.1472,-0.3064,0.6005
AAPL,2012-09-30,5.1558,-0.1986,-0.2683,0.2324
AAPL,2012-12-31,3.4058,-0.1634,0.0807,0.4739
AAPL,2013-03-31,2.7975,-0.0983,0.2432,0.834
AAPL,2013-06-30,2.4841,0.2102,0.6803,0.7949
AAPL,2013-09-30,3.0292,0.1836,0.5127,0.7633
AAPL,2013-12-31,6.0125,-0.0376,0.4062,0.5341
AAPL,2014-03-31,5.7395,0.2187,0.6536,0.9856
AAPL,2014-06-30,0.75,0.0895,0.3734,0.6401
AAPL,2014-09-30,0.838,0.1003,0.1135,0.6172
AAPL,2014-12-31,7.8232,0.1317,-0.0301,0.6196
AAPL,2015-03-31,8.813,0.0122,-0.1078,0.4246
AAPL,2015-06-30,8.8835,-0.1166,-0.2222,0.5587
AAPL,2015-09-30,7.8176,-0.0416,0.0468,1.1594
AAPL,2015-12-31,3.7877,0.0411,0.1248,0.5799
AAPL,2016-03-31,3.9187,-0.1175,0.346,0.8353
AAPL,2016-06-30,3.4484,0.1889,0.5353,1.1754
AAPL,2016-09-30,4.0613,0.0298,0.3873,1.0783
AAPL,2016-12-31,4.1586,0.2458,0.4846,1.6541
AAPL,2017-03-31,5.1365,0.0066,0.1864,0.8494
AAPL,2018-12-31,12.6195,0.2094,0.8896,3.6384
AAPL,2019-03-31,15.1608,0.046,0.3562,2.7763
AAPL,2019-06-30,15.7896,0.1359,0.8652,1.831
AAPL,2019-09-30,17.8449,0.315,1.0888,1.5228
AAPL,2019-12-31,14.0336,-0.132,0.8231,0.8066
AAPL,2020-03-31,12.1548,0.4385,0.9363,1.6455
AAPL,2020-06-30,17.43,0.2721,0.5119,1.1663
AAPL,2020-09-30,5.5444,0.1477,0.2297,0.5051
AAPL,2020-12-31,18.9234,-0.0781,0.3465,0.4766
AAPL,2021-03-31,17.4312,0.1231,0.438,0.4283
AAPL,2021-06-30,19.528,0.0347,0.004,0.5641
AAPL,2021-09-30,20.1707,0.2567,-0.0178,0.6742
AAPL,2021-12-31,10.8172,-0.0154,-0.264,0.4334
AAPL,2022-03-31,10.6403,-0.2158,-0.0499,0.2928
AAPL,2022-06-30,8.3757,0.0122,0.4272,0.5247
AAPL,2022-09-30,8.4641,-0.0583,0.2462,0.8716
AAPL,2022-12-31,10.5636,0.2711,0.4901,1.1239
AAPL,2023-03-31,13.3242,0.1779,0.0455,0.5614
AAPL,2023-06-30,15.6191,-0.1161,0.0916,
AAPL,2023-09-30,13.8223,0.126,0.3679,
AAPL,2023-12-31,19.1771,-0.1082,0.3071,
AAPL,2024-03-31,17.1104,0.2299,0.3015,
AAPL,2024-06-30,20.9531,0.1075,-0.0213,
AAPL,2024-09-30,23.1503,0.0759,0.0979,
AAPL,2024-12-31,20.2386,,0.0905,
ABNB,2022-03-31,10.5013,-0.4814,-0.2757,-0.3045
ABNB,2022-06-30,5.125,0.1792,0.4387,0.4856
ABNB,2022-09-30,6.1628,-0.186,0.3063,0.1559
ABNB,2022-12-31,4.8922,0.455,0.5923,0.5874
ABNB,2023-03-31,6.9696,0.0302,0.326,0.0151
ABNB,2023-06-30,7.2027,0.0706,0.1831,
ABNB,2023-09-30,7.7638,-0.0078,-0.0758,
ABNB,2023-12-31,7.6974,0.2117,-0.0347,
ABNB,2024-03-31,9.6938,-0.0808,-0.2758,
ABNB,2024-06-30,8.8452,-0.1637,-0.1272,
ABNB,2024-09-30,7.2652,0.0363,-0.0425,
ABNB,2024-12-31,7.558,,0.0328,
ADBE,2010-03-31,8.3272,-0.2528,-0.0625,0.2304
ADBE,2010-06-30,6.115,-0.0106,0.1899,0.7238
ADBE,2010-09-30,6.0457,0.1771,-0.0757,0.9862
ADBE,2010-12-31,7.1914,0.0773,-0.0815,0.9454
ADBE,2011-03-31,3.5085,-0.0516,0.0347,0.9825
ADBE,2011-06-30,3.3167,-0.2315,0.0293,1.3008
ADBE,2011-09-30,2.4998,0.1696,0.3422,1.8626
ADBE,2011-12-31,2.9599,0.2137,0.3329,1.5716
ADBE,2012-03-31,3.6639,-0.0565,0.2684,1.1551
ADBE,2012-06-30,3.438,0.0022,0.4075,1.5026
ADBE,2012-09-30,3.4461,0.1615,0.6011,1.5345
ADBE,2012-12-31,4.0563,0.155,0.5892,1.4931
ADBE,2013-03-31,4.7783,0.0469,0.5106,1.1553
ADBE,2013-06-30,5.0256,0.14,0.5882,1.1025
ADBE,2013-09-30,5.7988,0.1529,0.3321,1.0897
ADBE,2013-12-31,6.7611,0.0979,0.2141,0.7193
ADBE,2014-03-31,9.844,0.1007,0.1247,0.9795
ADBE,2014-06-30,10.8884,-0.0438,0.1195,0.9547
ADBE,2014-09-30,10.3882,0.0507,0.1883,1.1561
ADBE,2014-12-31,10.942,0.0171,0.2922,1.4105
ADBE,2015-03-31,9.5665,0.0956,0.2686,1.9224
ADBE,2015-06-30,10.54,0.0149,0.1824,2.0096
ADBE,2015-09-30,10.7067,0.1425,0.3201,2.2833
ADBE,2015-12-31,12.3205,-0.0015,0.0959,1.4083
ADBE,2016-03-31,9.3027,0.0212,0.3873,1.841
ADBE,2016-06-30,9.5092,0.1331,0.4766,2.076
ADBE,2016-09-30,10.8327,-0.0515,0.3744,1.5451
ADBE,2016-12-31,10.2524,0.264,0.7022,2.2036
ADBE,2017-03-31,9.7096,0.0869,0.6605,1.4456
ADBE,2017-06-30,10.5928,0.0547,0.7238,2.0777
ADBE,2017-09-30,11.1972,0.1747,0.8096,2.2875
ADBE,2017-12-31,13.2321,0.2331,0.291,1.8539
ADBE,2018-03-31,12.634,0.1283,0.2333,1.2
ADBE,2018-06-30,14.3178,0.1072,0.2085,1.402
ADBE,2018-09-30,15.905,-0.1619,0.0233,1.1327
ADBE,2018-12-31,13.2509,0.1779,0.4578,1.5065
ADBE,2019-03-31,13.1228,0.1057,0.1942,0.7097
ADBE,2019-06-30,14.5,-0.0624,0.4774,0.2424
ADBE,2019-09-30,13.6001,0.1939,0.7753,-0.0038
ADBE,2019-12-31,16.2195,-0.0351,0.5164,0.0204
ADBE,2020-03-31,12.6275,0.3679,0.4937,0.2109
ADBE,2020-06-30,17.274,0.1266,0.3453,0.1233
ADBE,2020-09-30,19.4616,0.0198,0.1739,0.0397
ADBE,2020-12-31,19.8462,-0.0495,0.1338,0.1929
ADBE,2021-03-31,17.2273,0.232,-0.0415,0.0615
ADBE,2021-06-30,21.2567,-0.0169,-0.3749,-0.0514
ADBE,2021-09-30,20.8942,-0.015,-0.522,-0.1006
ADBE,2021-12-31,20.5777,-0.1965,-0.4065,-0.2158
ADBE,2022-03-31,12.1864,-0.1966,-0.1542,-0.1582
ADBE,2022-06-30,9.7722,-0.2482,0.3358,0.0569
ADBE,2022-09-30,7.3228,0.2229,0.8528,0.2818
ADBE,2022-12-31,8.9761,0.1451,0.7728,0.04
ADBE,2023-03-31,9.9562,0.2689,0.3094,-0.3692
ADBE,2023-06-30,12.6712,0.0428,0.1361,
ADBE,2023-09-30,13.2191,0.17,0.0155,
ADBE,2023-12-31,15.4908,-0.1542,-0.2546,
ADBE,2024-03-31,11.7563,0.101,-0.2399,
ADBE,2024-06-30,12.9654,-0.068,-0.3036,
ADBE,2024-09-30,12.0692,-0.1412,-0.3187,
ADBE,2024-12-31,10.334,,-0.2129,
ADI,2009-12-31,10.9559,-0.0812,0.227,0.452
ADI,2010-03-31,9.7634,-0.0258,0.4039,0.76
ADI,2010-06-30,9.3486,0.1349,0.4413,0.7643
ADI,2010-09-30,10.8695,0.2079,0.0218,0.6354
ADI,2010-12-31,3.0335,0.0513,-0.0241,0.4756
ADI,2011-03-31,3.2144,0.0001,0.0564,0.4753
ADI,2011-06-30,3.189,-0.1954,-0.007,0.5115
ADI,2011-09-30,2.3542,0.1536,0.2935,0.7322
ADI,2011-12-31,3.1587,0.1381,0.2126,0.6959
ADI,2012-03-31,3.7738,-0.0599,0.1867,0.7023
ADI,2012-06-30,3.4103,0.048,0.2327,0.8561
ADI,2012-09-30,3.6114,0.0815,0.2373,0.5688
ADI,2012-12-31,5.9404,0.1137,0.247,0.4318
ADI,2013-03-31,6.8442,-0.0235,0.1768,0.3869
ADI,2013-06-30,6.5525,0.0519,0.2348,0.3689
ADI,2013-09-30,6.9584,0.0899,0.0823,0.4906
ADI,2013-12-31,6.8599,0.051,0.1215,0.5497
ADI,2014-03-31,7.2825,0.0247,0.219,0.6729
ADI,2014-06-30,7.4603,-0.078,0.2194,0.5587
ADI,2014-09-30,6.5846,0.1294,0.1715,0.8827
ADI,2014-12-31,7.8843,0.1424,0.0239,0.7314
ADI,2015-03-31,9.0026,0.025,-0.0332,0.5594
ADI,2015-06-30,9.1806,-0.1142,-0.0908,0.6089
ADI,2015-09-30,8.0174,-0.0129,0.1756,0.7592
ADI,2015-12-31,4.9637,0.0788,0.3496,0.6633
ADI,2016-03-31,5.3741,-0.0361,0.4195,0.9008
ADI,2016-06-30,5.1037,0.1454,0.406,1.1261
ADI,2016-09-30,5.9318,0.1332,0.367,0.8467
ADI,2016-12-31,6.7981,0.1346,0.253,0.7416
ADI,2017-03-31,7.7873,-0.0453,0.1363,0.1642
ADI,2018-12-31,10.117,0.2328,0.4131,1.1687
ADI,2019-03-31,12.8235,0.0781,-0.1306,0.6613
ADI,2019-06-30,13.8815,-0.0051,0.1092,0.3691
ADI,2019-09-30,13.7228,0.0687,0.0667,0.3189
ADI,2019-12-31,11.3808,-0.2415,0.2687,0.4593
ADI,2020-03-31,8.5434,0.3754,0.7635,1.3241
ADI,2020-06-30,11.7502,-0.0432,0.4294,0.6771
ADI,2020-09-30,11.1767,0.2711,0.4594,0.5828
ADI,2020-12-31,16.0861,0.0542,0.2096,0.4189
ADI,2021-03-31,16.9022,0.1148,0.0835,0.347
ADI,2021-06-30,18.7987,-0.0231,-0.1364,0.3999
ADI,2021-09-30,18.2791,0.0535,-0.1528,0.4506
ADI,2021-12-31,13.4326,-0.0557,-0.0491,0.2764
ADI,2022-03-31,12.6103,-0.1115,0.2163,0.2885
ADI,2022-06-30,11.128,-0.0416,0.3586,0.7193
ADI,2022-09-30,10.6038,0.1824,0.2802,0.8592
ADI,2022-12-31,5.8144,0.2079,0.2336,0.7417
ADI,2023-03-31,6.9235,-0.0075,0.022,0.6967
ADI,2023-06-30,6.843,-0.097,0.1931,
ADI,2023-09-30,6.184,0.1394,0.3375,
ADI,2023-12-31,12.718,0.0008,0.0882,
ADI,2024-03-31,12.6713,0.1586,0.0365,
ADI,2024-06-30,14.5208,0.0123,0.0607,
ADI,2024-09-30,14.6367,-0.073,0.0858,
ADI,2024-12-31,34.668,,0.2975,
ADSK,2010-03-31,5.3277,-0.1709,0.5014,0.404
ADSK,2010-06-30,4.2586,0.3124,0.5846,0.3933
ADSK,2010-09-30,5.8793,0.1949,-0.1307,0.2878
ADSK,2010-12-31,7.2061,0.1547,-0.206,0.3173
ADSK,2011-03-31,4.332,-0.1249,-0.0406,0.1149
ADSK,2011-06-30,3.7124,-0.2801,-0.0935,0.4606
ADSK,2011-09-30,2.4966,0.0914,0.2001,0.9827
ADSK,2011-12-31,2.7823,0.3953,0.1655,0.9802
ADSK,2012-03-31,3.5906,-0.1732,-0.0253,0.3856
ADSK,2012-06-30,2.8618,-0.0469,-0.03,0.4313
ADSK,2012-09-30,2.6987,0.06,0.2345,0.3235
ADSK,2012-12-31,2.8976,0.1669,0.4235,0.7236
ADSK,2013-03-31,3.6896,-0.1772,0.1922,0.4136
ADSK,2013-06-30,2.9372,0.213,0.6612,0.5952
ADSK,2013-09-30,3.6814,0.2222,0.3384,0.7569
ADSK,2013-12-31,4.6231,-0.0227,0.1936,0.4708
ADSK,2014-03-31,4.9198,0.1464,0.1924,0.7582
ADSK,2014-06-30,5.7535,-0.0227,-0.1117,0.7882
ADSK,2014-09-30,5.6053,0.09,-0.1989,1.0374
ADSK,2014-12-31,6.1796,-0.0236,0.0145,0.7454
ADSK,2015-03-31,4.9495,-0.146,-0.0056,1.1415
ADSK,2015-06-30,4.1503,-0.1186,0.0811,1.6176
ADSK,2015-09-30,3.5957,0.3804,0.6386,2.5367
ADSK,2015-12-31,5.1634,-0.043,0.2147,1.1108
ADSK,2016-03-31,5.8001,-0.0715,0.4829,1.6723
ADSK,2016-06-30,5.3596,0.336,0.8622,2.0089
ADSK,2016-09-30,7.2809,0.0232,0.5521,1.042
ADSK,2016-12-31,7.4584,0.1684,0.4164,1.4789
ADSK,2017-03-31,8.7745,0.166,0.4523,0.8053
ADSK,2017-06-30,10.2903,0.1135,0.3002,1.3724
ADSK,2019-03-31,12.0821,0.0454,0.0018,0.3756
ADSK,2019-06-30,12.6134,-0.0933,0.4683,0.0556
ADSK,2019-09-30,11.4727,0.2421,0.564,0.2647
ADSK,2019-12-31,14.1565,-0.1491,0.6643,0.0186
ADSK,2020-03-31,8.9741,0.5323,0.7755,0.3335
ADSK,2020-06-30,13.7154,-0.0342,0.2204,-0.1446
ADSK,2020-09-30,13.2486,0.3218,0.2344,-0.1043
ADSK,2020-12-31,17.4901,-0.0923,-0.0791,-0.2026
ADSK,2021-03-31,14.9732,0.0532,-0.2266,-0.0604
ADSK,2021-06-30,15.7728,-0.0231,-0.4109,-0.1523
ADSK,2021-09-30,15.408,-0.014,-0.345,-0.034
ADSK,2021-12-31,15.1922,-0.2377,-0.3354,0.0511
ADSK,2022-03-31,10.191,-0.1978,-0.0289,0.2214
ADSK,2022-06-30,8.2133,0.0863,0.1899,0.8002
ADSK,2022-09-30,8.9056,0.0004,0.1077,0.7006
ADSK,2022-12-31,8.9089,0.1139,0.3029,0.584
ADSK,2023-03-31,8.5908,-0.0171,0.2511,0.1501
ADSK,2023-06-30,8.445,0.0112,0.2094,
ADSK,2023-09-30,8.5395,0.1767,0.3314,
ADSK,2023-12-31,10.0411,0.0696,0.2139,
ADSK,2024-03-31,10.7367,-0.0498,0.0053,
ADSK,2024-06-30,9.6567,0.1133,0.251,
ADSK,2024-09-30,10.7494,0.0729,0.1532,
ADSK,2024-12-31,11.5327,,0.0015,
ALGN,2011-03-31,3.2091,0.1133,0.3452,1.5288
ALGN,2011-06-30,3.6593,-0.3346,0.4675,1.4579
ALGN,2011-09-30,2.1785,0.5643,1.437,2.4067
ALGN,2011-12-31,3.8398,0.161,0.1694,1.3561
ALGN,2012-03-31,4.0876,0.2145,0.2163,0.9525
ALGN,2012-06-30,5.073,0.1049,0.107,0.8742
ALGN,2012-09-30,5.6582,-0.2494,0.3011,0.5353
ALGN,2012-12-31,4.121,0.2076,1.0591,1.373
ALGN,2013-03-31,4.7142,0.1053,0.5455,1.1692
ALGN,2013-06-30,5.28,0.2986,0.513,1.1747
ALGN,2013-09-30,7.0525,0.1879,0.0744,0.9491
ALGN,2013-12-31,8.5014,-0.0936,-0.0215,0.6824
ALGN,2014-03-31,6.248,0.0821,0.0386,1.2149
ALGN,2014-06-30,6.81,-0.0778,0.119,1.6788
ALGN,2014-09-30,6.2334,0.0818,0.0983,2.6043
ALGN,2014-12-31,6.7928,-0.0379,0.1778,2.9741
ALGN,2015-03-31,5.5894,0.1658,0.3514,3.6687
ALGN,2015-06-30,6.6247,-0.0949,0.2845,4.4559
ALGN,2015-09-30,5.9341,0.1601,0.6517,5.8925
ALGN,2015-12-31,6.9891,0.1039,0.4598,2.1804
ALGN,2016-03-31,7.1753,0.1081,0.5781,2.9115
ALGN,2016-06-30,8.0289,0.1639,0.8637,2.3979
ALGN,2016-09-30,9.4625,0.0254,0.9869,0.9298
ALGN,2016-12-31,9.721,0.1933,1.3113,1.9027
ALGN,2017-03-31,11.7388,0.3087,1.1893,0.5164
ALGN,2017-06-30,15.5845,0.2408,1.2791,0.8281
ALGN,2019-03-31,10.4504,-0.0374,-0.3882,0.5334
ALGN,2019-06-30,10.0466,-0.339,0.0027,-0.1353
ALGN,2019-09-30,6.5226,0.5423,0.8094,0.1448
ALGN,2019-12-31,10.2494,-0.3766,0.9151,-0.2442
ALGN,2020-03-31,5.6205,0.5777,2.1131,0.9209
ALGN,2020-06-30,9.0873,0.1928,1.2264,0.2886
ALGN,2020-09-30,10.913,0.6324,1.0327,-0.0673
ALGN,2020-12-31,18.0549,0.0134,0.2298,-0.4873
ALGN,2021-03-31,22.89,0.1283,-0.1949,-0.3945
ALGN,2021-06-30,25.8937,0.0891,-0.6127,-0.6049
ALGN,2021-09-30,28.2472,-0.0124,-0.6888,-0.6178
ALGN,2021-12-31,27.8905,-0.3366,-0.6791,-0.6827
ALGN,2022-03-31,6.2712,-0.4572,-0.2336,-0.6356
ALGN,2022-06-30,3.3094,-0.1249,0.4942,-0.2
ALGN,2022-09-30,2.8701,0.0183,0.4742,-0.3954
ALGN,2022-12-31,2.9265,0.5844,0.2992,-0.2596
ALGN,2023-03-31,10.1557,0.0584,-0.0186,-0.487
ALGN,2023-06-30,10.771,-0.1366,-0.3173,
ALGN,2023-09-30,9.2463,-0.1026,-0.167,
ALGN,2023-12-31,8.258,0.1968,-0.239,
ALGN,2024-03-31,8.3452,-0.2638,-0.5156,
ALGN,2024-06-30,6.057,0.0534,-0.2158,
ALGN,2024-09-30,6.398,-0.1801,-0.5076,
ALGN,2024-12-31,5.1861,,-0.2511,
AMAT,2009-12-31,8.0775,-0.0291,0.0306,-0.1128
AMAT,2010-03-31,7.7747,-0.1027,0.1852,0.0838
AMAT,2010-06-30,6.8406,-0.0221,0.1066,0.3459
AMAT,2010-09-30,6.6216,0.2097,-0.0923,0.6275
AMAT,2010-12-31,1.3176,0.1166,-0.2187,0.365
AMAT,2011-03-31,1.4863,-0.1622,-0.1816,0.4195
AMAT,2011-06-30,1.2058,-0.1979,-0.094,0.8803
AMAT,2011-09-30,0.9209,0.0412,0.1103,1.2567
AMAT,2011-12-31,1.7852,0.1697,0.1019,1.5105
AMAT,2012-03-31,2.2038,-0.0725,0.1173,0.9512
AMAT,2012-06-30,1.9632,-0.0171,0.3423,0.8011
AMAT,2012-09-30,1.8959,0.0333,0.6149,0.4088
AMAT,2012-12-31,7.5232,0.186,0.5855,0.7426
AMAT,2013-03-31,8.8639,0.1143,0.5523,0.6758
AMAT,2013-06-30,9.8102,0.1825,0.546,0.7095
AMAT,2013-09-30,11.5255,0.0145,0.2586,0.8246
AMAT,2013-12-31,10.9522,0.1611,0.437,0.931
AMAT,2014-03-31,12.6452,0.1098,0.125,1.0105
AMAT,2014-06-30,13.9612,-0.0373,-0.1321,0.928
AMAT,2014-09-30,13.3804,0.1583,-0.3069,1.5313
AMAT,2014-12-31,5.099,-0.0909,-0.2352,1.1483
AMAT,2015-03-31,4.596,-0.1438,-0.0404,1.5754
AMAT,2015-06-30,3.8842,-0.2312,0.274,1.5084
AMAT,2015-09-30,2.9188,0.2781,1.0915,1.7426
AMAT,2015-12-31,4.595,0.1406,0.757,0.8279
AMAT,2016-03-31,5.2252,0.1367,0.8623,0.9513
AMAT,2016-06-30,5.9257,0.2622,0.7437,0.9538
AMAT,2016-09-30,7.4773,0.0737,0.7461,0.7278
AMAT,2016-12-31,8.0095,0.2089,0.5986,0.9751
AMAT,2017-03-31,9.6741,0.0643,0.4411,0.2303
AMAT,2018-12-31,2.8317,0.2176,0.8986,3.9957
AMAT,2019-03-31,3.4664,0.1382,0.1742,2.4428
AMAT,2019-06-30,3.948,0.1161,0.3665,1.0931
AMAT,2019-09-30,4.4057,0.2275,0.208,0.6931
AMAT,2019-12-31,5.4274,-0.247,0.4329,0.6435
AMAT,2020-03-31,4.0314,0.3245,1.9514,1.7593
AMAT,2020-12-31,7.3156,0.551,0.8364,0.9266
AMAT,2021-03-31,11.34,0.0677,-0.0066,0.5832
AMAT,2021-06-30,12.0887,-0.0943,-0.3562,0.6999
AMAT,2021-09-30,10.9256,0.2244,-0.3582,0.6101
AMAT,2021-12-31,7.4478,-0.1609,-0.3754,0.061
AMAT,2022-03-31,6.238,-0.308,-0.0589,0.1309
AMAT,2022-06-30,4.3059,-0.0972,0.6045,1.0675
AMAT,2022-09-30,3.8775,0.1915,0.706,1.5685
AMAT,2022-12-31,5.6582,0.2643,0.6797,1.7112
AMAT,2023-03-31,7.087,0.1798,0.6935,1.8556
AMAT,2023-06-30,8.3058,-0.0401,0.6455,
AMAT,2023-09-30,7.9639,0.1731,0.4705,
AMAT,2023-12-31,10.1458,0.2746,0.0113,
AMAT,2024-03-31,12.9395,0.1464,-0.2904,
AMAT,2024-06-30,14.8222,-0.1422,-0.2169,
AMAT,2024-09-30,12.675,-0.1932,0.0239,
AMAT,2024-12-31,9.506,,0.596,
AMD,2013-03-31,9.9008,0.6,0.5725,0.1176
AMD,2013-06-30,13.6818,-0.0662,0.027,0.2598
AMD,2013-09-30,13.0145,0.0157,-0.105,0.8136
AMD,2013-12-31,13.1628,0.0362,-0.3101,1.9302
AMD,2014-03-31,2.0754,0.0449,-0.3317,2.6284
AMD,2014-06-30,2.1458,-0.1862,-0.4272,1.9785
AMD,2014-09-30,1.8409,-0.217,-0.4956,2.739
AMD,2014-12-31,1.5517,0.0037,0.0749,2.8502
AMD,2015-03-31,1.5774,-0.1045,0.0634,2.75
AMD,2015-06-30,1.4715,-0.2833,1.1417,5.2458
AMD,2015-09-30,1.2141,0.6686,3.0174,16.9593
AMD,2015-12-31,1.6493,-0.007,2.9512,5.4321
AMD,2016-03-31,1.6418,0.8035,4.1053,7.9544
AMD,2016-06-30,2.5083,0.3444,1.428,4.9086
AMD,2019-03-31,6.5134,0.19,0.7821,3.2845
AMD,2019-06-30,7.7467,-0.0454,0.7323,1.5179
AMD,2019-09-30,7.3958,0.5819,1.8282,1.1856
AMD,2019-12-31,11.6858,-0.0083,0.9998,0.4123
AMD,2020-03-31,16.6488,0.1568,0.726,1.155
AMD,2020-06-30,19.3097,0.5584,0.7854,1.1652
AMD,2020-09-30,30.2744,0.1186,0.255,0.2541
AMD,2020-12-31,33.9019,-0.144,0.5691,0.6073
AMD,2021-03-31,10.6493,0.1966,0.3929,1.2992
AMD,2021-06-30,12.7866,0.0955,-0.1859,0.7269
AMD,2021-09-30,14.029,0.3984,-0.3843,0.5946
AMD,2021-12-31,19.7081,-0.2402,-0.5499,-0.1606
AMD,2022-03-31,6.6727,-0.3006,-0.1036,-0.0604
AMD,2022-06-30,4.615,-0.1714,0.4896,0.8556
AMD,2022-09-30,3.7943,0.0223,0.6228,1.5535
AMD,2022-12-31,3.8826,0.5132,1.2759,2.3065
AMD,2023-03-31,7.396,0.1622,0.8415,1.0756
AMD,2023-06-30,8.6222,-0.0974,0.424,
AMD,2023-09-30,7.7669,0.4337,0.5958,
AMD,2023-12-31,11.2056,0.2244,-0.1806,
AMD,2024-03-31,30.1128,-0.1013,-0.4308,
AMD,2024-06-30,27.028,0.0115,-0.1252,
AMD,2024-09-30,27.3436,-0.2638,-0.014,
AMD,2024-12-31,20.0383,,0.773,
AMZN,2010-03-31,4.3757,-0.1953,0.3267,0.9628
AMZN,2010-06-30,3.4225,0.4375,0.8716,1.5416
AMZN,2010-09-30,5.1412,0.1461,0.3767,0.9906
AMZN,2010-12-31,5.9661,0.0007,-0.0383,1.2155
AMZN,2011-03-31,3.4318,0.1352,0.1242,0.8674
AMZN,2011-06-30,3.9507,0.0574,0.1167,0.5882
AMZN,2011-09-30,4.2007,-0.1995,0.1762,0.4912
AMZN,2011-12-31,3.282,0.1699,0.4493,0.7929
AMZN,2012-03-31,2.7391,0.1276,0.3159,0.8374
AMZN,2012-06-30,3.1273,0.1137,0.2161,0.901
AMZN,2012-09-30,3.5175,-0.0136,0.2293,1.0128
AMZN,2012-12-31,3.4657,0.0623,0.5896,1.6942
AMZN,2013-03-31,3.5808,0.042,0.2622,1.2276
AMZN,2013-06-30,3.7416,0.1259,0.1696,1.577
AMZN,2013-09-30,4.2434,0.2756,0.0313,1.6782
AMZN,2013-12-31,5.4802,-0.1565,-0.2218,0.8804
AMZN,2014-03-31,3.9945,-0.0345,0.1062,1.6356
AMZN,2014-06-30,3.8488,-0.0072,0.3366,1.9805
AMZN,2014-09-30,3.8194,-0.0375,0.5876,1.9815
AMZN,2014-12-31,3.6675,0.199,1.1778,2.7682
AMZN,2015-03-31,3.7895,0.1666,0.5954,2.8897
AMZN,2015-06-30,4.4497,0.1792,0.6486,2.9158
AMZN,2015-09-30,5.2781,0.3204,0.6357,2.913
AMZN,2015-12-31,7.0245,-0.1217,0.1095,1.2222
AMZN,2016-03-31,4.7046,0.2055,0.4934,1.9997
AMZN,2016-06-30,5.7119,0.17,0.3527,1.6461
AMZN,2016-09-30,6.7167,-0.1044,0.1481,1.0732
AMZN,2016-12-31,5.9947,0.1823,0.5596,1.4642
AMZN,2017-03-31,7.1232,0.0919,0.6326,1.1992
AMZN,2017-06-30,7.7959,-0.0069,0.756,1.85
AMZN,2019-03-31,5.1783,0.0634,0.0949,0.8307
AMZN,2019-06-30,5.5128,-0.0833,0.4569,0.1218
AMZN,2019-09-30,5.0455,0.0645,0.8139,0.3019
AMZN,2019-12-31,5.3771,0.0551,0.7626,-0.0908
AMZN,2020-03-31,5.4558,0.415,0.5869,0.0595
AMZN,2020-06-30,7.7926,0.1413,0.247,-0.055
AMZN,2020-09-30,8.9187,0.0344,0.0433,-0.1926
AMZN,2020-12-31,9.2312,-0.05,0.0238,-0.067
AMZN,2021-03-31,5.0564,0.1119,0.0536,0.166
AMZN,2021-06-30,5.6412,-0.0451,-0.3825,0.1235
AMZN,2021-09-30,5.3791,0.015,-0.312,0.1344
AMZN,2021-12-31,5.4624,-0.0223,-0.4962,0.3159
AMZN,2022-03-31,5.3883,-0.3484,-0.3663,0.1673
AMZN,2022-06-30,0.0286,0.0639,0.2274,1.0656
AMZN,2022-09-30,0.0401,-0.2566,0.125,0.9431
AMZN,2022-12-31,-0.0092,0.2296,0.8088,1.7479
AMZN,2023-03-31,3.8724,0.2621,0.7463,1.0164
AMZN,2023-06-30,4.8867,-0.0249,0.4824,
AMZN,2023-09-30,4.7653,0.1952,0.4658,
AMZN,2023-12-31,5.6954,0.1872,0.4439,
AMZN,2024-03-31,5.4848,0.0713,0.0548,
AMZN,2024-06-30,5.8803,-0.0358,0.1353,
AMZN,2024-09-30,5.6676,0.1774,0.1784,
AMZN,2024-12-31,6.6835,,0.0521,
ANET,2015-03-31,5.89,0.1589,-0.1053,2.6197
ANET,2015-06-30,6.8769,-0.2514,-0.2124,2.1501
ANET,2015-09-30,5.0678,0.2721,0.3904,3.3448
ANET,2015-12-31,6.5335,-0.1894,0.2432,1.7068
ANET,2016-03-31,3.9918,0.0203,1.0962,3.9835
ANET,2016-06-30,4.0881,0.3215,1.3267,3.0326
ANET,2016-09-30,5.6462,0.1374,1.2286,1.8082
ANET,2016-12-31,6.5261,0.3668,1.4344,1.1019
ANET,2017-03-31,9.1982,0.1325,0.9301,0.5313
ANET,2017-06-30,10.517,0.2658,0.719,0.4022
ANET,2019-03-31,11.3909,-0.1744,-0.3559,0.7679
ANET,2019-06-30,9.3486,-0.0797,-0.191,0.4443
ANET,2019-09-30,8.5778,-0.1487,-0.1339,0.89
ANET,2019-12-31,7.255,-0.0042,0.4286,1.3864
ANET,2020-03-31,7.8366,0.0369,0.4904,2.3149
ANET,2020-06-30,8.1483,-0.0148,0.725,2.0864
ANET,2020-09-30,8.0191,0.4042,0.6607,2.5554
ANET,2020-12-31,11.5052,0.039,0.9789,2.242
ANET,2021-03-31,15.9094,0.2001,0.8415,2.8422
ANET,2021-06-30,19.2218,-0.0515,0.0349,2.8694
ANET,2021-09-30,18.1983,0.6733,0.314,3.4677
ANET,2021-12-31,7.2394,-0.0332,-0.1558,2.0756
ANET,2022-03-31,15.7119,-0.3255,0.2078,1.23
ANET,2022-06-30,10.5221,0.2043,0.7288,3.3657
ANET,2022-09-30,12.7189,0.0749,0.6293,4.1629
ANET,2022-12-31,13.6894,0.3833,0.9407,3.3191
ANET,2023-03-31,10.5622,-0.0346,0.7275,1.9258
ANET,2023-06-30,10.1924,0.1349,1.1627,
ANET,2023-09-30,11.5868,0.2804,1.0868,
ANET,2023-12-31,14.8753,0.2313,0.8773,
ANET,2024-03-31,15.8192,0.2086,0.0688,
ANET,2024-06-30,19.1917,0.0951,0.1677,
ANET,2024-09-30,21.0503,0.1519,0.5185,
ANET,2024-12-31,5.8158,,0.1855,
AVGO,2019-12-31,10.6904,-0.237,0.4488,0.9663
AVGO,2020-03-31,8.507,0.3448,1.0264,1.9781
AVGO,2020-06-30,10.6791,0.1649,0.5618,2.0102
AVGO,2020-09-30,12.0266,0.2121,0.3735,1.4878
AVGO,2020-12-31,14.2439,0.0672,0.5648,1.7712
AVGO,2021-03-31,14.9493,0.0365,0.3969,2.0963
AVGO,2021-06-30,15.3095,0.0244,0.0484,2.6302
AVGO,2021-09-30,15.5306,0.381,-0.0568,2.8199
AVGO,2021-12-31,14.4383,-0.0473,-0.1327,2.7276
AVGO,2022-03-31,13.7338,-0.2221,0.0521,1.8342
AVGO,2022-06-30,10.8967,-0.0784,0.8383,5.0123
AVGO,2022-09-30,10.0724,0.2698,0.9203,6.8212
AVGO,2022-12-31,8.9735,0.1556,1.0418,5.4741
AVGO,2023-03-31,10.1589,0.3593,1.1068,4.0204
AVGO,2023-06-30,13.4079,-0.0373,0.8835,
AVGO,2023-09-30,12.8779,0.3501,1.1089,
AVGO,2023-12-31,19.9024,0.1924,1.1049,
AVGO,2024-03-31,23.4614,0.2152,0.2787,
AVGO,2024-06-30,28.2279,0.0779,0.7364,
AVGO,2024-09-30,3.8437,0.3476,0.9313,
AVGO,2024-12-31,20.7852,,0.5063,
BILL,2020-09-30,39.2933,0.3608,1.6613,0.0823
BILL,2020-12-31,54.5583,0.0659,0.8253,-0.4023
BILL,2021-03-31,58.3545,0.259,0.5587,-0.5277
BILL,2021-06-30,74.248,0.4573,-0.3998,-0.7127
BILL,2021-09-30,86.3978,-0.0667,-0.5041,-0.8024
BILL,2021-12-31,80.7441,-0.0897,-0.5627,-0.66
BILL,2022-03-31,73.642,-0.5152,-0.6422,-0.7977
BILL,2022-06-30,36.5275,0.204,0.0629,-0.5792
BILL,2022-09-30,8.8691,-0.1769,-0.1798,-0.5998
BILL,2022-12-31,7.3203,-0.2553,-0.2512,-0.4994
BILL,2023-03-31,5.4797,0.4401,-0.1531,-0.528
BILL,2023-06-30,7.8423,-0.0709,-0.5497,
BILL,2023-09-30,7.6048,-0.2485,-0.514,
BILL,2023-12-31,5.7507,-0.1577,0.0382,
BILL,2024-03-31,4.8662,-0.2343,-0.3322,
BILL,2024-06-30,3.7598,0.0027,-0.1209,
BILL,2024-09-30,4.1531,0.6056,0.004,
BILL,2024-12-31,6.7007,,-0.3562,
BMBL,2023-03-31,3.3801,-0.1417,-0.4194,-0.8332
BMBL,2023-06-30,2.9411,-0.1108,-0.3737,
BMBL,2023-09-30,2.6464,-0.0121,-0.5724,
BMBL,2023-12-31,2.6178,-0.23,-0.4478,
BMBL,2024-03-31,1.4972,-0.074,-0.6176,
BMBL,2024-06-30,1.4031,-0.393,-0.373,
BMBL,2024-09-30,0.9403,0.2759,-0.0455,
BMBL,2024-12-31,1.1375,,-0.5614,
BYND,2020-03-31,4.7758,1.0117,0.9538,-0.7563
BYND,2020-06-30,9.9137,0.2394,0.1755,-0.9031
BYND,2020-09-30,12.3599,-0.2473,-0.3661,-0.9421
BYND,2020-12-31,9.229,0.041,-0.4787,-0.9288
BYND,2021-03-31,29.7297,0.2103,-0.6287,-0.9364
BYND,2021-06-30,36.0873,-0.3316,-0.848,-0.9574
BYND,2021-09-30,23.9551,-0.381,-0.8654,-0.9356
BYND,2021-12-31,14.6406,-0.2586,-0.8111,-0.9423
BYND,2022-03-31,18.872,-0.5045,-0.664,-0.9369
BYND,2022-06-30,10.442,-0.4081,-0.4578,-0.8542
BYND,2022-09-30,7.0624,-0.1313,-0.3211,-0.8666
BYND,2022-12-31,6.419,0.3184,-0.277,-0.9334
BYND,2023-03-31,7.775,-0.2002,-0.4898,-0.9567
BYND,2023-06-30,6.6508,-0.2589,-0.4831,
CDNS,2011-03-31,2.6077,0.0831,0.2144,0.5938
CDNS,2011-06-30,2.8261,-0.125,0.0407,0.6562
CDNS,2011-09-30,2.4702,0.1255,0.3929,0.8626
CDNS,2011-12-31,2.7829,0.1385,0.299,0.824
CDNS,2012-03-31,3.1711,-0.0718,0.1765,0.5574
CDNS,2012-06-30,2.942,0.1711,0.3176,0.7889
CDNS,2013-03-31,1.962,0.0395,0.1156,0.6927
CDNS,2013-06-30,2.0478,-0.067,0.2079,0.6782
CDNS,2013-09-30,1.8965,0.0377,0.2739,0.8897
CDNS,2013-12-31,1.976,0.1084,0.3531,0.7989
CDNS,2014-03-31,2.2131,0.1255,0.1866,1.0206
CDNS,2014-06-30,2.5172,-0.016,0.1241,0.9148
CELH,2019-03-31,5.3449,0.0423,-0.0117,11.9531
CELH,2019-06-30,5.5738,-0.2162,1.6509,13.6982
CELH,2019-09-30,4.3529,0.3879,5.5259,25.0575
CELH,2019-12-31,6.0699,-0.1284,9.4161,20.5404
CELH,2020-03-31,4.3625,1.7957,10.4133,21.076
CELH,2020-06-30,12.6052,0.9295,5.4647,11.6754
CELH,2020-09-30,24.5331,1.2153,2.967,6.5561
CELH,2020-12-31,54.6255,-0.0449,0.4822,2.251
CELH,2021-03-31,21.8475,0.5836,0.1484,4.1771
CELH,2021-06-30,34.7569,0.184,-0.1423,1.2509
CELH,2021-09-30,41.2024,-0.1723,0.0065,0.0443
CELH,2021-12-31,34.0571,-0.26,0.3952,0.0597
CELH,2022-03-31,7.2721,0.1827,0.6843,0.9366
CELH,2022-06-30,8.6057,0.3895,1.2861,1.1325
CELH,2022-09-30,11.9689,0.1473,0.8924,0.902
CELH,2022-12-31,13.7365,-0.1067,0.5721,0.3189
CELH,2023-03-31,12.2679,0.6052,1.6766,0.1453
CELH,2023-06-30,19.7101,0.1502,0.148,
CHWY,2020-06-30,5.9682,0.2269,0.7836,-0.1168
CHWY,2020-09-30,7.3387,0.6394,0.2422,-0.667
CHWY,2020-12-31,12.0773,-0.0576,-0.344,-0.7371
CHWY,2021-03-31,6.5116,-0.059,-0.5186,-0.8122
CHWY,2021-06-30,6.1208,-0.1455,-0.5644,-0.6583
CHWY,2021-09-30,5.2144,-0.1342,-0.549,-0.57
CHWY,2021-12-31,4.5001,-0.3085,-0.3712,-0.4321
CHWY,2022-03-31,3.6116,-0.1486,-0.0834,-0.2028
CHWY,2022-06-30,3.0552,-0.1152,0.1368,0.2275
CHWY,2022-09-30,2.6879,0.207,-0.4056,0.3167
CHWY,2022-12-31,3.2719,0.0081,-0.3627,-0.1087
CHWY,2023-03-31,3.5947,0.0559,-0.5744,-0.2777
CHWY,2023-06-30,3.8047,-0.5374,-0.3099,
CHWY,2023-09-30,1.6736,0.2941,0.6041,
CHWY,2023-12-31,2.2131,-0.3267,0.4173,
CHWY,2024-03-31,1.3194,0.7121,1.0434,
CHWY,2024-06-30,2.4459,0.0753,0.5646,
CHWY,2024-09-30,2.6497,0.1434,0.381,
CHWY,2024-12-31,3.0673,,-0.0131,
COST,2010-12-31,1.676,0.0182,0.1674,0.8262
COST,2011-03-31,1.7041,0.1113,0.2531,0.6876
COST,2011-06-30,1.9047,0.0142,0.1837,0.5707
COST,2011-09-30,1.9272,0.0174,0.2341,0.6905
COST,2011-12-31,1.3782,0.0929,0.284,0.8844
COST,2012-03-31,1.5151,0.0497,0.266,0.9084
COST,2012-06-30,1.5919,0.0574,0.2603,0.6252
COST,2012-09-30,1.6863,0.0585,0.2447,0.6498
COST,2012-12-31,1.6541,0.0776,0.2183,0.7457
COST,2013-03-31,1.7887,0.0449,0.0637,0.5849
COST,2013-06-30,1.8701,0.0443,0.0529,0.516
COST,2013-09-30,1.9539,0.0361,0.1005,0.4136
COST,2013-12-31,2.5967,-0.0591,0.2046,0.4368
COST,2014-03-31,2.4331,0.0343,0.4171,0.6037
COST,2014-06-30,2.5107,0.0915,0.2248,0.543
COST,2014-09-30,2.7372,0.134,0.2044,0.4568
COST,2014-12-31,2.6952,0.1068,0.1894,0.4596
COST,2015-03-31,2.8875,-0.1061,0.0514,0.3386
COST,2015-06-30,2.5633,0.0734,0.1756,0.6656
COST,2015-09-30,2.7509,0.12,0.0665,0.7485
COST,2015-12-31,3.742,-0.0216,0.0028,0.3572
COST,2016-03-31,3.6508,-0.0005,0.0764,0.6533
COST,2016-06-30,3.6382,-0.0262,0.0717,0.8101
COST,2016-09-30,3.5329,0.0531,0.1341,1.0311
COST,2016-12-31,3.7096,0.0502,0.2237,0.972
COST,2017-03-31,3.8859,-0.0048,0.1829,0.8254
COST,2018-12-31,2.7515,0.1919,0.457,1.9346
COST,2019-03-31,3.2745,0.0943,0.1884,1.5014
COST,2019-06-30,3.5756,0.0927,0.1575,0.9056
COST,2019-09-30,3.9002,0.0224,0.2429,0.7214
COST,2019-12-31,3.9793,-0.0279,0.3267,0.6305
COST,2020-03-31,3.8596,0.0658,0.2792,0.8287
COST,2020-12-31,4.3201,-0.0626,0.5182,0.8313
COST,2021-03-31,4.0317,0.1249,0.6454,1.1716
COST,2021-06-30,4.5444,0.1378,0.2194,1.2432
COST,2021-09-30,5.1815,0.2654,0.0578,1.0592
COST,2021-12-31,4.1364,0.0159,-0.1905,0.6841
COST,2022-03-31,4.1969,-0.1663,-0.1312,0.713
COST,2022-06-30,3.48,-0.0129,0.1316,1.1536
COST,2022-09-30,3.428,-0.0316,0.2053,1.0429
COST,2022-12-31,3.1107,0.0903,0.49,0.9682
COST,2023-03-31,3.392,0.0858,0.519,1.0887
COST,2023-06-30,3.6813,0.0514,0.6257,
COST,2023-09-30,3.8665,0.1971,0.615,
COST,2023-12-31,6.1521,0.1115,0.3962,
COST,2024-03-31,6.8493,0.1621,0.298,
COST,2024-06-30,7.977,0.0445,0.1707,
COST,2024-09-30,8.328,0.0349,0.0495,
COST,2024-12-31,8.9311,,-0.0539,
CRM,2010-03-31,6.5492,0.1527,0.7942,1.402
CRM,2010-06-30,7.6406,0.3027,0.736,0.7795
CRM,2010-09-30,10.1345,0.1807,0.0222,0.8572
CRM,2010-12-31,12.0736,0.012,-0.2314,0.6724
CRM,2011-03-31,9.9623,0.1153,0.1567,0.7095
CRM,2011-06-30,11.1124,-0.2329,-0.072,0.5594
CRM,2011-09-30,8.5209,-0.1122,0.3361,1.0137
CRM,2011-12-31,7.5635,0.5229,0.6568,1.3383
CRM,2012-03-31,7.9988,-0.1052,0.1574,0.7296
CRM,2012-06-30,7.1462,0.1044,0.1046,1.0145
CRM,2012-09-30,7.9033,0.1009,0.3599,0.8188
CRM,2012-12-31,8.7118,0.0638,0.3133,0.8656
CRM,2013-03-31,7.3988,-0.146,0.277,0.6514
CRM,2013-06-30,1.3802,0.3596,0.5212,1.0799
CRM,2013-09-30,1.9677,0.0632,0.1083,0.3741
CRM,2013-12-31,2.1081,0.0344,0.0747,0.2404
CRM,2014-03-31,7.6768,0.0173,0.1703,0.4449
CRM,2014-06-30,7.812,-0.0095,0.1989,0.491
CRM,2014-09-30,7.7369,0.0309,0.2068,0.6238
CRM,2014-12-31,7.9801,0.1265,0.3219,0.7237
CRM,2015-03-31,7.5025,0.0422,0.1051,0.7408
CRM,2015-06-30,7.8186,-0.0029,0.1405,0.9589
CRM,2015-09-30,7.7962,0.1292,0.0274,1.2905
CRM,2015-12-31,8.8017,-0.0583,-0.1268,0.7471
CRM,2016-03-31,7.4476,0.0756,0.1173,1.1451
CRM,2016-06-30,8.0133,-0.1018,0.0905,0.9107
CRM,2016-09-30,7.1942,-0.0402,0.3097,1.081
CRM,2016-12-31,6.9032,0.2049,0.4933,1.3757
CRM,2017-03-31,8.3256,0.0498,0.4099,0.7454
CRM,2017-06-30,8.7422,0.0788,0.5751,1.1632
CRM,2019-03-31,9.23,-0.0419,-0.0909,0.3407
CRM,2019-06-30,8.8446,-0.0217,0.2346,0.0877
CRM,2019-09-30,8.6537,0.0957,0.6931,-0.031
CRM,2019-12-31,9.4777,-0.1147,0.3682,-0.1848
CRM,2020-03-31,7.1678,0.3011,0.4715,0.3876
CRM,2020-06-30,9.3505,0.3416,0.304,0.1277
CRM,2020-09-30,12.5725,-0.1146,0.0792,-0.1931
CRM,2020-12-31,11.1229,-0.0479,0.142,0.1825
CRM,2021-03-31,9.135,0.1529,0.0021,0.4234
CRM,2021-06-30,10.5575,0.1103,-0.3244,0.0539
CRM,2021-09-30,11.7408,-0.063,-0.4697,0.0137
CRM,2021-12-31,10.9904,-0.1645,-0.4783,0.3229
CRM,2022-03-31,8.2825,-0.2227,-0.0591,0.271
CRM,2022-06-30,6.4821,-0.1285,0.2801,0.6667
CRM,2022-09-30,5.6748,-0.0782,0.4098,0.665
CRM,2022-12-31,5.2464,0.5068,0.9846,1.0222
CRM,2023-03-31,7.0751,0.0575,0.5095,-0.0543
CRM,2023-06-30,7.4745,-0.0401,0.2186,
CRM,2023-09-30,7.1795,0.2977,0.3558,
CRM,2023-12-31,9.2795,0.1461,0.2776,
CRM,2024-03-31,9.7011,-0.1464,-0.1052,
CRM,2024-06-30,8.2859,0.0679,0.0685,
CRM,2024-09-30,8.8192,0.2229,-0.1289,
CRM,2024-12-31,10.7654,,-0.2025,
CROX,2012-03-31,2.0183,-0.228,-0.2916,-0.4355
CROX,2012-06-30,1.4854,0.0037,0.0217,-0.0892
CROX,2012-09-30,1.4921,-0.1123,-0.161,-0.2023
CROX,2012-12-31,1.2888,0.0299,0.1063,-0.2884
CROX,2013-03-31,-0.3861,0.1134,0.0526,-0.3509
CROX,2013-06-30,-0.3861,-0.1758,-0.0891,-0.3164
CROX,2013-09-30,-0.3861,0.1706,-0.075,-0.3897
CROX,2013-12-31,-0.3861,-0.0201,-0.2155,-0.5691
CROX,2014-03-31,1.5512,-0.0365,-0.2429,-0.5468
CROX,2014-06-30,1.4788,-0.163,-0.0213,-0.487
CROX,2014-09-30,1.1675,-0.0072,0.0278,-0.2289
CROX,2014-12-31,1.156,-0.0544,-0.1801,0.012
CROX,2015-03-31,1.1132,0.2456,-0.1854,0.376
CROX,2015-06-30,1.492,-0.121,-0.2332,0.1971
CROX,2015-09-30,1.2595,-0.208,-0.3581,0.6466
CROX,2015-12-31,0.9082,-0.0605,-0.3301,1.5371
CROX,2016-03-31,1.3695,0.1726,-0.2651,1.6767
CROX,2016-06-30,1.663,-0.2642,-0.3165,0.7509
CROX,2016-09-30,1.136,-0.1735,0.1687,2.3446
CROX,2016-12-31,0.8814,0.0306,0.8426,5.1064
CROX,2017-03-31,0.9185,0.0905,1.2984,1.4031
CROX,2017-06-30,1.0317,0.2581,1.284,3.7756
CROX,2019-03-31,2.9972,-0.233,-0.3402,1.967
CROX,2019-06-30,2.2976,0.4056,0.8643,1.4643
CROX,2019-09-30,3.2316,0.509,0.5393,1.4733
CROX,2019-12-31,4.8792,-0.5944,0.4958,1.5884
CROX,2020-03-31,1.615,1.1672,3.7351,6.442
CROX,2020-06-30,3.3549,0.1605,2.1646,2.0538
CROX,2020-09-30,3.8735,0.4664,2.3578,1.0648
CROX,2020-12-31,5.6221,0.2839,1.0463,0.4907
CROX,2021-03-31,5.7398,0.4484,-0.0503,0.7874
CROX,2021-06-30,8.2918,0.2314,-0.5823,0.2525
CROX,2021-09-30,10.1993,-0.1064,-0.5215,0.0093
CROX,2021-12-31,9.1196,-0.4041,-0.1543,-0.1458
CROX,2022-03-31,1.69,-0.363,0.655,0.3901
CROX,2022-06-30,1.1448,0.4107,1.3103,1.081
CROX,2022-09-30,1.5378,0.5792,0.285,0.2169
CROX,2022-12-31,2.3197,0.1661,-0.1385,-0.2113
CROX,2023-03-31,2.6375,-0.1107,0.1373,-0.3434
CROX,2023-06-30,2.4081,-0.2153,0.2979,
CROX,2023-09-30,2.0113,0.0587,0.6413,
CROX,2023-12-31,2.0962,0.5394,0.1726,
CROX,2024-03-31,3.8343,0.0149,-0.2615,
CROX,2024-06-30,3.8829,-0.0077,-0.306,
CROX,2024-09-30,3.8572,-0.2436,-0.423,
CROX,2024-12-31,3.056,,-0.2192,
CRWD,2020-03-31,9.3276,0.8012,2.2778,1.4652
CRWD,2020-06-30,17.7303,0.3692,1.5058,0.4645
CRWD,2020-09-30,24.7053,0.5425,0.7898,0.2189
CRWD,2020-12-31,38.738,-0.1384,-0.0334,0.2054
CRWD,2021-03-31,28.3799,0.377,0.2442,0.7566
CRWD,2021-06-30,39.4056,-0.022,-0.3293,0.5248
CRWD,2021-09-30,38.5194,-0.1669,-0.3294,0.1411
CRWD,2021-12-31,31.944,0.1091,-0.4858,0.6711
CRWD,2022-03-31,24.8325,-0.2577,-0.3955,0.5527
CRWD,2022-06-30,18.2731,-0.0222,-0.1287,2.0215
CRWD,2022-09-30,17.8528,-0.3611,0.0156,1.9754
CRWD,2022-12-31,11.1813,0.3036,1.4249,3.4521
CRWD,2023-03-31,10.5051,0.07,1.3356,1.8443
CRWD,2023-06-30,11.2887,0.1396,1.609,
CRWD,2023-09-30,12.9611,0.5254,0.6756,
CRWD,2023-12-31,20.1318,0.2556,0.3401,
CRWD,2024-03-31,21.634,0.1953,0.0998,
CRWD,2024-06-30,26.0148,-0.2681,0.3291,
CRWD,2024-09-30,18.8264,0.22,0.7484,
CRWD,2024-12-31,23.1435,,0.37,
CSCO,2010-09-30,5.0721,-0.0763,-0.2871,0.1279
CSCO,2010-12-31,4.5909,-0.1493,-0.0962,0.1774
CSCO,2011-03-31,3.7036,-0.0898,0.247,0.394
CSCO,2011-06-30,3.2599,-0.0033,0.1164,0.712
CSCO,2011-09-30,3.2282,0.1711,0.2518,0.7664
CSCO,2011-12-31,3.9715,0.1737,0.1161,0.6672
CSCO,2012-09-30,2.1966,0.0441,0.2638,0.5046
CSCO,2012-12-31,2.2898,0.0636,0.1673,0.5031
CSCO,2013-03-31,2.5015,0.174,0.1053,0.4929
CSCO,2013-06-30,3.084,-0.0306,0.0525,0.2932
CSCO,2013-09-30,2.8391,-0.0357,0.1165,0.4883
CSCO,2013-12-31,2.6722,0.0072,0.2798,0.4826
CSCO,2014-03-31,2.6706,0.1179,0.2757,0.6605
CSCO,2014-06-30,3.0761,0.0284,0.1383,0.3875
CSCO,2014-09-30,3.6881,0.1053,0.0663,0.4632
CSCO,2014-12-31,4.2009,0.004,0.0062,0.5207
CSCO,2015-03-31,4.1448,-0.0025,0.0587,0.7088
CSCO,2015-06-30,4.1313,-0.0367,0.0794,0.7326
CSCO,2015-09-30,3.0766,0.043,0.2501,1.0493
CSCO,2015-12-31,3.2215,0.0564,0.1513,0.7618
CSCO,2016-03-31,3.4301,0.0169,0.2294,1.0941
CSCO,2016-06-30,3.4651,0.1157,0.1293,1.1007
CSCO,2016-09-30,3.9277,-0.0394,0.0977,0.7106
CSCO,2016-12-31,3.6855,0.1281,0.3127,0.7416
CSCO,2017-03-31,4.2637,-0.0659,0.3128,0.2747
CSCO,2017-06-30,3.8599,0.0845,0.4214,0.6344
CSCO,2017-09-30,4.2362,0.1487,0.4934,0.2829
CSCO,2017-12-31,4.9905,0.1282,0.1657,0.2805
CSCO,2019-09-30,5.5639,-0.022,-0.1767,-0.1125
CSCO,2019-12-31,5.3899,-0.1743,-0.0349,0.0908
CSCO,2020-03-31,4.3518,0.1977,0.3617,0.4614
CSCO,2020-06-30,5.2315,-0.1488,0.1736,0.2166
CSCO,2020-09-30,5.2008,0.1466,0.4258,0.4963
CSCO,2020-12-31,5.9776,0.1649,0.4576,0.2353
CSCO,2021-03-31,6.9863,0.0323,0.1075,0.0557
CSCO,2021-06-30,7.1733,0.0341,-0.174,-0.0185
CSCO,2021-09-30,6.6812,0.1721,-0.2439,0.0723
CSCO,2021-12-31,7.8444,-0.1149,-0.2246,0.0254
CSCO,2022-03-31,6.8542,-0.2301,-0.031,0.2158
CSCO,2022-06-30,5.1472,-0.0535,0.2549,0.7873
CSCO,2022-09-30,4.5231,0.2021,0.388,0.8733
CSCO,2022-12-31,5.4451,0.1062,0.093,0.7651
CSCO,2023-03-31,6.0051,-0.0029,-0.0163,0.6159
CSCO,2023-06-30,5.9399,0.0469,-0.0532,
CSCO,2023-09-30,4.7939,-0.0535,0.0218,
CSCO,2023-12-31,4.4794,-0.0044,0.21,
CSCO,2024-03-31,4.4202,-0.0403,0.2754,
CSCO,2024-06-30,4.1872,0.1298,0.5042,
CSCO,2024-09-30,6.7472,0.1209,0.3209,
CSCO,2024-12-31,7.4974,,0.3347,
CVNA,2020-03-31,0.8867,1.1819,3.7631,-0.8223
CVNA,2020-06-30,1.5639,0.8557,1.511,-0.7844
CVNA,2020-09-30,2.6336,0.0739,0.3518,-0.8118
CVNA,2020-12-31,2.805,0.0954,-0.0324,-0.779
CVNA,2021-03-31,5.8959,0.1502,-0.5454,-0.665
CVNA,2021-06-30,6.7146,-0.0009,-0.9252,-0.5735
CVNA,2021-09-30,6.7088,-0.2313,-0.9327,-0.4226
CVNA,2021-12-31,5.2601,-0.4854,-0.9796,-0.1227
CVNA,2022-03-31,0.8017,-0.8107,-0.9179,0.7527
CVNA,2022-06-30,0.369,-0.101,0.1479,13.9229
CVNA,2022-09-30,0.3588,-0.7665,1.068,17.5833
CVNA,2022-12-31,0.2892,1.0654,10.1688,88.0338
CVNA,2023-03-31,4.2045,1.6476,7.9796,31.1124
CVNA,2023-06-30,4.9846,0.6196,3.966,
CVNA,2023-09-30,5.7614,0.2611,3.1475,
CVNA,2023-12-31,6.2915,0.6606,2.8413,
CVNA,2024-03-31,7.9828,0.4642,1.3783,
CVNA,2024-06-30,9.9566,0.3526,1.6178,
DASH,2021-03-31,0.5222,0.3599,-0.1063,0.0503
DASH,2021-06-30,0.8883,0.155,-0.6402,-0.39
DASH,2021-09-30,1.1028,-0.2771,-0.7599,-0.3071
DASH,2021-12-31,0.66,-0.213,-0.6721,0.1266
DASH,2022-03-31,6.2233,-0.4524,-0.4576,0.5596
DASH,2022-06-30,3.217,-0.2294,0.1909,2.8415
DASH,2022-09-30,2.3824,-0.0127,0.6071,4.5003
DASH,2022-12-31,2.3466,0.3019,1.0256,3.6391
DASH,2023-03-31,4.0983,0.2023,1.1668,1.3623
DASH,2023-06-30,5.0033,0.0399,0.4234,
DASH,2023-09-30,5.218,0.2444,0.796,
DASH,2023-12-31,6.5846,0.3927,0.6963,
DASH,2024-03-31,7.6378,-0.2101,0.3271,
DASH,2024-06-30,5.95,0.3121,1.2661,
DASH,2024-09-30,7.93,0.1753,0.9056,
DASH,2024-12-31,9.3892,,0.3501,
DBX,2019-03-31,5.3852,0.1491,-0.1697,0.0665
DBX,2019-06-30,6.2451,-0.1948,-0.1309,-0.1621
DBX,2019-09-30,4.9539,-0.112,-0.0451,0.0273
DBX,2019-12-31,4.3559,0.0106,0.239,0.2496
DBX,2020-03-31,4.3881,0.2028,0.4729,0.1945
DBX,2020-06-30,5.349,-0.1153,0.3923,0.2251
DBX,2020-09-30,4.6918,0.1521,0.5171,0.4138
DBX,2020-12-31,5.4589,0.2014,0.1059,0.3285
DBX,2021-03-31,5.9936,0.1369,-0.1279,-0.0885
DBX,2021-06-30,6.8382,-0.036,-0.3075,-0.2587
DBX,2021-09-30,6.586,-0.1602,-0.2909,-0.1297
DBX,2021-12-31,5.503,-0.0526,-0.088,0.2241
DBX,2022-03-31,4.9569,-0.0972,-0.0701,0.1488
DBX,2022-06-30,4.516,-0.0129,0.2706,0.3626
DBX,2022-09-30,4.4633,0.0801,0.3142,0.458
DBX,2022-12-31,4.7872,-0.034,0.3172,0.2422
DBX,2023-03-31,4.3435,0.2336,0.124,0.0509
DBX,2023-06-30,5.2287,0.021,-0.1575,
DBX,2023-09-30,5.3269,0.0826,-0.0661,
DBX,2023-12-31,5.7213,-0.1757,0.019,
DBX,2024-03-31,4.0909,-0.0753,0.0992,
DBX,2024-06-30,3.8088,0.1317,0.2728,
DBX,2024-09-30,4.2651,0.1813,0.188,
DBX,2024-12-31,4.9758,,-0.0746,
DDOG,2020-03-31,8.0481,1.4166,1.3163,1.0195
DDOG,2020-06-30,19.6707,0.1749,0.197,0.1315
DDOG,2020-09-30,23.1391,-0.0364,0.3836,-0.1084
DDOG,2020-12-31,22.2908,-0.1534,0.8093,0.233
DDOG,2021-03-31,29.0533,0.2489,0.8175,0.4831
DDOG,2021-06-30,36.1836,0.3581,-0.0849,0.2461
DDOG,2021-09-30,48.9967,0.2601,-0.3719,-0.186
DDOG,2021-12-31,61.6345,-0.1496,-0.5873,-0.1977
DDOG,2022-03-31,31.1105,-0.3712,-0.5203,-0.345
DDOG,2022-06-30,19.6748,-0.0678,0.033,0.4104
DDOG,2022-09-30,18.3611,-0.1721,0.026,0.604
DDOG,2022-12-31,15.2535,-0.0114,0.6514,0.8502
DDOG,2023-03-31,9.7944,0.354,0.7011,0.6247
DDOG,2023-06-30,13.2019,-0.0741,0.3183,
DDOG,2023-09-30,12.2361,0.3325,0.2631,
DDOG,2023-12-31,16.2491,0.0183,0.1772,
DDOG,2024-03-31,17.6356,0.0493,-0.1973,
DDOG,2024-06-30,18.4957,-0.1128,0.0358,
DDOG,2024-09-30,16.4295,0.2419,0.2376,
DDOG,2024-12-31,20.36,,-0.0483,
DECK,2019-06-30,3.8977,-0.1626,0.116,0.4511
DECK,2019-09-30,3.1817,0.1459,0.493,1.1214
DECK,2019-12-31,3.7197,-0.2064,0.6983,1.3639
DECK,2020-03-31,2.8474,0.4656,1.4658,2.3549
DECK,2020-06-30,3.9684,0.1203,0.9556,1.6868
DECK,2020-09-30,4.5095,0.3035,0.6372,1.3367
DECK,2020-12-31,6.0392,0.1522,0.2773,1.3308
DECK,2021-03-31,7.039,0.1624,-0.1714,1.8487
DECK,2021-06-30,5.1381,-0.0622,-0.3351,1.5202
DECK,2021-09-30,4.7825,0.017,-0.1321,1.656
DECK,2021-12-31,4.8735,-0.2526,0.0897,2.3265
DECK,2022-03-31,3.4949,-0.0673,0.6421,1.4505
DECK,2022-06-30,2.5456,0.2242,1.0664,1.4219
DECK,2022-09-30,3.1968,0.2769,0.6445,0.9456
DECK,2022-12-31,4.181,0.1262,0.6746,0.5583
DECK,2023-03-31,4.754,0.1738,1.0938,0.3359
DECK,2023-06-30,5.3997,-0.0257,0.8344,
DECK,2023-09-30,5.2502,0.3002,0.861,
DECK,2023-12-31,6.9505,0.4082,0.823,
DECK,2024-03-31,9.9563,0.0284,-0.2873,
DECK,2024-06-30,7.3036,-0.0116,-0.3611,
DECK,2024-09-30,0.8069,0.2737,-0.3643,
DECK,2024-12-31,1.1575,,-0.4895,
DKNG,2023-03-31,3.5521,0.3724,1.3456,0.1167
DKNG,2023-06-30,5.0486,0.108,0.4366,
DKNG,2023-09-30,5.6443,0.1974,0.3315,
DKNG,2023-12-31,6.8503,0.2882,0.0553,
DKNG,2024-03-31,8.9591,-0.1594,-0.2687,
DKNG,2024-06-30,7.4564,0.027,0.1237,
DOCU,2019-03-31,11.5578,-0.0411,0.7824,1.0664
DOCU,2019-06-30,11.0786,0.2456,2.4643,0.1543
DOCU,2019-09-30,13.8255,0.1969,2.4761,-0.1365
DOCU,2019-12-31,16.5678,0.2468,1.9996,-0.2522
DOCU,2020-03-31,15.306,0.8637,1.191,-0.369
DOCU,2020-06-30,28.3521,0.2499,0.6234,-0.7033
DOCU,2020-09-30,35.386,0.0328,0.196,-0.8049
DOCU,2020-12-31,36.5401,-0.0893,-0.3148,-0.7326
DOCU,2021-03-31,21.7541,0.3809,-0.4709,-0.7059
DOCU,2021-06-30,30.0098,-0.0792,-0.7948,-0.8086
DOCU,2021-09-30,27.6398,-0.4083,-0.7923,-0.7588
DOCU,2021-12-31,16.3866,-0.2967,-0.6361,-0.4095
DOCU,2022-03-31,8.3077,-0.4643,-0.4558,-0.2401
DOCU,2022-06-30,4.4877,-0.0681,-0.1096,0.3574
DOCU,2022-09-30,4.1874,0.0365,-0.2145,0.3482
DOCU,2022-12-31,4.3371,0.052,0.0727,0.2342
DOCU,2023-03-31,4.7703,-0.1237,0.0214,-0.1868
DOCU,2023-06-30,4.1804,-0.1779,0.0472,
DOCU,2023-09-30,3.4367,0.4155,0.4783,
DOCU,2023-12-31,4.8643,0.0017,0.5129,
DOCU,2024-03-31,4.6499,-0.1016,0.3669,
DOCU,2024-06-30,4.1446,0.1606,0.4559,
DOCU,2024-09-30,4.8621,0.4485,0.1611,
DOCU,2024-12-31,7.1883,,-0.2395,
DT,2020-06-30,20.8271,0.0103,0.4389,0.2677
DT,2020-09-30,21.0369,0.0549,0.7301,0.1392
DT,2020-12-31,22.1608,0.1149,0.3947,0.2639
DT,2021-03-31,24.6432,0.211,-0.0236,-0.0373
DT,2021-06-30,21.3561,0.2148,-0.3249,-0.2342
DT,2021-09-30,25.9255,-0.1496,-0.5095,-0.2466
DT,2021-12-31,22.0588,-0.2196,-0.3654,-0.0994
DT,2022-03-31,17.2346,-0.1626,-0.1019,0.0011
DT,2022-06-30,10.5435,-0.1174,0.305,0.3998
DT,2022-09-30,9.2847,0.1003,0.3424,0.3918
DT,2022-12-31,10.2335,0.1044,0.4279,0.1316
DT,2023-03-31,11.321,0.2168,0.0979,-0.1258
DT,2023-06-30,11.8091,-0.0921,-0.1308,
DT,2023-09-30,10.6797,0.1703,0.1442,
DT,2023-12-31,12.5764,-0.1509,-0.0062,
DT,2024-03-31,10.6106,-0.0366,0.0153,
DT,2024-06-30,8.3111,0.1951,0.234,
DT,2024-09-30,10.0416,0.0165,-0.0939,
DT,2024-12-31,10.2161,,-0.2026,
DXCM,2012-03-31,8.876,0.2426,0.6031,4.977
DXCM,2012-06-30,11.0369,0.1597,0.7323,5.1713
DXCM,2012-09-30,12.8049,-0.0958,0.8776,4.7126
DXCM,2012-12-31,11.575,0.2303,1.6056,5.0265
DXCM,2013-03-31,14.9859,0.3427,1.4737,3.0616
DXCM,2013-06-30,20.1265,0.257,0.7666,2.5336
DXCM,2013-09-30,25.303,0.2548,0.4171,2.1063
DXCM,2013-12-31,31.7533,0.168,0.5546,0.686
DXCM,2014-03-31,15.1512,-0.0411,0.5073,1.0486
DXCM,2014-06-30,14.5209,0.0083,1.0166,0.8444
DXCM,2014-09-30,14.6432,0.3766,1.147,0.2236
DXCM,2014-12-31,20.2276,0.1324,0.4877,0.0425
DXCM,2015-03-31,14.1395,0.283,0.0893,0.1896
DXCM,2015-06-30,18.1969,0.0735,-0.0081,0.1875
DXCM,2015-09-30,19.5493,-0.0461,0.021,0.666
DXCM,2015-12-31,18.6385,-0.1708,-0.2711,0.4628
DXCM,2016-03-31,10.9372,0.1682,0.2477,0.7538
DXCM,2016-06-30,12.8047,0.105,-0.0779,0.8888
DXCM,2016-09-30,14.1668,-0.319,-0.4418,0.7025
DXCM,2016-12-31,9.5947,0.4193,-0.0387,2.664
DXCM,2017-03-31,13.6877,-0.1367,-0.1247,2.178
DXCM,2017-06-30,11.7941,-0.3311,0.2984,4.542
DXCM,2019-03-31,9.5133,0.2581,1.2609,3.2956
DXCM,2019-06-30,11.9981,-0.004,1.7056,0.9896
DXCM,2019-09-30,11.9496,0.4657,1.7622,1.1587
DXCM,2019-12-31,17.5674,0.231,0.6902,1.0708
DXCM,2020-03-31,16.1273,0.5056,0.3347,0.7259
DXCM,2020-06-30,24.0827,0.0168,0.0533,0.268
DXCM,2020-09-30,24.4818,-0.1031,0.3266,-0.0947
DXCM,2020-12-31,21.9976,-0.0279,0.4523,0.3425
DXCM,2021-03-31,18.9544,0.1881,0.4235,0.5437
DXCM,2021-06-30,22.4346,0.2807,-0.3018,0.0621
DXCM,2021-09-30,28.6044,-0.0181,-0.4109,-0.5096
DXCM,2021-12-31,28.0943,-0.0472,-0.1564,-0.4207
DXCM,2022-03-31,21.4663,-0.4173,-0.0916,-0.4661
DXCM,2022-06-30,3.3642,0.0806,0.7243,0.1712
DXCM,2022-09-30,3.6131,0.406,0.1584,-0.1645
DXCM,2022-12-31,4.9675,0.026,0.0958,-0.4139
DXCM,2023-03-31,19.011,0.1061,0.1938,-0.4595
DXCM,2023-06-30,20.9706,-0.274,-0.1177,
DXCM,2023-09-30,15.3746,0.33,-0.2815,
DXCM,2023-12-31,20.2681,0.1177,-0.3733,
DXCM,2024-03-31,17.4248,-0.1826,-0.5076,
DXCM,2024-06-30,14.3513,-0.4087,-0.2301,
DXCM,2024-09-30,8.7261,0.1601,0.0037,
DXCM,2024-12-31,10.0286,,-0.1466,
EBAY,2012-03-31,3.8399,0.1385,0.4694,0.5631
EBAY,2012-06-30,4.4184,0.1514,0.2311,0.4339
EBAY,2012-09-30,5.1384,0.0544,0.1536,0.2005
EBAY,2012-12-31,5.4362,0.0631,0.0759,0.2802
EBAY,2013-03-31,5.1183,-0.0461,0.0188,0.0456
EBAY,2013-06-30,4.8647,0.0789,-0.0321,0.0754
EBAY,2013-09-30,5.2786,-0.0167,0.0149,0.4009
EBAY,2013-12-31,5.1843,0.0067,0.0228,0.2856
EBAY,2014-03-31,5.0225,-0.0938,0.0442,0.4439
EBAY,2014-06-30,4.5169,0.1312,0.2034,0.6574
EBAY,2014-09-30,5.1582,-0.009,0.0254,0.6136
EBAY,2014-12-31,5.1084,0.0278,0.1634,0.5978
EBAY,2015-03-31,4.728,0.0444,-0.0171,0.6576
EBAY,2015-06-30,4.9456,-0.036,-0.0767,0.4302
EBAY,2015-09-30,1.9033,0.1244,0.3462,0.3511
EBAY,2015-12-31,2.1617,-0.1317,0.0804,0.0215
EBAY,2016-03-31,12.2293,-0.0189,0.407,0.5624
EBAY,2016-06-30,12.0039,0.4054,0.4917,0.7002
EBAY,2016-09-30,16.7584,-0.0976,0.169,0.198
EBAY,2016-12-31,15.1502,0.1307,0.2711,0.2346
EBAY,2017-03-31,17.094,0.0402,0.1987,-0.0869
EBAY,2017-06-30,17.7704,0.1014,0.0384,0.5372
EBAY,2019-03-31,4.1401,0.0677,-0.1777,0.6058
EBAY,2019-06-30,4.3735,-0.0097,0.3487,0.0995
EBAY,2019-09-30,4.3221,-0.07,0.3569,-0.0143
EBAY,2019-12-31,4.0383,-0.1637,0.4116,0.2001
EBAY,2020-03-31,3.4585,0.7512,1.0636,0.5441
EBAY,2020-06-30,5.594,-0.0037,0.3551,-0.1068
EBAY,2020-09-30,5.5607,-0.0325,0.3529,-0.1105
EBAY,2020-12-31,5.3842,0.2226,0.3381,-0.0848
EBAY,2021-03-31,6.252,0.15,-0.0537,-0.0893
EBAY,2021-06-30,7.0887,-0.0054,-0.3984,-0.1899
EBAY,2021-09-30,7.0383,-0.0431,-0.463,-0.0082
EBAY,2021-12-31,6.7426,-0.1354,-0.3646,-0.0098
EBAY,2022-03-31,4.4692,-0.269,-0.2093,0.2578
EBAY,2022-06-30,3.3128,-0.1122,0.0957,0.8992
EBAY,2022-09-30,2.9523,0.1323,0.2245,1.6212
EBAY,2022-12-31,3.298,0.076,0.0765,1.2248
EBAY,2023-03-31,4.2763,0.013,0.217,1.1679
EBAY,2023-06-30,4.3026,-0.0079,0.229,
EBAY,2023-09-30,4.2533,-0.0045,0.5084,
EBAY,2023-12-31,4.2146,0.2165,0.4478,
EBAY,2024-03-31,4.3488,0.023,0.3071,
EBAY,2024-06-30,4.4128,0.2176,0.4103,
EBAY,2024-09-30,5.1885,-0.0445,0.4192,
EBAY,2024-12-31,4.9733,,0.4275,
EL,2011-09-30,2.1535,0.2909,0.4153,0.7724
EL,2011-12-31,2.7549,0.1029,0.0791,0.4048
EL,2012-03-31,1.5173,-0.1263,0.0496,0.3942
EL,2012-06-30,1.3252,0.1377,0.2371,0.6673
EL,2012-09-30,2.7396,-0.0157,0.1589,0.3686
EL,2012-12-31,2.6633,0.0728,0.2721,0.523
EL,2013-03-31,2.8493,0.0298,0.056,0.5254
EL,2013-06-30,2.9269,0.0657,0.1416,0.4342
EL,2013-09-30,3.1159,0.0804,0.0807,0.3138
EL,2013-12-31,3.3589,-0.1094,0.0234,0.0548
EL,2014-03-31,2.9806,0.1133,0.2578,0.3182
EL,2014-06-30,3.3114,0.0088,0.1805,0.3452
EL,2014-09-30,2.9581,0.0232,0.0928,0.5031
EL,2014-12-31,3.0173,0.0946,0.1699,0.7386
EL,2015-03-31,3.2956,0.0449,0.1484,0.874
EL,2015-06-30,3.4355,-0.0661,0.0642,0.7135
EL,2015-09-30,3.6157,0.0953,0.1124,0.8738
EL,2015-12-31,3.9452,0.0745,-0.119,0.5363
EL,2016-03-31,4.2243,-0.0317,-0.0874,0.8244
EL,2016-06-30,4.0774,-0.0238,0.0708,1.0895
EL,2016-09-30,3.5082,-0.1325,0.2364,1.3306
EL,2016-12-31,3.0423,0.113,0.6868,1.7961
EL,2017-03-31,3.3627,0.1361,0.7881,0.943
EL,2017-06-30,3.7947,0.1272,0.5038,1.0251
EL,2017-09-30,4.2525,0.1835,0.3624,1.0828
EL,2017-12-31,5.0014,0.1798,0.0338,1.1511
EL,2019-09-30,5.7019,0.0407,0.105,0.1106
EL,2019-12-31,5.9181,-0.2266,0.2977,0.2301
EL,2020-03-31,4.5733,0.1841,0.8366,0.5841
EL,2020-06-30,5.4093,0.1593,0.6992,0.0696
EL,2020-09-30,7.829,0.2223,0.3842,-0.3181
EL,2020-12-31,9.5247,0.0946,0.4004,-0.4325
EL,2021-03-31,10.3969,0.0955,-0.057,-0.4511
EL,2021-06-30,11.3601,-0.0556,-0.193,-0.6523
EL,2021-09-30,7.5175,0.2365,-0.2739,-0.6525
EL,2021-12-31,9.2689,-0.2629,-0.3231,-0.7876
EL,2022-03-31,6.8293,-0.0625,-0.0853,-0.7452
EL,2022-06-30,6.3894,-0.1503,-0.22,-0.6655
EL,2022-09-30,5.2447,0.1527,-0.3215,-0.5691
EL,2022-12-31,6.0128,-0.0039,-0.4013,-0.5541
EL,2023-03-31,5.9735,-0.2005,-0.3637,-0.6922
EL,2023-06-30,4.7793,-0.2609,-0.4476,
EL,2023-09-30,5.7503,0.0171,-0.2947,
EL,2023-12-31,5.813,0.0587,-0.4759,
EL,2024-03-31,6.1043,-0.306,-0.5622,
EL,2024-06-30,4.3437,-0.0562,-0.2237,
EL,2024-09-30,3.689,-0.2443,-0.0996,
EL,2024-12-31,2.8742,,0.4213,
ELF,2019-03-31,4.1008,0.3302,-0.0717,1.4368
ELF,2019-06-30,5.1667,0.2418,0.3525,1.1759
ELF,2019-09-30,6.2052,-0.0788,0.0491,1.1485
ELF,2019-12-31,5.7849,-0.39,0.5617,2.4284
ELF,2020-03-31,3.8694,0.938,1.7266,7.3689
ELF,2020-06-30,6.6802,-0.0367,0.4232,4.99
ELF,2021-06-30,5.9814,0.0704,0.1304,6.7642
ELF,2021-09-30,6.3827,0.1432,0.295,2.7532
ELF,2021-12-31,7.2566,-0.2222,0.6652,2.7805
ELF,2022-03-31,5.7062,0.1878,2.1882,1.4309
ELF,2022-06-30,4.8314,0.2262,2.7233,3.0561
ELF,2022-09-30,5.889,0.47,1.9195,2.5215
ELF,2022-12-31,8.5834,0.4892,1.6101,0.375
ELF,2023-03-31,12.7056,0.3871,1.3804,-0.264
ELF,2023-06-30,9.1581,-0.0385,0.8447,
ELF,2023-09-30,8.8022,0.3142,-0.0073,
ELF,2023-12-31,11.5936,0.3581,-0.1302,
ELF,2024-03-31,15.7746,0.0749,-0.6797,
ELF,2024-06-30,7.9008,-0.4826,-0.4095,
ELF,2024-09-30,4.1371,0.1515,0.2151,
ELF,2024-12-31,4.7486,,-0.3943,
ESTC,2019-06-30,13.8966,0.1029,0.2351,-0.0936
ESTC,2019-09-30,15.406,-0.2191,0.3103,-0.1287
ESTC,2019-12-31,11.8604,-0.132,1.2726,-0.1991
ESTC,2020-03-31,10.1918,0.6522,0.9925,0.0374
ESTC,2020-06-30,13.7468,0.17,0.5807,-0.3046
ESTC,2020-09-30,16.1762,0.3544,0.3809,-0.247
ESTC,2020-12-31,22.1009,-0.239,-0.1577,-0.2288
ESTC,2021-03-31,16.689,0.3108,-0.2001,-0.0986
ESTC,2021-06-30,18.3549,0.0222,-0.5357,-0.2185
ESTC,2021-09-30,18.7743,-0.1738,-0.5185,-0.4848
ESTC,2021-12-31,15.4117,-0.2774,-0.5816,-0.1951
ESTC,2022-03-31,10.9794,-0.2392,-0.3491,0.0017
ESTC,2022-06-30,6.1865,0.0601,-0.0525,0.2462
ESTC,2022-09-30,6.5765,-0.2821,0.1324,0.1777
ESTC,2022-12-31,4.6371,0.1243,1.1883,0.4649
ESTC,2023-03-31,5.2504,0.1074,0.7313,-0.1366
ESTC,2023-06-30,5.9973,0.267,0.7765,
ESTC,2023-09-30,7.6184,0.3872,-0.0551,
ESTC,2023-12-31,10.5975,-0.1106,-0.1209,
ESTC,2024-03-31,9.4176,0.1364,-0.1111,
ESTC,2024-06-30,9.4429,-0.3261,-0.2597,
ESTC,2024-09-30,6.2198,0.2908,0.1007,
ESTC,2024-12-31,8.1563,,-0.2386,
ETSY,2016-03-31,2.4846,0.1023,0.2218,6.7264
ETSY,2016-06-30,2.8359,0.4891,0.5641,5.3994
ETSY,2016-09-30,4.6875,-0.1751,0.1821,2.9566
ETSY,2016-12-31,3.7005,-0.0976,0.736,2.7606
ETSY,2017-03-31,3.2465,0.4111,1.6397,2.6162
ETSY,2017-06-30,4.9718,0.1253,1.8127,6.082
ETSY,2019-03-31,12.5104,-0.087,-0.4281,0.8489
ETSY,2019-06-30,11.4093,-0.0794,0.731,0.1929
ETSY,2019-09-30,10.4926,-0.2159,1.1527,0.7722
ETSY,2019-12-31,8.1962,-0.1323,3.016,1.7038
ETSY,2020-03-31,5.8158,1.7635,4.2464,1.8962
ETSY,2020-06-30,15.353,0.145,0.9377,-0.2035
ETSY,2020-09-30,17.5196,0.4627,0.7098,-0.469
ETSY,2020-12-31,25.4375,0.1336,0.2306,-0.5444
ETSY,2021-03-31,7.9519,0.0207,-0.3837,-0.6592
ETSY,2021-06-30,8.1175,0.0103,-0.6443,-0.7135
ETSY,2021-09-30,8.2017,0.0528,-0.5185,-0.733
ETSY,2021-12-31,8.6378,-0.4324,-0.4529,-0.7584
ETSY,2022-03-31,6.9433,-0.4109,-0.1042,-0.6204
ETSY,2022-06-30,4.337,0.3677,0.1557,-0.3148
ETSY,2022-09-30,5.7108,0.1962,-0.355,-0.337
ETSY,2022-12-31,6.7136,-0.0705,-0.3233,-0.5372
ETSY,2023-03-31,7.3155,-0.24,-0.3827,-0.5511
ETSY,2023-06-30,5.7163,-0.2367,-0.3029,
ETSY,2023-09-30,4.5175,0.255,-0.1401,
ETSY,2023-12-31,5.5032,-0.1521,-0.3474,
ETSY,2024-03-31,4.4977,-0.1417,-0.3134,
ETSY,2024-06-30,3.952,-0.0585,-0.1495,
ETSY,2024-09-30,3.7587,-0.0475,0.1956,
ETSY,2024-12-31,3.6108,,0.0482,
FTNT,2012-03-31,8.4517,-0.1602,-0.1436,0.264
FTNT,2012-06-30,6.9632,0.0388,-0.2463,0.7799
FTNT,2012-09-30,7.2656,-0.1285,-0.16,0.7612
FTNT,2012-12-31,6.224,0.1265,-0.0899,0.4829
FTNT,2013-03-31,6.7007,-0.261,-0.0697,0.2935
FTNT,2013-06-30,4.74,0.1577,0.436,0.8051
FTNT,2013-09-30,5.6157,-0.0558,0.2473,0.8228
FTNT,2013-12-31,5.2572,0.1516,0.6027,0.5745
FTNT,2014-03-31,6783.5043,0.1407,0.5865,0.7408
FTNT,2014-06-30,7738.1906,0.0056,0.6446,0.4899
FTNT,2014-09-30,7781.3053,0.2133,0.681,0.4183
FTNT,2014-12-31,9441.228,0.1399,0.0166,0.425
FTNT,2015-03-31,7.0645,0.1825,-0.1236,0.533
FTNT,2015-06-30,8.5333,0.0278,-0.2357,0.5105
FTNT,2015-09-30,8.798,-0.2662,-0.1306,1.1721
FTNT,2015-12-31,6.1943,-0.0173,-0.0337,1.2595
FTNT,2016-03-31,4.2153,0.0313,0.252,1.7414
FTNT,2016-06-30,4.3744,0.169,0.1852,1.4321
FTNT,2016-09-30,5.2594,-0.1844,-0.0295,1.0785
FTNT,2016-12-31,4.1308,0.2732,0.4505,2.5445
FTNT,2017-03-31,4.4255,-0.0237,0.3971,1.6381
FTNT,2017-06-30,4.3003,-0.0427,0.6675,2.6664
FTNT,2017-09-30,4.0801,0.219,1.5745,2.2871
FTNT,2017-12-31,5.1604,0.2264,0.612,2.3996
FTNT,2018-03-31,6.5214,0.1652,0.5672,2.442
FTNT,2018-06-30,7.7393,0.478,0.2307,2.8153
FTNT,2020-03-31,7.4148,0.3568,0.8229,2.2846
FTNT,2020-06-30,10.4158,-0.1418,0.7352,1.7533
FTNT,2020-09-30,8.7981,0.2608,1.4789,1.4905
FTNT,2020-12-31,11.3518,0.2416,1.4197,0.9703
FTNT,2021-03-31,11.0745,0.2916,0.8531,0.852
FTNT,2021-06-30,14.5134,0.2261,0.1877,0.2652
FTNT,2021-09-30,17.9574,0.2307,-0.1588,0.3277
FTNT,2021-12-31,22.2654,-0.0491,-0.3198,0.3144
FTNT,2022-03-31,15.5077,-0.1722,-0.0276,0.4084
FTNT,2022-06-30,2.4892,-0.1317,0.336,0.8685
FTNT,2022-09-30,2.1491,-0.0049,0.1944,0.7114
FTNT,2022-12-31,2.1381,0.3594,0.1972,0.6243
FTNT,2023-03-31,10.8163,0.1374,0.0278,0.2296
FTNT,2023-06-30,12.3223,-0.2237,-0.2027,
FTNT,2023-09-30,9.5331,-0.0026,0.3216,
FTNT,2023-12-31,9.5084,0.1671,0.6142,
FTNT,2024-03-31,10.0749,-0.1177,0.4092,
FTNT,2024-06-30,8.8798,0.2867,0.7541,
FTNT,2024-09-30,11.4484,0.2183,0.0842,
FTNT,2024-12-31,13.9649,,-0.1595,
GOOGL,2016-03-31,8.0041,-0.0778,0.1113,0.5427
GOOGL,2016-06-30,7.2887,0.1429,0.3215,0.5391
GOOGL,2016-09-30,8.5002,-0.0144,0.211,0.5187
GOOGL,2016-12-31,8.3602,0.0698,0.3293,0.6902
GOOGL,2017-03-31,9.0273,0.0966,0.2233,0.3705
GOOGL,2017-06-30,10.014,0.0474,0.2146,0.5253
GOOGL,2019-03-31,6.5271,-0.0799,-0.0127,1.3633
GOOGL,2019-06-30,5.9285,0.1278,0.3096,1.0126
GOOGL,2019-09-30,6.8087,0.0968,0.2002,0.5666
GOOGL,2019-12-31,7.5611,-0.1325,0.3085,0.3175
GOOGL,2020-03-31,5.7268,0.2204,0.7751,0.7854
GOOGL,2020-06-30,7.201,0.0335,0.7219,0.6882
GOOGL,2020-09-30,7.4747,0.1959,0.8242,0.7858
GOOGL,2020-12-31,9.127,0.1768,0.653,0.5941
GOOGL,2021-03-31,10.9107,0.1839,0.3485,0.4635
GOOGL,2021-06-30,13.0939,0.0949,-0.1075,0.4937
GOOGL,2023-03-31,6.6978,0.154,0.455,1.7951
GOOGL,2023-06-30,7.8112,0.0932,0.5235,
GOOGL,2023-09-30,8.5892,0.0675,0.2705,
GOOGL,2023-12-31,9.2049,0.0805,0.3601,
GOOGL,2024-03-31,8.8892,0.2082,0.0295,
GOOGL,2024-06-30,10.8269,-0.0883,-0.0278,
GOOGL,2024-09-30,9.8153,0.1427,0.4722,
GOOGL,2024-12-31,11.2707,,0.6599,
GTLB,2022-06-30,8.4816,-0.0361,-0.0382,-0.1511
GTLB,2022-09-30,8.0885,-0.1128,-0.1171,-0.1199
GTLB,2022-12-31,6.9049,-0.2454,0.3856,-0.1741
GTLB,2023-03-31,7.2518,0.4905,0.7008,-0.3689
GTLB,2023-06-30,11.0282,-0.1152,-0.0272,
GTLB,2023-09-30,9.7058,0.3923,0.1398,
GTLB,2023-12-31,13.6888,-0.0737,-0.105,
GTLB,2024-03-31,11.8856,-0.1475,-0.1941,
GTLB,2024-06-30,10.075,0.0366,-0.0927,
GTLB,2024-09-30,10.4581,0.0933,-0.1253,
GTLB,2024-12-31,11.4708,,-0.334,
GTM,2022-03-31,24.1372,-0.4436,-0.5864,-0.8326
GTM,2022-06-30,13.8183,0.2533,-0.2362,-0.6955
GTM,2022-09-30,17.097,-0.2772,-0.6063,-0.7381
GTM,2022-12-31,12.5995,-0.1793,-0.3859,-0.6622
GTM,2023-03-31,7.4943,0.0275,-0.3513,-0.758
GTM,2023-06-30,7.6872,-0.3541,-0.497,
GTM,2023-09-30,5.1368,0.1274,-0.3707,
GTM,2023-12-31,5.7297,-0.133,-0.4316,
GTM,2024-03-31,5.5602,-0.2034,-0.3762,
GTM,2024-06-30,4.5465,-0.1919,-0.2075,
GTM,2024-09-30,3.7847,0.0184,0.0572,
GTM,2024-12-31,3.8438,,-0.0324,
HUBS,2015-03-31,8.3391,0.2426,0.0932,1.7143
HUBS,2015-06-30,10.5831,-0.0647,-0.1242,1.5292
HUBS,2015-09-30,9.839,0.2144,0.2426,2.2553
HUBS,2015-12-31,12.1433,-0.2254,-0.1653,1.2328
HUBS,2016-03-31,6.1339,-0.0046,0.3881,2.8104
HUBS,2016-06-30,6.1047,0.327,0.5143,2.9272
HUBS,2016-09-30,8.1776,-0.1843,0.4587,1.6312
HUBS,2016-12-31,6.6273,0.2883,0.8809,2.3723
HUBS,2017-03-31,8.6054,0.0859,0.7886,1.1997
HUBS,2017-06-30,9.3645,0.2783,0.9072,2.4122
HUBS,2019-03-31,11.3146,0.0259,-0.1987,1.8575
HUBS,2019-06-30,11.5991,-0.1109,0.3157,0.7631
HUBS,2019-09-30,10.3511,0.0454,0.9275,0.7817
HUBS,2019-12-31,10.8058,-0.1597,1.5012,0.8242
HUBS,2020-03-31,7.7011,0.6844,2.4102,2.2191
HUBS,2020-06-30,12.908,0.3026,1.5974,1.3717
HUBS,2020-09-30,16.7851,0.3566,1.3136,0.6853
HUBS,2020-12-31,22.7374,0.1457,0.6627,0.4644
HUBS,2021-03-31,21.394,0.2829,0.0456,0.3795
HUBS,2021-06-30,27.4181,0.1602,-0.4841,0.0121
HUBS,2021-09-30,31.795,-0.0251,-0.6005,-0.2137
HUBS,2021-12-31,31.0009,-0.2795,-0.5614,0.0571
HUBS,2022-03-31,13.6505,-0.367,-0.0973,0.2029
HUBS,2022-06-30,8.6469,-0.1015,0.7698,0.8514
HUBS,2022-09-30,7.7704,0.0704,0.8233,0.7318
HUBS,2022-12-31,8.3161,0.4829,1.0079,0.388
HUBS,2023-03-31,10.4786,0.241,0.4614,-0.4307
HUBS,2023-06-30,13.0443,-0.0744,0.1084,
HUBS,2023-09-30,12.0613,0.1788,0.0794,
HUBS,2023-12-31,14.2472,0.0793,0.2002,
HUBS,2024-03-31,13.2027,-0.0587,-0.0882,
HUBS,2024-06-30,12.4183,-0.0987,-0.0562,
HUBS,2024-09-30,11.177,0.3107,-0.12,
HUBS,2024-12-31,14.7004,,-0.4241,
IBM,2010-03-31,4.8418,-0.0323,0.2952,0.7522
IBM,2010-06-30,4.672,0.0917,0.4142,0.6299
IBM,2010-09-30,5.0513,0.0989,0.3262,0.4538
IBM,2010-12-31,5.5003,0.1155,0.2741,0.3472
IBM,2011-03-31,4.236,0.0567,0.3011,0.2462
IBM,2011-06-30,4.4416,0.0238,0.159,0.117
IBM,2011-09-30,4.5221,0.0558,0.2059,0.1493
IBM,2011-12-31,4.7405,0.1391,0.0592,-0.0736
IBM,2012-03-31,4.4555,-0.0587,0.0398,-0.1807
IBM,2012-06-30,4.1929,0.0652,-0.0056,-0.1113
IBM,2012-09-30,4.4314,-0.0726,-0.0909,-0.2502
IBM,2012-12-31,4.112,0.1182,-0.0018,-0.2253
IBM,2013-03-31,5.3454,-0.0998,-0.0789,-0.2298
IBM,2013-06-30,4.8296,-0.0262,-0.0308,-0.1343
IBM,2013-09-30,4.6917,0.0183,0.0485,-0.0615
IBM,2013-12-31,4.7473,0.0319,-0.1239,-0.0283
IBM,2014-03-31,5.1425,-0.0528,-0.1446,-0.0042
IBM,2014-06-30,4.8767,0.0534,-0.0779,-0.0623
IBM,2014-09-30,5.0795,-0.149,-0.2134,-0.1516
IBM,2014-12-31,4.3834,0.0074,-0.1142,0.0649
IBM,2015-03-31,4.7538,0.0211,-0.0225,0.0675
IBM,2015-06-30,4.8073,-0.1014,-0.0314,-0.0376
IBM,2015-09-30,4.3694,-0.0418,0.1378,0.1718
IBM,2015-12-31,4.1875,0.1117,0.2521,-0.069
IBM,2016-03-31,5.8227,0.0119,0.1909,0.0516
IBM,2016-06-30,5.8332,0.0556,0.0498,0.0278
IBM,2016-09-30,6.059,0.0544,-0.0521,0.0388
IBM,2016-12-31,6.287,0.0574,-0.0399,-0.0812
IBM,2017-03-31,5.3849,-0.108,-0.083,-0.2733
IBM,2017-06-30,4.8603,-0.0469,-0.0536,-0.1012
IBM,2017-09-30,4.6342,0.0681,0.0864,-0.0375
IBM,2017-12-31,4.8497,0.0099,-0.2256,-0.0541
IBM,2018-03-31,4.9022,-0.0794,-0.037,0.0047
IBM,2018-06-30,4.5455,0.0941,0.0344,0.214
IBM,2018-09-30,4.8446,-0.2387,0.0088,0.0637
IBM,2018-12-31,3.8692,0.2558,0.2358,0.4248
IBM,2019-03-31,4.1946,-0.0111,-0.1771,0.117
IBM,2019-06-30,4.1184,0.067,-0.0819,0.2414
IBM,2019-09-30,4.2974,-0.0674,-0.1218,-0.0086
IBM,2019-12-31,4.0265,-0.1638,-0.0116,0.2756
IBM,2020-03-31,4.4924,0.1033,0.268,0.4368
IBM,2020-06-30,4.7487,0.0206,0.2783,0.3474
IBM,2020-09-30,4.7721,0.0496,0.2007,0.4001
IBM,2020-12-31,4.8817,0.0728,0.1665,0.5726
IBM,2021-03-31,5.1975,0.1123,0.0705,0.7272
IBM,2021-06-30,5.5673,-0.0413,0.0578,0.4203
IBM,2021-09-30,5.3548,0.0198,-0.0598,0.9104
IBM,2021-12-31,5.2086,-0.0155,0.1064,0.8775
IBM,2022-03-31,8.6107,0.0991,0.0585,1.1716
IBM,2022-06-30,9.1447,-0.1479,-0.0036,1.3579
IBM,2022-09-30,8.0748,0.2,0.2402,1.6666
IBM,2022-12-31,9.1304,-0.0581,0.2185,1.3457
IBM,2023-03-31,4.4939,0.0347,0.5243,1.0496
IBM,2023-06-30,4.5624,0.0606,0.3475,
IBM,2023-09-30,4.7257,0.1789,0.6383,
IBM,2023-12-31,5.3108,0.1782,0.3927,
IBM,2024-03-31,6.1286,-0.0853,0.3459,
IBM,2024-06-30,5.6656,0.2895,0.756,
IBM,2024-09-30,6.9029,0.0022,0.3123,
IBM,2024-12-31,6.8708,,0.3823,
IDXX,2011-03-31,6.5227,0.0044,0.1325,0.5721
IDXX,2011-06-30,6.5524,-0.1108,0.2394,0.7222
IDXX,2011-09-30,5.8009,0.1158,0.4405,0.7084
IDXX,2011-12-31,6.4999,0.1363,0.2058,0.9266
IDXX,2012-03-31,5.9882,0.0993,0.0565,0.7665
IDXX,2012-06-30,6.6058,0.0335,-0.067,0.3344
IDXX,2012-09-30,6.8348,-0.0659,0.003,0.4947
IDXX,2012-12-31,6.3688,-0.0044,0.1462,0.5716
IDXX,2013-03-31,6.1938,-0.0292,0.314,0.6954
IDXX,2013-06-30,6.0045,0.111,0.4892,1.0707
IDXX,2013-09-30,6.7029,0.0674,0.1824,1.2625
IDXX,2013-12-31,7.1741,0.1413,0.3939,1.2049
IDXX,2014-03-31,7.26,0.1002,0.2725,1.5471
IDXX,2014-06-30,8.0029,-0.1178,-0.0396,1.417
IDXX,2014-09-30,7.0421,0.2583,0.2603,1.6392
IDXX,2014-12-31,8.9003,0.0419,-0.0164,1.1094
IDXX,2015-03-31,7.8284,-0.1696,0.014,1.4779
IDXX,2015-06-30,3.2675,0.1576,0.4478,2.3979
IDXX,2015-09-30,3.778,-0.0179,0.5182,2.3624
IDXX,2015-12-31,3.7108,0.0741,0.6082,1.551
IDXX,2016-03-31,7.3748,0.1856,0.9741,1.855
IDXX,2016-06-30,8.6583,0.214,0.7383,1.965
IDXX,2016-09-30,10.4124,0.0403,0.3793,1.4122
IDXX,2016-12-31,10.8132,0.3184,0.3335,1.2267
IDXX,2017-03-31,14.1094,0.044,0.2379,0.5668
IDXX,2017-06-30,14.7106,-0.0367,0.3501,1.0453
IDXX,2019-03-31,13.0006,0.2314,0.0834,1.4466
IDXX,2019-06-30,15.9354,-0.0123,0.1991,0.2739
IDXX,2019-09-30,15.7425,-0.0397,0.4456,0.1981
IDXX,2019-12-31,15.1298,-0.0723,0.9143,0.5623
IDXX,2020-03-31,13.5007,0.3629,1.0199,1.0644
IDXX,2020-06-30,18.2605,0.1907,0.9129,0.5212
IDXX,2020-09-30,21.6685,0.2716,0.582,0.1123
IDXX,2020-12-31,27.4482,-0.0211,0.3173,0.1104
IDXX,2021-03-31,22.1816,0.2907,0.118,0.1035
IDXX,2021-06-30,28.5496,-0.0153,-0.4447,-0.2286
IDXX,2021-09-30,28.1176,0.0588,-0.4761,-0.1876
IDXX,2021-12-31,29.7544,-0.1692,-0.3804,-0.3721
IDXX,2022-03-31,18.7652,-0.3589,-0.0859,-0.2324
IDXX,2022-06-30,12.1323,-0.0711,0.432,0.5292
IDXX,2022-09-30,11.2901,0.2522,0.3421,0.961
IDXX,2022-12-31,14.0658,0.2258,0.3606,0.6583
IDXX,2023-03-31,19.4665,0.0043,0.0797,0.1236
IDXX,2023-06-30,19.5489,-0.1293,-0.0299,
IDXX,2023-09-30,17.0597,0.2694,0.1554,
IDXX,2023-12-31,21.573,-0.0272,-0.2551,
IDXX,2024-03-31,17.9765,-0.0977,-0.2222,
IDXX,2024-06-30,16.2304,0.037,0.1009,
IDXX,2024-09-30,16.8271,-0.1817,0.2646,
IDXX,2024-12-31,13.7879,,0.6363,
ILMN,2011-03-31,9.0689,0.0725,-0.2492,1.1216
ILMN,2011-06-30,9.7722,-0.4555,-0.4625,1.3758
ILMN,2011-09-30,5.0332,-0.2551,0.1777,3.0059
ILMN,2011-12-31,3.5878,0.726,0.8238,5.0558
ILMN,2012-03-31,6.8582,-0.2323,0.0264,2.5286
ILMN,2012-06-30,5.1744,0.1931,0.8529,4.4063
ILMN,2012-09-30,6.2492,0.1536,0.6773,2.6485
ILMN,2012-12-31,7.2689,-0.0286,0.9894,2.453
ILMN,2013-03-31,7.0498,0.3859,1.753,2.002
ILMN,2013-06-30,9.9214,0.08,1.3856,0.8757
ILMN,2014-03-31,13.3609,0.201,0.2488,0.1479
ILMN,2014-06-30,16.0889,-0.0819,0.223,-0.0281
ILMN,2014-09-30,14.7541,0.126,0.0726,0.2152
ILMN,2014-12-31,16.6403,0.0057,0.0399,0.1837
ILMN,2015-03-31,14.218,0.1763,-0.1268,0.2735
ILMN,2015-06-30,16.7284,-0.1948,-0.3571,0.279
ILMN,2015-09-30,13.4645,0.0917,0.0332,1.0877
ILMN,2015-12-31,14.7021,-0.1555,-0.333,0.5625
ILMN,2016-03-31,12.4126,-0.134,0.0526,0.9165
ILMN,2016-06-30,10.7454,0.2941,0.2361,1.6225
ILMN,2019-03-31,12.2672,0.1849,-0.1209,0.1246
ILMN,2019-06-30,14.6137,-0.1737,0.006,-0.4992
ILMN,2019-09-30,12.0029,0.0905,0.016,-0.3729
ILMN,2019-12-31,13.1268,-0.1767,0.1153,-0.3905
ILMN,2020-03-31,14.3905,0.356,0.4062,-0.1485
ILMN,2020-06-30,19.7033,-0.1654,0.2777,-0.4937
ILMN,2020-09-30,16.3554,0.1971,0.3123,-0.5558
ILMN,2020-12-31,19.6842,0.038,0.0282,-0.6237
ILMN,2021-03-31,20.4524,0.2321,-0.0902,-0.6425
ILMN,2021-06-30,25.3238,-0.1429,-0.6104,-0.7732
ILMN,2022-03-31,10.948,-0.4724,-0.3344,-0.7666
ILMN,2022-06-30,5.7159,0.0349,0.017,-0.468
ILMN,2022-09-30,5.9198,0.0598,-0.2805,-0.4883
ILMN,2022-12-31,6.2815,0.1501,-0.3114,-0.3332
ILMN,2023-03-31,11.6981,-0.1938,-0.4095,-0.4551
ILMN,2023-06-30,9.349,-0.2678,-0.4277,
ILMN,2023-09-30,6.7314,0.0143,-0.0234,
ILMN,2023-12-31,6.8336,-0.0138,-0.0134,
ILMN,2024-03-31,6.7335,-0.2186,-0.406,
ILMN,2024-06-30,5.0163,0.2494,-0.0859,
INTC,2010-03-31,7.0295,-0.1213,-0.0663,0.0851
INTC,2010-06-30,6.1207,-0.0053,0.176,0.3829
INTC,2010-09-30,6.0407,0.1039,0.1496,0.328
INTC,2010-12-31,6.6263,-0.0323,0.194,0.3753
INTC,2011-03-31,2.75,0.1067,0.4421,0.4265
INTC,2011-06-30,3.0283,-0.0276,0.2439,0.5564
INTC,2011-09-30,2.913,0.1465,0.0972,0.8156
INTC,2011-12-31,3.3221,0.1689,-0.1201,0.6613
INTC,2012-03-31,3.0633,-0.0454,-0.1941,0.2335
INTC,2012-06-30,2.9057,-0.1423,-0.0546,0.2661
INTC,2012-09-30,2.478,-0.0806,0.0528,0.4747
INTC,2012-12-31,2.2593,0.0705,0.3092,0.8464
INTC,2013-03-31,3.4765,0.1199,0.2275,0.6338
INTC,2013-06-30,3.8402,-0.0448,0.3235,0.492
INTC,2013-09-30,3.6409,0.1432,0.5717,0.8113
INTC,2013-12-31,4.1035,0.0037,0.4422,0.5338
INTC,2014-03-31,4.3961,0.2075,0.247,0.5306
INTC,2014-06-30,5.2152,0.1344,0.0119,0.1945
INTC,2014-09-30,5.846,0.0491,-0.1088,0.1974
INTC,2014-12-31,6.0826,-0.1321,-0.0221,0.3918
INTC,2015-03-31,4.0741,-0.0201,0.0674,0.8217
INTC,2015-06-30,3.9707,-0.001,0.114,0.7848
INTC,2015-09-30,3.9367,0.1511,0.2931,0.7099
INTC,2015-12-31,4.4606,-0.0527,0.0876,0.4835
INTC,2016-03-31,4.6891,0.0227,0.1499,0.8032
INTC,2016-06-30,4.7513,0.1596,0.0596,0.5815
INTC,2016-09-30,5.4357,-0.0319,0.039,0.4779
INTC,2016-12-31,5.2311,0.0016,0.3087,0.7829
INTC,2017-03-31,5.2034,-0.0576,0.4842,0.6176
INTC,2017-06-30,4.8813,0.1371,0.512,0.9084
INTC,2019-03-31,5.0,-0.1031,0.0315,-0.0041
INTC,2019-06-30,4.5041,0.0837,0.2786,-0.1552
INTC,2019-09-30,4.8154,0.1679,0.028,-0.4576
INTC,2019-12-31,5.5231,-0.0913,-0.1469,-0.5173
INTC,2020-03-31,5.9222,0.1118,0.2133,-0.3353
INTC,2020-06-30,6.4865,-0.1287,-0.0368,-0.3855
INTC,2020-09-30,5.6909,-0.0309,0.056,-0.2476
INTC,2020-12-31,5.4972,0.2924,0.0605,0.101
INTC,2021-03-31,5.8116,-0.1174,-0.2043,-0.249
INTC,2021-06-30,5.1729,-0.0448,-0.3141,-0.401
INTC,2021-09-30,4.9404,-0.0267,-0.5004,-0.5219
INTC,2021-12-31,4.7958,-0.0303,-0.4664,-0.5802
INTC,2022-03-31,5.2253,-0.2392,-0.3115,-0.5097
INTC,2022-06-30,4.1256,-0.3042,-0.07,-0.3643
INTC,2022-09-30,3.0721,0.0395,0.4261,0.3684
INTC,2022-12-31,3.1318,0.2512,0.9456,0.4479
INTC,2023-03-31,11.4787,0.0278,0.3709,0.384
INTC,2023-06-30,11.7043,0.0669,-0.0609,
INTC,2023-09-30,12.3224,0.4182,-0.329,
INTC,2023-12-31,16.6283,-0.1184,-0.5957,
INTC,2024-03-31,16.2132,-0.296,-0.4805,
INTC,2024-06-30,12.2608,-0.2377,-0.2721,
INTC,2024-09-30,10.0122,-0.1454,0.4301,
INTC,2024-12-31,8.9911,,0.8404,
INTU,2010-09-30,3.9765,0.1253,0.0829,0.5472
INTU,2010-12-31,4.4482,0.0773,0.0702,0.587
INTU,2011-03-31,4.7756,-0.0235,0.1396,0.5041
INTU,2011-06-30,4.6682,-0.0852,0.1543,0.5999
INTU,2011-09-30,3.5068,0.1121,0.255,0.9081
INTU,2011-12-31,3.8803,0.1472,0.1432,0.8101
INTU,2012-03-31,4.4292,-0.011,0.103,0.6642
INTU,2012-06-30,4.3704,-0.0054,0.0395,0.7532
INTU,2012-09-30,4.0416,0.013,0.1385,0.5563
INTU,2012-12-31,4.0825,0.1069,0.2973,0.676
INTU,2013-03-31,4.5041,-0.0679,0.1966,0.637
INTU,2013-06-30,4.1889,0.0893,0.3334,0.89
INTU,2013-09-30,4.4906,0.1543,0.3354,0.7147
INTU,2013-12-31,5.1874,0.021,0.2206,0.5525
INTU,2014-03-31,5.2856,0.0387,0.2609,0.5434
INTU,2014-06-30,5.4805,0.091,0.2649,0.7064
INTU,2014-09-30,5.2207,0.055,0.0236,0.6783
INTU,2014-12-31,5.4949,0.0547,0.0585,0.7707
INTU,2015-03-31,5.7831,0.042,0.085,0.8489
INTU,2015-06-30,6.0132,-0.1172,0.1206,1.0962
INTU,2015-09-30,6.462,0.0909,0.2544,1.6477
INTU,2015-12-31,7.0335,0.0812,0.2017,1.1055
INTU,2016-03-31,7.5872,0.0761,0.1281,1.592
INTU,2016-06-30,8.1476,-0.0117,0.2038,1.4122
INTU,2016-09-30,8.0296,0.0451,0.3071,1.4883
INTU,2016-12-31,8.3688,0.015,0.3921,1.3498
INTU,2018-09-30,10.3565,-0.1325,0.1789,1.4249
INTU,2018-12-31,8.963,0.331,0.3411,2.3367
INTU,2019-03-31,11.9079,0.0015,-0.1135,0.8762
INTU,2019-06-30,11.9043,0.0194,0.1423,0.5037
INTU,2019-09-30,12.1145,-0.0131,0.2363,0.4848
INTU,2019-12-31,11.9316,-0.1202,0.4612,0.5147
ISRG,2010-03-31,13.3261,-0.0934,-0.0421,0.4109
ISRG,2010-06-30,12.0279,-0.101,0.179,0.6036
ISRG,2010-09-30,10.7548,-0.0916,0.2839,0.3261
ISRG,2010-12-31,9.7169,0.2937,0.7964,0.4901
ISRG,2011-03-31,7.956,0.1159,0.6246,0.3135
ISRG,2011-06-30,8.9479,-0.021,0.4882,0.1067
ISRG,2011-09-30,8.7469,0.271,0.3606,0.2678
ISRG,2011-12-31,11.2805,0.1701,0.0591,0.1424
ISRG,2012-03-31,11.9194,0.0222,-0.0933,-0.0678
ISRG,2012-06-30,12.1977,-0.105,-0.0861,-0.1251
ISRG,2012-09-30,10.8532,-0.0106,-0.2408,-0.0727
ISRG,2012-12-31,10.7316,0.0017,-0.2168,0.1138
ISRG,2013-03-31,8.7848,0.0304,-0.1083,0.2237
ISRG,2013-06-30,9.0712,-0.2566,-0.1864,0.3068
ISRG,2013-09-30,6.5814,0.0208,0.2274,0.9264
ISRG,2013-12-31,6.7311,0.1404,0.3772,0.6511
ISRG,2014-03-31,9.095,-0.0598,0.1531,0.75
ISRG,2014-06-30,8.5013,0.1215,0.1765,1.2714
ISRG,2014-09-30,9.6351,0.1453,-0.0049,1.2647
ISRG,2014-12-31,11.1566,-0.0452,0.0326,1.0698
ISRG,2015-03-31,13.3914,-0.0407,0.1901,1.4523
ISRG,2015-06-30,12.8081,-0.0514,0.3651,1.9627
ISRG,2015-09-30,12.1001,0.1884,0.5772,2.7469
ISRG,2015-12-31,14.5599,0.1005,0.1611,1.6307
ISRG,2016-03-31,11.2373,0.1004,0.2752,1.8479
ISRG,2016-06-30,12.45,0.0959,0.4142,1.3792
ISRG,2016-09-30,13.7241,-0.1251,0.4429,1.2347
ISRG,2016-12-31,11.9027,0.2086,0.7264,1.7965
ISRG,2017-03-31,14.5607,0.2204,0.6158,0.9383
ISRG,2017-06-30,17.9541,0.1181,0.5346,0.8276
ISRG,2019-03-31,18.8699,-0.0807,-0.1321,0.5862
ISRG,2019-06-30,17.2728,0.0293,0.0863,0.1479
ISRG,2019-09-30,17.8064,0.0949,0.3141,0.0415
ISRG,2019-12-31,19.5837,-0.1623,0.3839,0.3466
ISRG,2020-03-31,13.4954,0.1507,0.4922,0.5476
ISRG,2020-06-30,15.6498,0.2452,0.6139,0.8002
ISRG,2020-09-30,19.6834,0.153,0.4011,0.2358
ISRG,2020-12-31,22.8177,-0.0968,0.3176,0.2371
ISRG,2021-03-31,29.8345,0.2445,0.2248,0.6203
ISRG,2021-06-30,37.5856,0.081,-0.3453,0.4512
ISRG,2021-09-30,40.7818,0.0842,-0.4344,0.4825
ISRG,2021-12-31,13.5497,-0.1604,-0.2615,0.4527
ISRG,2022-03-31,18.1031,-0.3347,-0.1532,0.6417
ISRG,2022-06-30,11.7986,-0.0661,0.7037,1.7074
ISRG,2022-09-30,10.97,0.4157,0.5594,1.386
ISRG,2022-12-31,15.8347,-0.0372,0.2714,1.1344
ISRG,2023-03-31,17.9629,0.3385,0.5622,0.8045
ISRG,2023-06-30,24.3361,-0.1452,0.301,
ISRG,2023-09-30,20.6767,0.1542,0.6808,
ISRG,2023-12-31,23.9985,0.183,0.5472,
ISRG,2024-03-31,23.4959,0.1147,0.241,
ISRG,2024-06-30,26.2939,0.1043,0.2216,
ISRG,2024-09-30,29.1323,0.0625,-0.0896,
ISRG,2024-12-31,31.0088,,0.0851,
KLAC,2011-09-30,1.0179,0.2697,0.2831,1.2478
KLAC,2011-12-31,1.4071,0.1359,0.0206,0.9778
KLAC,2012-03-31,1.6479,-0.0886,-0.0008,0.4546
KLAC,2012-06-30,1.4461,-0.0239,0.1671,0.5523
KLAC,2012-09-30,2.9423,0.01,0.3155,0.4286
KLAC,2012-12-31,2.9468,0.1121,0.3895,0.9771
KLAC,2013-03-31,3.3978,0.0645,0.3497,0.8818
KLAC,2013-06-30,3.6686,0.1002,0.3417,0.7918
KLAC,2013-09-30,5.4688,0.0668,0.3317,0.5616
KLAC,2013-12-31,5.9254,0.0802,0.3946,0.664
KLAC,2014-03-31,6.5173,0.0582,0.0786,0.873
KLAC,2014-06-30,6.96,0.092,-0.0087,0.7129
KLAC,2014-09-30,5.9473,0.1172,-0.1845,0.8292
KLAC,2014-12-31,5.1638,-0.1645,0.0203,0.6324
KLAC,2015-03-31,4.0498,-0.0274,0.2927,1.0387
KLAC,2015-06-30,3.8572,-0.1017,0.3472,0.985
KLAC,2015-09-30,5.8332,0.3979,0.438,1.2063
KLAC,2015-12-31,7.8817,0.0585,0.1695,0.4001
KLAC,2016-03-31,8.248,0.0136,0.3434,0.7773
KLAC,2016-06-30,8.2946,-0.0412,0.2826,0.7477
KLAC,2016-09-30,5.7152,0.1368,0.5599,1.4726
KLAC,2016-12-31,6.4142,0.2159,0.368,1.4421
KLAC,2017-03-31,7.6914,-0.0323,0.174,0.6284
KLAC,2017-06-30,7.4139,0.1661,0.1488,1.2876
KLAC,2017-09-30,8.5431,-0.003,-0.0164,0.9626
KLAC,2017-12-31,8.4706,0.0434,-0.1249,1.6409
KLAC,2019-09-30,8.4196,0.1228,0.2382,0.9829
KLAC,2019-12-31,9.3225,-0.1893,0.4794,1.2077
KLAC,2020-03-31,7.6619,0.3595,1.335,1.8923
KLAC,2020-06-30,10.1092,0.0005,0.6904,1.5937
KLAC,2020-09-30,6.5633,0.3416,0.7489,1.4582
KLAC,2020-12-31,8.6186,0.2796,0.6805,1.3287
KLAC,2021-03-31,10.8731,-0.0157,0.1207,1.1919
KLAC,2021-06-30,10.6779,0.0351,-0.0042,1.6337
KLAC,2021-09-30,9.7041,0.2891,-0.0843,1.3943
KLAC,2021-12-31,12.3725,-0.1466,-0.112,0.5155
KLAC,2022-03-31,10.5847,-0.1254,0.1052,0.9202
KLAC,2022-06-30,9.2734,-0.0482,0.5407,1.9
KLAC,2022-09-30,5.5335,0.2501,0.535,2.6769
KLAC,2022-12-31,6.75,0.0621,0.5605,2.319
KLAC,2023-03-31,7.112,0.2192,0.7695,2.7915
KLAC,2023-06-30,8.5157,-0.0518,0.7166,
KLAC,2023-09-30,8.6128,0.2709,0.7034,
KLAC,2023-12-31,10.7788,0.2044,0.0936,
KLAC,2024-03-31,12.85,0.1827,-0.0182,
KLAC,2024-06-30,15.0744,-0.059,0.0965,
KLAC,2024-09-30,20.735,-0.1841,0.4062,
KLAC,2024-12-31,17.0369,,0.9448,
LRCX,2011-09-30,1.098,-0.0253,-0.1632,0.9772
LRCX,2011-12-31,1.0605,0.2053,-0.024,1.1591
LRCX,2012-03-31,1.3571,-0.1542,-0.0708,0.5895
LRCX,2012-06-30,1.0886,-0.1579,0.1749,1.1843
LRCX,2012-09-30,7.3938,0.1369,0.6111,1.0919
LRCX,2012-12-31,8.688,0.1475,0.5071,1.2456
LRCX,2013-03-31,10.2736,0.0695,0.3266,1.0435
LRCX,2013-06-30,11.1304,0.1547,0.5284,0.9516
LRCX,2013-09-30,2.6827,0.0635,0.4667,0.9105
LRCX,2013-12-31,2.8817,0.0101,0.468,1.0142
LRCX,2014-03-31,2.9154,0.2321,0.2895,1.4301
LRCX,2014-06-30,3.6859,0.1081,0.2165,1.1792
LRCX,2014-09-30,3.1424,0.0644,-0.1147,1.5798
LRCX,2014-12-31,3.3704,-0.1127,0.015,1.4177
LRCX,2015-03-31,2.9232,0.1624,0.1946,2.015
LRCX,2015-06-30,3.4691,-0.1936,0.0497,1.2188
LRCX,2015-09-30,2.8429,0.2204,0.4714,1.4315
LRCX,2015-12-31,3.5788,0.0443,0.3518,0.8007
LRCX,2016-03-31,3.7449,0.0214,0.5776,1.2809
LRCX,2016-06-30,3.8212,0.1304,0.7067,1.3569
LRCX,2016-09-30,4.3566,0.1212,0.9806,1.5781
LRCX,2016-12-31,4.8885,0.2187,0.7621,1.9218
LRCX,2017-03-31,5.9808,0.105,0.5999,0.9797
LRCX,2017-06-30,6.6117,0.3118,0.2386,1.4243
LRCX,2017-09-30,8.7167,-0.0025,-0.1656,0.9027
LRCX,2017-12-31,8.6699,0.1065,-0.244,1.7223
LRCX,2019-09-30,10.9607,0.2707,0.4617,0.6486
LRCX,2019-12-31,13.8018,-0.1743,0.6418,0.4955
LRCX,2020-03-31,11.3728,0.3531,1.5121,1.2926
LRCX,2020-06-30,15.2416,0.0296,1.0336,1.0604
LRCX,2020-09-30,9.8075,0.4272,0.7319,0.9569
LRCX,2020-12-31,13.8873,0.2634,0.5366,0.7182
LRCX,2021-03-31,17.4576,0.0954,-0.0879,0.6905
LRCX,2021-06-30,19.0678,-0.1232,-0.3377,0.6946
LRCX,2021-09-30,6.0355,0.2663,-0.3488,0.4857
LRCX,2021-12-31,7.6155,-0.25,-0.4072,0.0416
LRCX,2022-03-31,5.7032,-0.2047,0.0005,0.4021
LRCX,2022-06-30,4.5292,-0.1378,0.5297,1.3663
LRCX,2022-09-30,4.7167,0.1526,0.7351,2.7828
LRCX,2022-12-31,5.3969,0.2659,0.8863,3.2025
LRCX,2023-03-31,6.7727,0.216,0.8523,3.1487
LRCX,2023-06-30,8.185,-0.0221,0.6727,
LRCX,2023-09-30,10.3603,0.2531,0.3148,
LRCX,2023-12-31,12.9586,0.2431,-0.0684,
LRCX,2024-03-31,16.0853,0.0981,-0.2435,
LRCX,2024-06-30,17.6341,-0.2313,-0.0752,
LRCX,2024-09-30,21.473,-0.1122,0.6582,
LRCX,2024-12-31,1.7366,,1.3916,
LULU,2011-03-31,5.5555,0.2557,0.6784,0.1811
LULU,2011-06-30,7.0769,-0.1291,0.0665,-0.276
LULU,2011-09-30,2.8587,-0.0417,0.5186,-0.1372
LULU,2011-12-31,2.7231,0.6016,0.6337,0.1957
LULU,2012-03-31,8.0848,-0.2021,-0.1657,-0.1433
LULU,2012-06-30,6.3664,0.24,0.0984,0.0951
LULU,2012-09-30,7.9949,0.031,-0.011,-0.315
LULU,2012-12-31,8.2555,-0.1821,-0.2256,-0.3117
LULU,2013-03-31,5.0585,0.0505,-0.1565,0.086
LULU,2013-06-30,5.3375,0.1165,-0.382,0.1276
LULU,2013-09-30,6.0135,-0.1928,-0.4255,-0.1661
LULU,2013-12-31,4.7644,-0.1091,-0.0549,0.101
LULU,2014-03-31,4.8982,-0.2303,0.2173,-0.0137
LULU,2014-06-30,3.6236,0.0378,0.6131,0.4741
LULU,2014-09-30,3.7846,0.328,0.2057,0.4818
LULU,2014-12-31,5.235,0.1475,-0.0595,0.4087
LULU,2015-03-31,6.7963,0.02,0.0576,0.3921
LULU,2015-06-30,6.9438,-0.2243,0.1311,0.9119
LULU,2015-09-30,5.256,0.0359,0.2039,2.2081
LULU,2015-12-31,5.4657,0.2905,0.2386,1.3177
LULU,2016-03-31,6.2593,0.0908,-0.2339,1.4202
LULU,2016-06-30,6.8629,-0.1744,-0.1921,1.4399
LULU,2016-09-30,5.5988,0.0658,0.0208,2.1573
LULU,2016-12-31,5.9923,-0.2019,0.2093,2.5647
LULU,2017-03-31,4.7047,0.1504,0.7181,2.6543
LULU,2017-06-30,5.4702,0.0432,1.0923,4.2289
LULU,2017-09-30,5.7234,0.2625,1.6103,4.2911
LULU,2019-03-31,13.2152,0.0997,0.1567,1.2288
LULU,2019-06-30,14.581,0.0684,0.7314,0.5127
LULU,2019-09-30,15.6109,0.2033,0.7107,0.452
LULU,2019-12-31,18.8825,-0.1818,0.5023,0.3829
LULU,2020-03-31,7.3319,0.6461,0.6181,0.9213
LULU,2020-06-30,12.2997,0.0556,0.1697,0.2131
LULU,2020-09-30,13.0039,0.0567,0.2287,0.1708
LULU,2020-12-31,13.7609,-0.1187,0.1248,0.4691
LULU,2021-03-31,12.7032,0.19,0.1908,0.2737
LULU,2021-06-30,15.1907,0.1089,-0.2531,-0.1816
LULU,2021-09-30,16.8871,-0.0327,-0.3092,-0.3295
LULU,2021-12-31,16.3213,-0.067,-0.1816,-0.0231
LULU,2022-03-31,6.975,-0.2536,-0.0028,-0.225
LULU,2022-06-30,5.155,0.0255,0.3884,-0.1285
LULU,2022-09-30,5.2916,0.146,0.3793,-0.3635
LULU,2022-12-31,6.0937,0.1367,0.5959,-0.3514
LULU,2023-03-31,6.2785,0.0393,0.0727,-0.5796
LULU,2023-06-30,6.5318,0.0188,-0.2108,
LULU,2023-09-30,6.6577,0.3259,-0.2963,
LULU,2023-12-31,8.8821,-0.236,-0.2521,
LULU,2024-03-31,6.0797,-0.2354,-0.2754,
LULU,2024-06-30,4.5773,-0.0916,-0.2046,
LULU,2024-09-30,4.1304,0.4093,-0.3443,
LULU,2024-12-31,5.945,,-0.4566,
LYFT,2020-03-31,0.8384,0.2294,1.3531,-0.6547
LYFT,2020-06-30,1.199,-0.1654,0.8322,-0.7095
LYFT,2020-09-30,0.8793,0.7833,0.9452,-0.6174
LYFT,2020-12-31,2.1426,0.286,-0.1303,-0.6949
LYFT,2021-03-31,2.965,-0.0427,-0.3922,-0.6937
LYFT,2021-06-30,2.807,-0.1139,-0.7804,-0.7669
LYFT,2022-03-31,4.8923,-0.6542,-0.7586,-0.6909
LYFT,2022-06-30,1.2555,-0.0083,-0.2779,0.1867
LYFT,2022-09-30,1.2396,-0.1632,-0.1997,0.6712
LYFT,2022-12-31,0.9283,-0.1588,0.3603,0.7577
LYFT,2023-03-31,0.9411,0.0345,1.0874,0.4347
LYFT,2023-06-30,0.987,0.0991,0.4703,
LYFT,2023-09-30,1.123,0.4222,0.2097,
LYFT,2023-12-31,1.7604,0.2909,-0.1394,
LYFT,2024-03-31,3.4913,-0.2713,-0.3866,
LYFT,2024-06-30,2.427,-0.0957,0.1177,
LYFT,2024-09-30,2.1533,0.0118,0.7263,
LYFT,2024-12-31,2.1838,,0.5016,
MDB,2019-06-30,22.4327,-0.2078,0.4882,0.7062
MDB,2019-09-30,17.8107,0.0924,0.9216,0.6481
MDB,2019-12-31,19.4381,0.0375,1.7281,0.4956
MDB,2020-03-31,14.5049,0.6577,0.9586,0.7073
MDB,2020-06-30,23.7953,0.0228,0.5972,0.8158
MDB,2020-09-30,24.3302,0.5509,1.0367,0.4939
MDB,2020-12-31,37.524,-0.2552,0.4743,0.1387
MDB,2021-03-31,25.9789,0.3518,0.6587,0.3411
MDB,2021-06-30,34.8438,0.3042,-0.2822,-0.3086
MDB,2021-09-30,45.2068,0.1227,-0.5789,-0.4266
MDB,2021-12-31,50.6563,-0.162,-0.6281,-0.5602
MDB,2022-03-31,29.6347,-0.415,-0.4745,-0.6046
MDB,2022-06-30,17.6023,-0.2348,0.5838,-0.1908
MDB,2022-09-30,13.6192,-0.0087,0.7418,0.5632
MDB,2022-12-31,13.5067,0.1843,1.0771,1.1321
MDB,2023-03-31,11.0633,0.763,0.5384,0.05
MDB,2023-06-30,19.1651,-0.1585,-0.3918,
MDB,2023-09-30,16.1985,0.1821,-0.2183,
MDB,2023-12-31,19.0676,-0.1228,-0.4306,
MDB,2024-03-31,14.8532,-0.303,-0.5109,
MDB,2024-06-30,10.4101,0.0816,-0.1599,
MDB,2024-09-30,11.2437,-0.1389,0.1481,
MDB,2024-12-31,9.7089,,0.8027,
MELI,2020-03-31,8.8641,1.0176,2.0131,1.6977
MELI,2020-06-30,18.8762,0.0981,0.5803,0.2017
MELI,2020-09-30,20.8237,0.5476,0.5514,0.1713
MELI,2020-12-31,32.7599,-0.1212,-0.1951,-0.0619
MELI,2021-03-31,15.3796,0.0582,-0.192,0.027
MELI,2021-06-30,16.3059,0.0781,-0.5912,0.055
MELI,2021-09-30,17.6211,-0.1971,-0.5071,0.2218
MELI,2021-12-31,14.0414,-0.1179,-0.3724,0.2611
MELI,2022-03-31,7.0593,-0.4646,0.1081,0.6401
MELI,2022-06-30,3.7865,0.2998,0.86,3.1039
MELI,2022-09-30,4.9171,0.0223,0.5317,1.8231
MELI,2022-12-31,5.0264,0.5575,0.8571,1.3802
MELI,2023-03-31,6.461,-0.1013,0.1471,0.3118
MELI,2023-06-30,5.8118,0.0703,0.3873,
MELI,2023-09-30,6.2169,0.2395,0.6184,
MELI,2023-12-31,7.6941,-0.0379,0.082,
MELI,2024-03-31,10.4959,0.0869,0.2903,
MELI,2024-06-30,11.4271,0.2486,0.5904,
MELI,2024-09-30,14.3215,-0.1713,0.1389,
MELI,2024-12-31,11.8312,,0.1846,
META,2013-03-31,7.6919,-0.0274,1.355,3.4605
META,2013-06-30,7.4418,1.0189,1.7046,3.5932
META,2013-09-30,16.4988,0.088,0.5736,1.5537
META,2013-12-31,18.0779,0.1023,0.4276,1.1052
META,2014-03-31,13.0395,0.117,0.3649,1.3581
META,2014-06-30,14.6956,0.1746,0.2746,1.2437
META,2014-09-30,17.4557,-0.0129,0.1374,1.1618
META,2014-12-31,17.2161,0.0538,0.3415,1.2617
META,2015-03-31,11.5831,0.0432,0.3877,0.9434
META,2015-06-30,12.1107,0.0482,0.3324,1.2656
META,2015-09-30,12.7246,0.1642,0.4268,0.8294
META,2015-12-31,14.9183,0.0902,0.0993,0.2525
META,2016-03-31,13.1518,0.0016,0.245,0.4609
META,2016-06-30,13.1738,0.1224,0.3211,0.6888
META,2016-09-30,14.885,-0.1031,0.3321,0.3883
META,2016-12-31,13.268,0.2347,0.5338,0.784
META,2017-03-31,16.5705,0.0629,0.1249,0.1742
META,2017-06-30,17.6628,0.1317,0.2871,0.504
META,2019-03-31,7.005,0.1578,0.0007,0.334
META,2019-06-30,8.1341,-0.0773,0.1765,-0.1645
META,2019-09-30,7.4938,0.1526,0.4707,-0.2381
META,2019-12-31,8.6598,-0.1873,0.3309,-0.4137
META,2020-03-31,5.9548,0.3613,0.7658,0.2706
META,2020-06-30,8.1962,0.1534,0.5313,0.2638
META,2020-09-30,9.4916,0.043,0.2959,0.1463
META,2020-12-31,9.9103,0.0782,0.2313,0.2958
META,2021-03-31,9.3596,0.1806,-0.245,0.6504
META,2021-06-30,11.0857,-0.0239,-0.5363,0.4531
META,2021-09-30,10.8156,-0.009,-0.6002,0.6918
META,2021-12-31,10.7169,-0.3389,-0.6422,0.7474
META,2022-03-31,4.154,-0.2748,-0.0469,1.6042
META,2022-06-30,2.9176,-0.1586,0.7797,3.6024
META,2022-09-30,2.4002,-0.1131,1.2126,4.446
META,2022-12-31,2.0899,0.7612,1.9413,4.5235
META,2023-03-31,5.9816,0.3541,1.2936,1.7207
META,2023-06-30,8.2206,0.0461,0.7606,
META,2023-09-30,8.6153,0.179,0.9125,
META,2023-12-31,10.2191,0.3733,0.6605,
META,2024-03-31,9.2453,0.0394,0.1913,
META,2024-06-30,9.6141,0.1364,0.4688,
META,2024-09-30,10.9637,0.0237,0.2869,
META,2024-12-31,11.2223,,0.1309,
MNST,2019-03-31,10.2802,0.1695,0.0308,0.4639
MNST,2019-06-30,12.0807,-0.0904,0.086,0.4523
MNST,2019-09-30,10.9576,0.0946,0.3813,0.4978
MNST,2019-12-31,12.0262,-0.1147,0.4552,0.5976
MNST,2020-03-31,9.7784,0.2321,0.6191,0.92
MNST,2020-06-30,12.1529,0.157,0.3178,0.6572
MNST,2020-09-30,14.1311,0.1531,0.1076,0.3204
MNST,2020-12-31,16.3638,-0.015,0.0385,0.2459
MNST,2021-03-31,14.5745,0.0029,-0.1228,0.3016
MNST,2021-06-30,14.6179,-0.0276,0.0148,0.0936
MNST,2021-09-30,14.1967,0.0812,-0.0211,0.1746
MNST,2021-12-31,15.402,-0.1681,0.0572,0.0945
MNST,2022-03-31,9.2401,0.1602,0.3519,0.4648
MNST,2022-06-30,10.8365,-0.0619,0.2393,0.3515
MNST,2022-09-30,10.1206,0.1675,0.2178,0.5481
MNST,2022-12-31,11.9378,0.0639,0.1348,0.5103
MNST,2023-03-31,6.3058,0.0635,0.0976,0.3416
MNST,2023-06-30,6.7481,-0.0782,-0.1304,
MNST,2023-09-30,6.1691,0.088,-0.0147,
MNST,2023-12-31,6.77,0.029,-0.0877,
MNST,2024-03-31,12.3488,-0.1574,-0.0128,
MNST,2024-06-30,10.2971,0.0444,0.2541,
MNST,2024-09-30,10.7853,0.0075,0.2902,
MNST,2024-12-31,10.871,,0.4587,
MSFT,2010-09-30,3.3276,0.1467,0.0419,0.4758
MSFT,2010-12-31,3.8715,-0.0849,-0.0452,0.4577
MSFT,2011-03-31,3.4707,0.0307,0.3052,0.7585
MSFT,2011-06-30,3.5678,-0.0367,0.2086,0.7479
MSFT,2011-09-30,2.6737,0.0508,0.2286,1.0297
MSFT,2011-12-31,2.8167,0.2509,0.058,0.9475
MSFT,2012-03-31,3.6583,-0.0455,-0.0865,0.3725
MSFT,2012-06-30,3.4352,-0.0207,0.1635,0.5716
MSFT,2012-09-30,3.2968,-0.0951,0.1528,0.6194
MSFT,2012-12-31,2.8719,0.08,0.443,1.2584
MSFT,2013-03-31,3.1366,0.2157,0.4749,1.0967
MSFT,2013-06-30,3.9627,-0.0297,0.2429,0.609
MSFT,2013-09-30,3.483,0.1326,0.433,0.8782
MSFT,2013-12-31,4.0383,0.1039,0.2756,0.8011
MSFT,2014-03-31,4.5196,0.0245,0.0187,0.7397
MSFT,2014-06-30,4.6151,0.1187,0.0867,0.7875
MSFT,2014-09-30,4.5328,0.0083,-0.0197,0.7359
MSFT,2014-12-31,4.5434,-0.1184,0.2269,0.987
MSFT,2015-03-31,3.8611,0.0929,0.3954,1.4162
MSFT,2015-06-30,4.2724,0.0091,0.1912,1.399
MSFT,2015-09-30,4.2436,0.262,0.3371,1.7679
MSFT,2015-12-31,5.5669,0.0026,0.1508,0.9563
MSFT,2016-03-31,5.5374,-0.067,0.2238,1.2753
MSFT,2016-06-30,5.0586,0.1327,0.3808,1.7802
MSFT,2016-09-30,5.8169,0.0861,0.3244,1.556
MSFT,2016-12-31,6.3524,0.0663,0.4073,1.6784
MSFT,2018-09-30,9.3373,-0.1081,0.2347,1.5555
MSFT,2018-12-31,8.2189,0.1661,0.5756,2.4242
MSFT,2019-03-31,9.6492,0.14,0.3549,1.6974
MSFT,2019-06-30,11.0489,0.0413,0.5379,0.9756
MSFT,2019-09-30,9.9408,0.1381,0.5301,0.7241
MSFT,2019-12-31,11.358,0.0028,0.4253,0.5642
MSFT,2020-03-31,11.3588,0.294,0.5102,0.8799
MSFT,2020-06-30,14.8354,0.036,0.344,0.7198
MSFT,2020-09-30,13.0397,0.0602,0.3527,0.5424
MSFT,2020-12-31,13.8254,0.0625,0.5248,0.7361
MSFT,2021-03-31,14.6929,0.1517,0.3183,0.8315
MSFT,2021-06-30,16.9759,0.0427,-0.0442,0.6926
MSFT,2021-09-30,14.0816,0.1951,-0.167,0.5656
MSFT,2021-12-31,16.8947,-0.0814,-0.2802,0.2858
MSFT,2022-03-31,15.4463,-0.165,-0.0557,0.2491
MSFT,2022-06-30,12.7842,-0.0912,0.3388,0.9859
MSFT,2022-09-30,9.8233,0.0326,0.3688,1.2792
MSFT,2022-12-31,10.1248,0.2052,0.5819,1.0648
MSFT,2023-03-31,12.2364,0.1838,0.4713,0.3144
MSFT,2023-06-30,14.5118,-0.0708,0.3227,
MSFT,2023-09-30,14.2055,0.1934,0.373,
MSFT,2023-12-31,16.9941,0.1209,0.1293,
MSFT,2024-03-31,19.0606,0.0643,-0.1009,
MSFT,2024-06-30,20.2738,-0.0355,0.1214,
MSFT,2024-09-30,15.1268,-0.0185,0.2127,
MSFT,2024-12-31,14.8144,,0.1558,
MTCH,2011-03-31,1.1237,0.2349,0.5882,1.3096
MTCH,2011-06-30,1.5912,0.0362,0.1947,0.8137
MTCH,2011-09-30,1.6801,0.0771,0.3163,0.6662
MTCH,2011-12-31,1.8766,0.1523,0.1089,0.427
MTCH,2012-03-31,2.2946,-0.0711,-0.0898,0.3744
MTCH,2012-06-30,2.0698,0.1417,0.0434,0.7469
MTCH,2013-03-31,1.3056,0.0649,0.5978,-0.1331
MTCH,2013-06-30,1.3944,0.149,0.455,0.1096
MTCH,2013-09-30,1.6114,0.2557,0.2054,0.1396
MTCH,2013-12-31,2.0393,0.0399,-0.1145,-0.1277
MTCH,2014-03-31,2.6266,-0.0303,-0.0549,-0.1989
MTCH,2014-06-30,2.5467,-0.0481,0.1507,-0.1208
MTCH,2014-09-30,2.4237,-0.0775,-0.0096,0.2323
MTCH,2014-12-31,2.2348,0.1099,-0.2194,0.8037
MTCH,2015-03-31,2.3729,0.1807,-0.4259,1.3066
MTCH,2015-06-30,2.8071,-0.1806,-0.3373,0.7031
MTCH,2015-09-30,2.2945,-0.273,-0.0455,2.1071
MTCH,2015-12-31,1.6598,-0.1838,0.262,2.3164
MTCH,2016-03-31,1.354,0.363,0.4765,4.3779
MTCH,2016-06-30,1.8062,0.1801,0.1529,3.6885
MTCH,2016-09-30,2.112,-0.0388,0.3035,3.2193
MTCH,2016-12-31,2.0343,-0.045,0.831,4.0451
MTCH,2017-03-31,1.9476,0.0643,1.7214,3.2491
MTCH,2017-06-30,2.0659,0.3343,1.229,5.4716
MTCH,2019-03-31,3.6548,0.1883,0.1666,0.9209
MTCH,2019-06-30,4.3341,0.062,0.5913,0.036
MTCH,2019-09-30,4.5999,0.1494,0.5489,-0.3316
MTCH,2019-12-31,5.2798,-0.1957,0.8413,-0.4947
MTCH,2020-03-31,4.7566,0.621,1.0803,-0.4187
MTCH,2020-06-30,7.6509,0.0336,0.5063,-0.6091
MTCH,2020-09-30,2.3258,0.3664,0.4188,-0.646
MTCH,2020-12-31,3.1428,-0.0913,-0.1253,-0.7586
MTCH,2021-03-31,70.1986,0.1738,-0.2085,-0.7359
MTCH,2021-06-30,81.5378,-0.0264,-0.5678,-0.8116
MTCH,2021-09-30,79.5142,-0.1576,-0.6958,-0.759
MTCH,2021-12-31,67.7616,-0.1778,-0.6863,-0.7527
MTCH,2022-03-31,11.8332,-0.3591,-0.647,-0.7114
MTCH,2022-06-30,7.9703,-0.3148,-0.3995,-0.5515
MTCH,2022-09-30,5.7999,-0.1311,-0.1796,-0.2471
MTCH,2022-12-31,5.1807,-0.0747,-0.1203,-0.2034
MTCH,2023-03-31,5.7085,0.0901,-0.055,-0.1764
MTCH,2023-06-30,6.1032,-0.0639,-0.2741,
MTCH,2023-09-30,5.798,-0.0683,-0.0341,
MTCH,2023-12-31,5.4929,-0.006,-0.1038,
MTCH,2024-03-31,4.8913,-0.1626,-0.135,
MTCH,2024-06-30,4.2822,0.2456,0.0289,
MTCH,2024-09-30,5.0524,-0.1356,-0.0499,
MTCH,2024-12-31,4.5227,,0.0104,
MTD,2011-03-31,4.4231,-0.0194,0.0741,0.3702
MTD,2011-06-30,4.3409,-0.1702,-0.076,0.501
MTD,2011-09-30,3.6324,0.0554,0.2199,0.83
MTD,2011-12-31,3.8237,0.2508,0.3086,1.0477
MTD,2012-03-31,4.7378,-0.1564,0.1541,0.7789
MTD,2012-06-30,4.0246,0.0955,0.291,1.191
MTD,2014-03-31,5.4753,0.0743,0.3945,1.032
MTD,2014-06-30,5.8649,0.0117,0.3487,1.3246
MTD,2014-09-30,5.9306,0.1809,0.1117,1.4447
MTD,2014-12-31,6.9621,0.0866,0.1212,1.0483
MTD,2015-03-31,7.5451,0.039,0.049,0.7497
MTD,2015-06-30,7.8303,-0.1661,0.0687,0.6946
MTD,2020-03-31,9.7419,0.1666,0.6737,1.2161
MTD,2020-06-30,11.2655,0.1989,0.7197,0.6283
MTD,2020-09-30,13.3872,0.1801,0.4262,0.1474
MTD,2020-12-31,15.6908,0.014,0.4892,0.0643
MTD,2021-03-31,15.0533,0.1987,0.1882,0.1519
MTD,2021-06-30,17.9134,-0.0058,-0.1708,0.0088
MTD,2021-09-30,17.814,0.2322,-0.2129,0.0888
MTD,2021-12-31,21.7976,-0.1909,-0.1483,-0.279
MTD,2022-03-31,11.213,-0.1634,0.1143,-0.14
MTD,2022-06-30,9.4687,-0.0563,0.1418,0.0226
MTD,2022-09-30,8.9661,0.3333,0.0221,0.1324
MTD,2022-12-31,11.7746,0.0586,-0.1608,-0.0355
MTD,2023-03-31,14.1804,-0.1428,-0.13,-0.1758
MTD,2023-06-30,12.2637,-0.1552,0.0655,
MTD,2023-09-30,10.4784,0.0947,0.3534,
MTD,2023-12-31,11.3983,0.0976,0.0088,
MTD,2024-03-31,14.4755,0.0498,-0.113,
MTD,2024-06-30,15.149,0.0731,-0.1595,
MTD,2024-09-30,16.1863,-0.1841,-0.1814,
MTD,2024-12-31,13.3823,,0.1393,
MU,2011-12-31,2.917,0.2878,0.0079,4.566
MU,2012-03-31,3.7784,-0.221,0.2321,2.3494
MU,2012-06-30,2.9265,-0.0523,1.271,1.9857
MU,2012-09-30,2.7694,0.0602,1.9214,1.505
MU,2012-12-31,15.9366,0.5741,2.4306,1.2334
MU,2013-03-31,24.1873,0.4359,1.3707,0.0491
MU,2013-06-30,34.0472,0.2191,1.2994,-0.0398
MU,2013-09-30,41.1646,0.245,0.9611,0.0177
MU,2013-12-31,9.3141,0.0878,0.6097,0.0078
MU,2014-03-31,10.039,0.3926,0.1467,0.2215
MU,2014-06-30,13.5648,0.0398,-0.4282,-0.0938
MU,2014-09-30,14.062,0.0219,-0.5628,0.148
MU,2014-12-31,2.1345,-0.2251,-0.5955,0.1745
MU,2015-03-31,1.679,-0.3056,-0.6141,0.9219
MU,2015-06-30,1.1999,-0.2049,-0.2696,1.7834
MU,2015-09-30,0.9767,-0.0547,0.1869,2.0194
MU,2015-12-31,3.8003,-0.2606,0.548,1.2408
MU,2016-03-31,3.0071,0.3142,1.7603,2.9475
MU,2016-06-30,3.7143,0.2922,1.1701,1.8045
MU,2016-09-30,4.5785,0.2328,1.212,1.41
MU,2016-12-31,5.4685,0.3184,0.8759,1.4535
MU,2017-03-31,6.969,0.0332,0.8042,0.4554
MU,2019-12-31,10.9417,-0.2179,0.3979,-0.0612
MU,2020-03-31,8.5039,0.2249,1.0972,0.4493
MU,2020-06-30,10.4716,-0.0885,0.6495,0.24
MU,2020-09-30,9.5231,0.6009,0.5136,0.4692
MU,2020-12-31,17.4239,0.1733,0.2421,0.1547
MU,2021-03-31,20.4796,-0.0366,-0.1148,0.3608
MU,2021-06-30,19.7222,-0.1636,-0.347,0.5759
MU,2021-09-30,16.439,0.3137,-0.2911,0.4869
MU,2021-12-31,5.5709,-0.1638,-0.4593,-0.0793
MU,2022-03-31,4.6496,-0.2893,-0.2193,0.1383
MU,2022-06-30,3.2844,-0.0919,0.1512,1.2719
MU,2022-09-30,2.9717,0.002,0.3692,2.3997
MU,2022-12-31,3.0647,0.2073,0.7193,4.7935
MU,2023-03-31,3.7162,0.048,0.9692,4.6828
MU,2023-06-30,3.8904,0.08,1.0964,
MU,2023-09-30,4.1998,0.2582,0.5319,
MU,2023-12-31,5.2884,0.3827,-0.0096,
MU,2024-03-31,7.3354,0.1157,-0.2596,
MU,2024-12-31,4.7284,,2.4024,
NET,2020-03-31,9.0521,0.5311,1.9923,1.6261
NET,2020-06-30,14.0622,0.1421,1.9441,0.8184
NET,2020-09-30,16.1153,0.8507,1.7435,0.5353
NET,2020-12-31,30.1494,-0.0754,0.7305,0.0957
NET,2021-03-31,39.0547,0.5064,0.7037,0.3782
NET,2021-06-30,58.5779,0.0643,-0.5866,-0.2174
NET,2021-09-30,62.3146,0.1673,-0.509,-0.2819
NET,2021-12-31,72.6578,-0.0897,-0.6562,-0.1811
NET,2022-03-31,44.8454,-0.6345,-0.4849,-0.0586
NET,2022-06-30,17.0199,0.2642,0.4942,3.4761
NET,2022-09-30,21.2551,-0.1826,0.1398,2.8798
NET,2022-12-31,17.5548,0.3639,0.8416,3.3608
NET,2023-03-31,17.5564,0.0602,0.5704,2.3464
NET,2023-06-30,18.5518,-0.0356,0.2671,
NET,2023-09-30,17.9266,0.3207,0.2832,
NET,2023-12-31,23.3517,0.163,0.2933,
NET,2024-03-31,23.6407,-0.1446,0.1638,
NET,2024-06-30,20.3447,-0.0234,1.3642,
NET,2024-09-30,19.888,0.3312,1.6529,
NET,2024-12-31,26.1951,,0.8309,
NFLX,2010-03-31,3.9659,0.4734,2.2246,1.5669
NFLX,2010-06-30,5.9025,0.4925,1.4178,0.9428
NFLX,2010-09-30,8.8708,0.0835,-0.3015,0.9068
NFLX,2010-12-31,9.6219,0.3533,-0.6056,1.0954
NFLX,2011-03-31,8.474,0.1048,-0.5162,0.4805
NFLX,2011-06-30,9.3872,-0.5688,-0.7393,0.6773
NFLX,2011-09-30,3.9095,-0.3883,-0.5194,2.9832
NFLX,2011-12-31,2.2973,0.6603,0.3363,3.9301
NFLX,2012-03-31,2.0592,-0.4046,0.6453,2.6221
NFLX,2012-06-30,1.1068,-0.2051,2.0821,8.5918
NFLX,2012-09-30,0.8193,0.7008,4.6798,12.2774
NFLX,2012-12-31,1.5998,1.0443,2.9763,7.6474
NFLX,2013-03-31,6.9832,0.1152,0.8598,2.7807
NFLX,2013-06-30,7.8317,0.4648,1.0873,2.0336
NFLX,2013-09-30,11.649,0.1907,0.4591,1.231
NFLX,2013-12-31,13.9429,-0.0438,-0.0721,1.3538
NFLX,2014-03-31,9.173,0.2516,0.1837,1.9392
NFLX,2014-06-30,11.5603,0.024,0.491,1.3737
NFLX,2014-09-30,11.8455,-0.2429,0.6021,1.8136
NFLX,2014-12-31,8.8922,0.2198,1.3438,2.9335
NFLX,2015-03-31,7.7193,0.5766,0.7174,3.9616
NFLX,2015-06-30,12.2987,0.1003,-0.0252,3.1709
NFLX,2015-09-30,1.745,0.1077,-0.0456,2.6232
NFLX,2015-12-31,1.957,-0.1062,0.0824,1.3401
NFLX,2016-03-31,11.6609,-0.1052,0.4459,2.4878
NFLX,2016-06-30,10.4364,0.0773,0.6333,3.0153
NFLX,2016-09-30,11.2417,0.2562,0.8402,1.7156
NFLX,2016-12-31,14.1179,0.1939,0.5506,1.6137
NFLX,2017-03-31,11.9232,0.0108,0.9982,1.5404
NFLX,2017-06-30,12.049,0.2138,1.6198,2.0456
NFLX,2017-09-30,14.5611,0.0585,1.063,1.7573
NFLX,2017-12-31,15.3956,0.5386,0.3944,1.8169
NFLX,2018-03-31,17.1799,0.3253,0.2072,0.7662
NFLX,2018-06-30,22.5097,-0.0442,-0.0616,0.3494
NFLX,2018-09-30,21.55,-0.2846,-0.2847,0.6314
NFLX,2018-12-31,15.6438,0.3321,0.2089,1.2508
NFLX,2019-03-31,14.6696,0.0302,0.0531,0.0506
NFLX,2019-06-30,15.0829,-0.2714,0.2388,-0.5239
NFLX,2019-09-30,11.2535,0.2091,0.8684,-0.1202
NFLX,2019-12-31,13.4025,0.1605,0.6711,-0.0887
NFLX,2020-03-31,13.587,0.2118,0.3892,-0.0799
NFLX,2020-06-30,16.2146,0.0989,0.1608,-0.032
NFLX,2020-09-30,17.7008,0.0814,0.2206,-0.2448
NFLX,2020-12-31,19.0454,-0.0353,0.1141,-0.0996
NFLX,2021-03-31,15.5643,0.0126,-0.2819,0.1642
NFLX,2021-06-30,15.7489,0.1555,-0.6689,0.2777
NFLX,2021-09-30,18.0626,-0.0129,-0.6142,0.1621
NFLX,2021-12-31,17.84,-0.3782,-0.5105,0.4795
NFLX,2022-03-31,9.7858,-0.5332,-0.0777,1.4895
NFLX,2022-06-30,4.8465,0.3464,1.519,6.6579
NFLX,2022-09-30,6.3445,0.2525,0.6038,4.0923
NFLX,2022-12-31,7.8145,0.1716,0.6511,2.1796
NFLX,2023-03-31,11.1916,0.275,0.7579,1.7831
NFLX,2023-06-30,14.112,-0.1428,0.5321,
NFLX,2023-09-30,12.1789,0.2894,0.8784,
NFLX,2023-12-31,15.5379,0.2474,0.8307,
NFLX,2024-03-31,16.6234,0.1112,0.5355,
NFLX,2024-06-30,18.4217,0.051,0.9842,
NFLX,2024-09-30,19.3372,0.2567,0.6904,
NFLX,2024-12-31,24.1836,,0.0519,
NKE,2010-09-30,3.9603,0.0697,0.0825,0.8931
NKE,2010-12-31,4.257,-0.1107,0.1448,0.922
NKE,2011-03-31,3.7107,0.1931,0.4534,1.036
NKE,2011-06-30,4.5132,-0.0463,-0.0107,0.7974
NKE,2011-09-30,3.1726,0.1312,0.1257,1.1742
NKE,2011-12-31,3.6203,0.129,0.0866,1.0777
NKE,2012-03-31,4.1178,-0.1878,0.105,0.9258
NKE,2012-06-30,3.2662,0.0852,0.4731,1.5599
NKE,2012-09-30,2.7924,0.092,0.5536,1.6923
NKE,2012-12-31,1.4067,0.148,0.545,1.5121
NKE,2013-03-31,1.6438,0.0828,0.2678,1.1577
NKE,2013-06-30,1.7932,0.1445,0.2333,0.7947
NKE,2013-09-30,4.8853,0.086,0.2432,0.4999
NKE,2013-12-31,5.3204,-0.0579,0.2375,0.3382
NKE,2014-03-31,4.9737,0.0533,0.3747,0.5622
NKE,2014-06-30,5.2413,0.1537,0.409,0.5756
NKE,2014-09-30,4.8442,0.081,0.3939,0.2043
NKE,2014-12-31,5.2418,0.0465,0.3139,0.3484
NKE,2015-03-31,5.481,0.0796,0.238,0.3727
NKE,2015-06-30,5.921,0.1413,0.0328,0.5292
NKE,2015-09-30,5.8563,0.019,-0.1345,0.4282
NKE,2015-12-31,2.8407,-0.0139,-0.177,0.2302
NKE,2016-03-31,2.7893,-0.0994,-0.0821,0.4207
NKE,2016-06-30,2.4766,-0.0435,0.0827,0.5769
NKE,2016-09-30,5.1037,-0.0311,-0.0018,0.8493
NKE,2016-12-31,4.9203,0.0998,0.247,1.0642
NKE,2017-03-31,5.414,0.0623,0.208,0.5371
NKE,2017-06-30,5.7436,-0.1182,0.3676,0.719
NKE,2017-09-30,5.023,0.2104,0.653,1.5013
NKE,2017-12-31,6.1013,0.0654,0.1987,1.3335
NKE,2019-09-30,7.225,0.0815,0.3502,-0.0906
NKE,2019-12-31,7.7973,-0.181,0.4097,0.1874
NKE,2020-03-31,6.3591,0.188,0.6202,0.5239
NKE,2020-06-30,7.5448,0.2832,0.5887,0.1582
NKE,2020-09-30,13.4743,0.1292,0.1658,-0.2154
NKE,2020-12-31,15.1748,-0.0587,0.187,-0.2084
NKE,2021-03-31,14.2589,0.1649,0.0204,-0.2694
NKE,2021-06-30,16.5647,-0.0584,-0.333,-0.495
NKE,2021-09-30,8.0108,0.1497,-0.4223,-0.3682
NKE,2021-12-31,9.1958,-0.1908,-0.2904,-0.5272
NKE,2022-03-31,7.421,-0.2386,-0.0783,-0.5074
NKE,2022-06-30,5.6323,-0.1844,0.0931,-0.2711
NKE,2022-09-30,5.5595,0.412,0.1649,-0.1183
NKE,2022-12-31,7.8117,0.0511,-0.0601,-0.4258
NKE,2023-03-31,8.1858,-0.0971,-0.2232,-0.5441
NKE,2023-06-30,7.3704,-0.1307,-0.3074,
NKE,2023-09-30,5.5023,0.1393,-0.0613,
NKE,2023-12-31,6.2401,-0.1313,-0.2911,
NKE,2024-03-31,5.4089,-0.1949,-0.3119,
NKE,2024-06-30,4.3486,0.1781,-0.0372,
NKE,2024-09-30,5.7831,-0.1396,-0.1937,
NKE,2024-12-31,4.9443,,-0.1383,
NOW,2014-03-31,14.085,0.034,0.3148,0.4598
NOW,2014-06-30,14.5773,-0.0513,0.1993,0.7108
NOW,2014-09-30,13.8098,0.1543,0.1815,0.9995
NOW,2014-12-31,15.9987,0.1611,0.2758,0.9217
NOW,2015-03-31,13.7107,-0.0567,-0.2234,1.1002
NOW,2015-06-30,12.9177,-0.0654,-0.1064,1.321
NOW,2015-09-30,12.0555,0.2464,0.1397,1.8168
NOW,2015-12-31,15.0909,-0.2932,-0.1412,1.057
NOW,2016-03-31,8.2897,0.0853,0.4297,3.0289
NOW,2016-06-30,9.0212,0.192,0.5964,3.1351
NOW,2016-09-30,10.8079,-0.0608,0.4849,2.2072
NOW,2016-12-31,10.1339,0.1766,0.754,2.7977
NOW,2017-03-31,11.9739,0.2118,0.8915,2.2763
NOW,2017-06-30,14.5705,0.1088,0.6271,2.8213
NOW,2019-03-31,15.2441,0.1139,0.1626,1.2593
NOW,2019-06-30,16.9769,-0.0755,0.4753,0.7319
NOW,2019-09-30,15.6983,0.1122,0.9106,0.4875
NOW,2019-12-31,17.4552,0.0151,0.9497,0.3753
NOW,2020-03-31,14.3313,0.4134,0.7451,0.6216
NOW,2020-06-30,20.2594,0.1974,0.3567,0.3874
NOW,2020-09-30,24.2591,0.1349,0.283,0.1525
NOW,2020-12-31,27.5328,-0.0914,0.1793,0.2835
NOW,2021-03-31,19.9439,0.0989,0.1135,0.5245
NOW,2021-06-30,21.9163,0.1323,-0.1347,0.4315
NOW,2021-09-30,24.8173,0.0431,-0.3932,0.4373
NOW,2021-12-31,25.8881,-0.1421,-0.4018,0.6332
NOW,2022-03-31,17.5469,-0.1461,-0.1655,0.4296
NOW,2022-06-30,14.9796,-0.2059,0.1818,1.162
NOW,2022-09-30,11.8903,0.0282,0.4803,1.4371
NOW,2022-12-31,12.2267,0.1969,0.8196,0.9727
NOW,2023-03-31,12.8729,0.2093,0.6406,0.1249
NOW,2023-06-30,15.5664,-0.0054,0.3998,
NOW,2023-09-30,15.483,0.2639,0.6001,
NOW,2023-12-31,19.5689,0.0791,0.5005,
NOW,2024-03-31,16.9674,0.0318,0.0443,
NOW,2024-06-30,17.509,0.1369,0.3069,
NOW,2024-09-30,19.9126,0.1853,0.0289,
NOW,2024-12-31,23.6107,,-0.2775,
NVDA,2010-03-31,7.5174,-0.4132,0.0609,-0.2533
NVDA,2010-06-30,3.7507,0.144,0.5612,0.3996
NVDA,2010-09-30,4.5208,0.3185,0.0711,0.3627
NVDA,2010-12-31,6.4697,0.1987,-0.1,0.0698
NVDA,2011-03-31,5.1379,-0.1365,-0.1658,0.0023
NVDA,2011-06-30,4.2292,-0.2152,-0.133,0.2071
NVDA,2011-09-30,2.9924,0.1079,0.0663,0.5374
NVDA,2011-12-31,3.4792,0.1111,-0.1097,0.5144
NVDA,2012-03-31,2.4742,-0.1026,-0.1564,0.4282
NVDA,2012-06-30,2.0953,-0.0347,0.034,0.5362
NVDA,2012-09-30,1.9803,-0.075,0.1931,0.959
NVDA,2012-12-31,1.7213,0.0529,0.3352,1.8427
NVDA,2013-03-31,1.6512,0.0999,0.4242,1.9292
NVDA,2013-06-30,1.946,0.1138,0.3466,2.5229
NVDA,2013-09-30,2.3163,0.0351,0.2084,3.6186
NVDA,2013-12-31,2.4284,0.123,0.274,5.9609
NVDA,2014-03-31,3.114,0.0399,0.1887,5.3335
NVDA,2014-06-30,3.2784,-0.0005,0.1034,7.0908
NVDA,2014-09-30,3.2549,0.0913,0.3588,9.0189
NVDA,2014-12-31,3.6726,0.0479,0.6712,8.9438
NVDA,2015-03-31,2.5645,-0.0347,0.7302,10.3642
NVDA,2015-06-30,2.4247,0.2309,1.3711,11.0505
NVDA,2015-09-30,3.1989,0.3422,1.8129,10.6195
NVDA,2015-12-31,4.6159,0.0849,2.2696,3.1167
NVDA,2016-03-31,4.9564,0.3228,2.0793,4.1088
NVDA,2016-06-30,6.9054,0.4602,2.0925,2.5363
NVDA,2016-09-30,10.5893,0.5601,1.6213,1.5694
NVDA,2016-12-31,17.1352,0.0218,0.8199,1.2279
NVDA,2017-03-31,17.5103,0.3285,1.133,1.444
NVDA,2017-06-30,23.6125,0.2377,0.6434,1.6526
NVDA,2019-03-31,10.7849,-0.0843,0.4731,5.1123
NVDA,2019-06-30,9.8157,0.061,1.3197,2.7093
NVDA,2019-09-30,10.4378,0.3528,2.1157,1.8005
NVDA,2019-12-31,14.3087,0.1209,1.223,1.4929
NVDA,2020-03-31,25.3002,0.4419,1.0284,3.2278
NVDA,2020-06-30,37.1158,0.425,1.1085,3.4658
NVDA,2020-09-30,53.5029,-0.0349,0.5327,2.2228
NVDA,2020-12-31,51.5707,0.0228,1.2548,2.8019
NVDA,2021-03-31,17.0121,0.4989,1.0456,5.7824
NVDA,2021-06-30,25.6122,0.0359,-0.2416,5.1874
NVDA,2021-09-30,6.4539,0.4199,-0.4136,4.8722
NVDA,2021-12-31,9.2633,-0.0721,-0.5026,3.5736
NVDA,2022-03-31,19.841,-0.4443,0.0189,2.9783
NVDA,2022-06-30,10.8887,-0.199,1.7929,9.4372
NVDA,2022-09-30,8.6593,0.2042,2.5856,14.3888
NVDA,2022-12-31,10.4864,0.901,2.3902,11.7745
NVDA,2023-03-31,44.3528,0.5231,2.254,5.2841
NVDA,2023-06-30,67.625,0.0284,1.9213,
NVDA,2023-09-30,69.5429,0.1386,1.7926,
NVDA,2023-12-31,79.193,0.8246,1.7125,
NVDA,2024-03-31,18.5381,0.3674,0.1999,
NVDA,2024-06-30,2.4185,-0.0169,0.2793,
NVDA,2024-09-30,2.3751,0.1059,0.5368,
NVDA,2024-12-31,2.6406,,0.3892,
NXPI,2020-03-31,7.1772,0.3802,1.4573,1.3543
NXPI,2020-06-30,9.2907,0.0977,0.8242,0.8824
NXPI,2020-09-30,10.0224,0.2771,0.5864,0.6833
NXPI,2020-12-31,12.3458,0.27,0.4483,0.5213
NXPI,2021-03-31,15.3718,0.0246,-0.069,0.2978
NXPI,2021-06-30,15.6769,-0.0454,-0.2696,0.3805
NXPI,2021-09-30,14.9909,0.1659,-0.2334,0.2955
NXPI,2021-12-31,17.213,-0.1836,-0.2921,-0.0333
NXPI,2022-03-31,6.1212,-0.1962,0.0291,0.0881
NXPI,2022-06-30,5.0657,0.0019,0.4127,0.5633
NXPI,2022-09-30,5.0509,0.0765,0.3841,0.6338
NXPI,2022-12-31,5.3506,0.1869,0.4839,0.453
NXPI,2023-03-31,5.5392,0.1035,0.3545,0.116
NXPI,2023-06-30,6.008,-0.0184,0.3379,
NXPI,2023-09-30,5.8854,0.1542,0.221,
NXPI,2023-12-31,6.6521,0.0834,-0.0797,
NXPI,2024-03-31,9.3032,0.09,-0.2194,
NXPI,2024-06-30,10.0203,-0.1041,-0.1729,
NXPI,2024-09-30,9.0421,-0.1301,-0.0333,
NXPI,2024-12-31,7.9604,,0.0639,
OKTA,2019-03-31,16.935,0.4929,0.4778,0.8247
OKTA,2019-06-30,25.5663,-0.2028,0.6212,-0.2681
OKTA,2019-09-30,20.2643,0.1717,1.1719,-0.4224
OKTA,2019-12-31,23.8434,0.0597,1.2039,-0.4077
OKTA,2020-03-31,19.7831,0.6377,0.803,-0.2946
OKTA,2020-06-30,32.8229,0.068,0.222,-0.6536
OKTA,2020-09-30,35.1007,0.189,0.1098,-0.6188
OKTA,2020-12-31,41.8589,-0.1331,-0.1183,-0.6439
OKTA,2021-03-31,28.0018,0.11,-0.3152,-0.5254
OKTA,2021-06-30,31.1717,-0.03,-0.6305,-0.6174
OKTA,2021-09-30,30.2122,-0.0555,-0.7604,-0.6868
OKTA,2021-12-31,28.4907,-0.3266,-0.6952,-0.6485
OKTA,2022-03-31,13.3225,-0.4012,-0.4287,-0.303
OKTA,2022-06-30,7.8128,-0.3709,-0.2329,0.1059
OKTA,2022-09-30,4.7623,0.2015,0.4333,0.6124
OKTA,2022-12-31,5.8049,0.2621,0.3249,0.2655
OKTA,2023-03-31,6.278,-0.1958,0.2131,-0.0873
OKTA,2023-06-30,5.0125,0.1753,0.3498,
OKTA,2023-09-30,5.9236,0.1107,-0.088,
OKTA,2023-12-31,6.5994,0.1556,-0.1296,
OKTA,2024-03-31,7.3882,-0.1052,0.0057,
OKTA,2024-06-30,6.56,-0.2059,0.0679,
OKTA,2024-09-30,5.1104,0.06,0.2335,
OKTA,2024-12-31,5.4459,,0.0973,
ON,2011-03-31,2.7712,0.0619,-0.0862,-0.0467
ON,2011-06-30,2.9328,-0.3142,-0.3219,-0.127
ON,2011-09-30,2.0612,0.0752,-0.1393,0.2451
ON,2011-12-31,2.2043,0.1671,-0.0868,0.3122
ON,2012-03-31,1.6288,-0.212,-0.081,0.3441
ON,2012-06-30,1.3076,-0.1296,0.138,0.6465
ON,2012-09-30,1.1529,0.1408,0.1828,0.521
ON,2012-12-31,1.2992,0.1745,0.1688,0.3901
ON,2013-03-31,8.1554,-0.0242,0.1353,0.1582
ON,2013-06-30,7.9726,-0.0953,0.1312,0.0916
ON,2013-09-30,7.2684,0.1272,0.223,0.6854
ON,2013-12-31,8.1189,0.1408,0.2294,0.5485
ON,2014-03-31,5.3657,-0.0277,0.2883,0.6479
ON,2014-06-30,5.2278,-0.0219,0.279,0.5361
ON,2014-09-30,5.1218,0.1331,0.0515,1.066
ON,2014-12-31,5.7528,0.1955,-0.0326,1.0671
ON,2015-03-31,3.8914,-0.0347,-0.2081,1.0198
ON,2015-06-30,3.7719,-0.1959,-0.2455,0.9025
ON,2015-09-30,3.1202,0.0426,0.3106,0.9606
ON,2015-12-31,3.2341,-0.0214,0.302,0.6847
ON,2016-03-31,3.1042,-0.0803,0.6152,1.1449
ON,2016-06-30,2.9011,0.3968,0.5918,1.2914
ON,2016-09-30,3.8242,0.0357,0.4992,0.5593
ON,2016-12-31,3.9402,0.2139,0.6411,0.9107
ON,2017-03-31,4.6602,-0.0936,0.5791,-0.1969
ON,2017-06-30,4.2778,0.3155,0.584,0.4117
ON,2019-03-31,3.9693,-0.0175,-0.3952,2.0438
ON,2019-06-30,3.9125,-0.0495,-0.0193,1.4894
ON,2019-09-30,3.7545,0.2691,0.1291,2.2447
ON,2019-12-31,4.5711,-0.4897,0.3425,1.5582
ON,2020-03-31,4.8729,0.5932,2.3449,5.6174
ON,2020-06-30,6.728,0.0943,0.9314,3.7719
ON,2020-09-30,7.1981,0.509,1.1102,3.2854
ON,2020-12-31,9.9732,0.2713,1.0752,1.5521
ON,2021-03-31,13.4071,-0.08,0.5047,0.7676
ON,2021-06-30,12.4712,0.1957,0.3143,0.7908
ON,2021-09-30,14.5764,0.4839,0.3618,0.5864
ON,2021-12-31,20.802,-0.0782,-0.0817,-0.0717
ON,2022-03-31,6.2755,-0.1965,0.3148,-0.3501
ON,2022-06-30,5.1237,0.2389,0.8799,0.0417
ON,2022-09-30,6.2493,0.0006,0.4913,-0.2089
ON,2022-12-31,6.2531,0.3199,0.3393,-0.1318
ON,2023-03-31,5.9415,0.1489,-0.1065,-0.2478
ON,2023-06-30,6.8188,-0.0172,-0.2752,
ON,2023-09-30,6.7021,-0.1013,-0.2188,
ON,2023-12-31,6.0281,-0.1195,-0.2452,
ON,2024-03-31,8.4827,-0.068,-0.4468,
ON,2024-06-30,7.922,0.0592,-0.2354,
ON,2024-09-30,8.3773,-0.1317,-0.3209,
ON,2024-12-31,7.3053,,-0.1412,
OPEN,2021-03-31,0.3215,-0.1633,-0.5918,-0.857
OPEN,2021-06-30,0.286,0.1579,-0.7343,-0.8962
OPEN,2021-09-30,0.3148,-0.2884,-0.8485,-0.9026
OPEN,2021-12-31,0.254,-0.4079,-0.9206,-0.8905
OPEN,2022-03-31,0.2333,-0.4555,-0.7965,-0.8821
OPEN,2022-06-30,0.0946,-0.3397,-0.1465,-0.8868
OPEN,2022-09-30,0.0383,-0.627,-0.1511,1.5627
OPEN,2022-12-31,-0.0304,0.5172,2.8621,4.0259
OPEN,2023-03-31,0.0528,1.2841,0.7216,1.6591
OPEN,2023-06-30,0.1477,-0.3433,-0.5423,
OPEN,2023-09-30,0.0898,0.697,-0.2424,
OPEN,2023-12-31,0.167,-0.3237,-0.6429,
OPEN,2024-03-31,0.1061,-0.3927,-0.6634,
OPEN,2024-06-30,0.0562,0.087,-0.7103,
ORCL,2010-09-30,3.8757,0.1679,0.0779,0.2688
ORCL,2010-12-31,4.6199,0.0698,-0.1746,0.2577
ORCL,2011-03-31,4.9761,-0.0138,-0.1209,0.2611
ORCL,2011-06-30,3.0716,-0.1252,-0.0903,0.2706
ORCL,2011-09-30,2.6049,-0.1057,0.1038,0.3757
ORCL,2011-12-31,2.259,0.1394,0.3172,0.8129
ORCL,2012-03-31,2.6519,0.0206,0.1217,0.5308
ORCL,2012-06-30,3.3567,0.0615,0.044,0.4058
ORCL,2012-09-30,3.6027,0.0671,0.0664,0.1915
ORCL,2012-12-31,3.8626,-0.0297,0.1568,0.1337
ORCL,2013-03-31,3.7242,-0.0501,0.2789,0.3139
ORCL,2013-06-30,3.2647,0.0842,0.3378,0.389
ORCL,2013-09-30,3.6029,0.1576,0.1688,0.234
ORCL,2013-12-31,4.3025,0.0727,0.1897,0.0475
ORCL,2014-03-31,4.6667,-0.0063,0.0672,0.1374
ORCL,2014-06-30,3.9301,-0.0528,0.0065,0.2921
ORCL,2014-09-30,3.6551,0.1784,-0.0441,0.3203
ORCL,2014-12-31,4.4728,-0.0379,-0.1763,0.1
ORCL,2015-03-31,4.2503,-0.0628,-0.0373,0.1106
ORCL,2015-06-30,6.8611,-0.1004,0.0315,0.1459
ORCL,2015-09-30,6.095,0.0154,0.1044,0.4964
ORCL,2015-12-31,6.1702,0.1245,0.0689,0.2958
ORCL,2016-03-31,6.9729,0.0042,0.1071,0.3762
ORCL,2016-06-30,7.3574,-0.0368,0.2445,0.4601
ORCL,2016-09-30,7.0376,-0.0173,0.2506,0.4701
ORCL,2016-12-31,6.8767,0.1648,0.2494,0.4468
ORCL,2017-03-31,8.0708,0.1288,0.042,0.1381
ORCL,2017-06-30,9.1428,-0.0321,-0.1073,0.1585
ORCL,2017-09-30,8.7958,-0.0183,0.0834,0.2983
ORCL,2019-06-30,8.4858,-0.0301,-0.0125,0.2878
ORCL,2019-09-30,8.1881,-0.033,0.1044,0.1658
ORCL,2019-12-31,7.8736,-0.0837,0.2425,0.6218
ORCL,2020-03-31,7.16,0.149,0.4765,1.0196
ORCL,2020-06-30,8.225,0.0847,0.4316,1.2622
ORCL,2020-09-30,8.9047,0.088,0.4828,0.8614
PANW,2013-09-30,5.6693,0.2543,1.141,2.4773
PANW,2013-12-31,7.3219,0.1937,1.1328,1.1759
PANW,2014-03-31,8.9008,0.2223,1.1294,0.6426
PANW,2014-06-30,11.0641,0.1699,1.0835,0.5958
PANW,2014-09-30,10.0926,0.2494,0.7533,0.4689
PANW,2014-12-31,12.7125,0.1918,0.4371,0.1825
PANW,2015-03-31,15.2297,0.1959,0.1168,0.2426
PANW,2015-06-30,18.2941,-0.0155,-0.298,0.1761
PANW,2015-09-30,12.0501,0.0241,-0.0737,0.3097
PANW,2015-12-31,12.3463,-0.0738,-0.2901,0.0693
PANW,2016-03-31,11.4163,-0.2483,-0.3093,0.4888
PANW,2016-06-30,8.5191,0.2992,0.0911,0.6614
PANW,2016-09-30,8.1652,-0.2152,-0.0956,0.2793
PANW,2016-12-31,6.3088,-0.0989,0.1591,0.8493
PANW,2017-03-31,5.6388,0.1875,0.6109,0.4551
PANW,2017-06-30,6.7832,0.0769,0.5355,0.7164
PANW,2017-09-30,7.3404,0.0058,0.5632,0.6985
PANW,2017-12-31,7.3859,0.2524,0.2995,1.452
PANW,2019-09-30,6.3665,0.1345,0.2008,1.4107
PANW,2019-12-31,7.2869,-0.291,0.5368,0.8102
PANW,2020-03-31,5.0283,0.4008,0.9643,2.6547
PANW,2020-06-30,7.2339,0.0657,0.6156,2.3375
PANW,2020-09-30,7.6235,0.4521,0.9571,1.8736
PANW,2020-12-31,11.1695,-0.0938,0.5666,1.4892
PANW,2021-03-31,10.1013,0.1521,0.9329,1.6467
PANW,2021-06-30,11.6714,0.2909,0.3312,1.741
PANW,2021-09-30,11.6301,0.1623,0.0258,1.1407
PANW,2021-12-31,13.505,0.1181,-0.2481,0.9609
PANW,2022-03-31,15.0904,-0.2065,-0.0374,0.6447
PANW,2022-06-30,11.9903,-0.0052,0.5519,1.4858
PANW,2022-09-30,3.0372,-0.1481,0.4313,1.4864
PANW,2022-12-31,2.5887,0.4314,1.1132,1.6401
PANW,2023-03-31,3.7021,0.2792,0.4225,0.6053
PANW,2023-06-30,4.7336,-0.0825,0.3268,
PANW,2023-09-30,10.6971,0.2578,0.4579,
PANW,2023-12-31,13.4701,-0.0365,0.2341,
PANW,2024-03-31,12.9769,0.1932,0.2011,
PANW,2024-06-30,15.4948,0.0082,0.2073,
PANW,2024-09-30,15.0447,0.0647,0.1915,
PANW,2024-12-31,7.9056,,0.0123,
PATH,2022-06-30,5.6116,-0.3068,-0.0891,-0.2963
PATH,2022-09-30,3.3888,0.0079,0.3569,0.0611
PATH,2022-12-31,3.4287,0.3816,0.9544,0.2895
PATH,2023-03-31,7.3117,-0.0564,0.291,-0.3679
PATH,2023-06-30,6.8074,0.0326,-0.2348,
PATH,2023-09-30,7.0825,0.4518,-0.2519,
PATH,2023-12-31,11.0199,-0.0874,-0.4883,
PATH,2024-03-31,7.6756,-0.4407,-0.5457,
PATH,2024-06-30,3.71,0.0095,0.0095,
PATH,2024-09-30,3.7577,-0.007,0.0453,
PATH,2024-12-31,3.7219,,0.2895,
PINS,2020-03-31,1.9061,0.4359,3.7947,0.7662
PINS,2020-06-30,2.7921,0.8723,2.5611,0.2332
PINS,2020-09-30,5.3383,0.5876,0.2274,-0.3488
PINS,2020-12-31,8.5494,0.1234,-0.4484,-0.4379
PINS,2021-03-31,21.1255,0.0665,-0.6676,-0.5317
PINS,2021-06-30,22.5511,-0.3547,-0.77,-0.4418
PINS,2021-09-30,14.4379,-0.2866,-0.5427,-0.3647
PINS,2021-12-31,10.2074,-0.323,-0.332,-0.2022
PINS,2022-03-31,4.2186,-0.2621,0.1081,0.2597
PINS,2022-06-30,3.0035,0.283,0.5055,0.9747
PINS,2022-09-30,3.9718,0.0421,0.1601,0.3807
PINS,2022-12-31,4.1565,0.1231,0.5255,0.0663
PINS,2023-03-31,6.986,0.0026,0.2714,-0.3275
PINS,2023-06-30,7.0057,-0.0113,0.6119,
PINS,2023-09-30,6.9185,0.3703,0.1976,
PINS,2023-12-31,9.7326,-0.064,-0.2171,
PINS,2024-03-31,8.339,0.2711,-0.1059,
PINS,2024-06-30,10.7397,-0.2655,-0.1863,
PINS,2024-09-30,7.7516,-0.1041,-0.0062,
PINS,2024-12-31,6.8909,,-0.1072,
PODD,2012-03-31,6.0266,0.1165,0.3511,0.7424
PODD,2012-06-30,6.7176,0.0098,0.4698,0.4502
PODD,2012-09-30,6.7827,-0.0167,0.6793,0.2006
PODD,2012-12-31,6.6712,0.2187,0.7484,0.7818
PODD,2013-03-31,8.2233,0.2146,0.8337,0.2823
PODD,2013-06-30,9.9132,0.1538,0.263,-0.0372
PODD,2013-09-30,11.3839,0.0237,0.0168,0.1297
PODD,2013-12-31,11.6458,0.2782,0.2415,0.0156
PODD,2014-03-31,16.7041,-0.1634,-0.2967,-0.0913
PODD,2014-06-30,13.9359,-0.0711,-0.2188,0.2934
PODD,2014-09-30,12.9286,0.2499,-0.2969,0.4947
PODD,2014-12-31,16.2183,-0.2759,-0.1791,0.498
PODD,2015-03-31,11.6784,-0.0708,-0.0057,1.5991
PODD,2015-06-30,10.8354,-0.1639,-0.0242,1.7654
PODD,2017-03-31,13.5222,0.1908,1.0116,2.845
PODD,2017-06-30,16.0512,0.0735,0.6702,2.786
PODD,2017-09-30,17.2111,0.2527,0.9236,3.2954
PODD,2017-12-31,21.4939,0.2562,0.1496,2.7048
PODD,2018-03-31,26.9336,-0.0113,0.097,2.0102
PODD,2018-06-30,26.6321,0.2363,0.393,2.2032
PODD,2019-03-31,12.0776,0.2554,0.7423,1.8015
PODD,2019-06-30,15.0053,0.3816,0.6272,0.8256
PODD,2019-09-30,20.4956,0.038,0.4345,0.3909
PODD,2019-12-31,21.2513,-0.0322,0.4932,0.7196
PODD,2020-03-31,15.6496,0.1725,0.5748,0.9252
PODD,2020-06-30,18.185,0.2179,0.4131,0.4843
PODD,2020-09-30,21.9403,0.0805,0.2014,-0.3259
PODD,2020-12-31,23.6294,0.0207,0.0408,-0.1512
PODD,2021-03-31,22.1318,0.0521,0.021,-0.3431
PODD,2021-06-30,23.2744,0.0354,-0.2061,-0.2649
PODD,2021-09-30,24.0917,-0.0639,-0.1929,-0.1811
PODD,2021-12-31,22.5648,0.0012,0.1064,-0.0188
PODD,2022-03-31,19.1305,-0.1819,0.1973,-0.0142
PODD,2022-06-30,15.7371,0.0526,0.323,0.4416
PODD,2022-09-30,16.5398,0.2833,-0.3048,0.3458
PODD,2022-12-31,21.0915,0.0835,-0.263,-0.0345
PODD,2023-03-31,29.9684,-0.096,-0.4626,-0.3421
PODD,2023-06-30,27.181,-0.4469,-0.3001,
PODD,2023-09-30,15.4512,0.3605,0.4593,
PODD,2023-12-31,20.6848,-0.2101,0.2032,
PODD,2024-03-31,5.793,0.1774,0.5321,
PODD,2024-06-30,6.7629,0.1534,0.5569,
PODD,2024-09-30,7.7503,0.1217,0.3264,
PODD,2024-12-31,8.6538,,0.0888,
PTON,2020-09-30,7.8706,0.5288,-0.1228,-0.9491
PTON,2020-12-31,12.239,-0.2589,-0.7643,-0.9599
PTON,2021-03-31,8.9693,0.103,-0.765,-0.9619
PTON,2021-06-30,9.9332,-0.2981,-0.926,-0.9727
PTON,2021-09-30,4.0196,-0.5892,-0.9204,-0.9462
PTON,2021-12-31,1.6227,-0.2612,-0.778,-0.7567
PTON,2022-03-31,1.1862,-0.6525,-0.5708,-0.7608
PTON,2022-06-30,0.3805,-0.2451,-0.1623,-0.244
PTON,2022-09-30,6.0358,0.1457,-0.2713,0.2987
PTON,2022-12-31,7.0972,0.4282,-0.233,-0.2242
PTON,2023-03-31,10.67,-0.3219,-0.6221,-0.6217
PTON,2023-06-30,6.8344,-0.3433,-0.5605,
PTON,2023-09-30,6.1878,0.2059,-0.0733,
PTON,2023-12-31,7.3424,-0.2964,0.4286,
PTON,2024-03-31,5.3385,-0.2112,0.4749,
PTON,2024-06-30,4.3339,0.3846,1.0533,
PTON,2024-09-30,2.3075,0.859,0.9231,
PTON,2024-12-31,3.631,,-0.292,
QCOM,2009-12-31,10.0971,-0.0889,0.0901,0.4058
QCOM,2010-03-31,9.0016,-0.2132,0.3299,0.6759
QCOM,2010-06-30,6.6782,0.3811,0.7573,0.9545
QCOM,2010-09-30,9.8092,0.101,0.0944,0.5677
QCOM,2010-12-31,8.6355,0.1115,0.1225,0.578
QCOM,2011-03-31,9.7046,0.0397,0.2608,0.5148
QCOM,2011-06-30,10.097,-0.1398,-0.0037,0.4709
QCOM,2011-09-30,8.4634,0.1292,0.3049,0.6233
QCOM,2011-12-31,5940.2751,0.2485,0.1489,0.4375
QCOM,2012-03-31,7391.3192,-0.1784,-0.0006,0.0803
QCOM,2012-06-30,6046.714,0.1266,0.1163,0.1959
QCOM,2012-09-30,6784.1835,-0.0058,0.0977,-0.0817
QCOM,2012-12-31,5.3629,0.0861,0.2236,-0.1321
QCOM,2013-03-31,5.8619,-0.0823,0.2021,-0.1748
QCOM,2013-06-30,5.2873,0.1078,0.3225,-0.049
QCOM,2013-09-30,5.8992,0.1082,0.1333,0.107
QCOM,2013-12-31,4.9063,0.067,0.0226,-0.0418
QCOM,2014-03-31,5.2521,0.0096,-0.1008,-0.2029
QCOM,2014-06-30,5.2776,-0.0507,-0.19,-0.2321
QCOM,2014-09-30,4.9453,-0.0001,-0.2618,-0.2322
QCOM,2014-12-31,6.0485,-0.0617,-0.3063,-0.0437
QCOM,2015-03-31,5.5752,-0.0905,-0.2366,-0.1104
QCOM,2015-06-30,4.9387,-0.1349,-0.1123,0.0011
QCOM,2015-09-30,4.0945,-0.0604,0.3232,0.4987
QCOM,2015-12-31,4.9293,0.0326,0.3509,0.2739
QCOM,2016-03-31,5.055,0.0576,0.1613,0.2507
QCOM,2016-06-30,5.3206,0.2896,0.0679,0.5918
QCOM,2016-09-30,6.9525,-0.0407,-0.214,0.2476
QCOM,2016-12-31,7.187,-0.1123,0.0205,0.516
QCOM,2017-03-31,6.2352,-0.0275,0.0035,0.3199
QCOM,2017-06-30,5.9785,-0.0508,0.056,0.8441
QCOM,2017-09-30,5.5692,0.2454,0.441,1.52
QCOM,2017-12-31,6.897,-0.1271,-0.0759,1.6308
QCOM,2018-03-31,5.7742,0.0234,0.0732,1.6355
QCOM,2018-06-30,5.8667,0.2952,0.4115,1.7903
QCOM,2018-09-30,7.9416,-0.2013,0.1015,0.9531
QCOM,2018-12-31,5.5853,0.0138,0.6076,2.4804
QCOM,2019-03-31,5.5966,0.3461,0.2256,1.881
QCOM,2019-06-30,7.3804,0.0107,0.2371,0.7985
QCOM,2019-09-30,7.4001,0.1656,0.5877,0.5826
QCOM,2019-12-31,6.0001,-0.2272,0.7708,0.3296
QCOM,2020-03-31,4.6433,0.3587,1.0038,1.0087
QCOM,2020-06-30,6.1966,0.2971,0.5979,0.389
QCOM,2020-09-30,7.9417,0.3001,0.1168,0.0061
QCOM,2020-12-31,13.0053,-0.1255,0.2225,0.0142
QCOM,2021-03-31,11.3576,0.0835,0.1731,0.3645
QCOM,2021-06-30,12.2202,-0.0934,-0.0902,0.4877
QCOM,2021-09-30,11.0564,0.4232,-0.1074,0.4082
QCOM,2021-12-31,6.1765,-0.1608,-0.3858,-0.1015
QCOM,2022-03-31,5.1754,-0.1597,-0.1455,0.0765
QCOM,2022-06-30,4.3399,-0.1106,-0.0446,0.3362
QCOM,2022-09-30,3.8481,-0.0207,0.0093,0.5782
QCOM,2022-12-31,3.3321,0.1675,0.3507,0.6654
QCOM,2023-03-31,3.8318,-0.0605,0.3611,0.0808
QCOM,2023-06-30,3.5899,-0.0604,0.7114,
QCOM,2023-09-30,3.3638,0.3106,0.5631,
QCOM,2023-12-31,12.5418,0.1765,0.0831,
QCOM,2024-03-31,14.6283,0.1813,-0.0745,
QCOM,2024-06-30,17.1554,-0.1418,-0.1828,
QCOM,2024-09-30,14.6917,-0.0919,0.0003,
QCOM,2024-12-31,6.7934,,0.1384,
RBLX,2022-03-31,5.8479,-0.2894,-0.0272,0.2606
RBLX,2022-06-30,3.976,0.0907,0.2264,2.2015
RBLX,2022-09-30,4.3929,-0.2059,-0.192,2.865
RBLX,2022-12-31,3.3604,0.5805,0.6065,1.8472
RBLX,2023-03-31,5.6716,-0.104,-0.1512,0.2574
RBLX,2023-06-30,5.0169,-0.2814,-0.0767,
RBLX,2024-03-31,8.062,-0.0254,0.5267,
RBLX,2024-06-30,7.8488,0.1895,1.8272,
RBLX,2024-09-30,9.398,0.3073,2.1297,
RBLX,2024-12-31,12.3865,,0.4004,
RMD,2011-09-30,4.0829,-0.1177,0.4118,0.7847
RMD,2011-12-31,3.5202,0.2169,0.6509,1.314
RMD,2012-03-31,4.4348,0.0094,0.5189,1.4456
RMD,2012-06-30,4.4829,0.3028,0.4699,0.9121
RMD,2012-09-30,6.0216,0.0317,0.3273,0.3341
RMD,2012-12-31,6.2041,0.1196,0.1524,0.3696
RMD,2014-09-30,6.1094,0.1439,0.0554,0.6597
RMD,2014-12-31,7.0322,0.2861,-0.0229,0.6034
RMD,2015-03-31,9.1686,-0.2108,-0.1775,0.4549
RMD,2015-06-30,7.0743,-0.091,0.1456,0.9462
RMD,2015-09-30,5.8889,0.0591,0.2976,1.3924
RMD,2015-12-31,6.2239,0.0826,0.1801,1.238
RMD,2016-03-31,6.7306,0.0992,0.2704,0.8948
RMD,2016-06-30,7.3944,0.0295,0.2565,1.0299
RMD,2016-09-30,7.6999,-0.0368,0.212,1.1894
RMD,2016-12-31,7.3894,0.1655,0.3906,1.6142
RMD,2017-03-31,8.5136,0.0872,0.3924,1.1367
RMD,2017-06-30,9.1823,-0.007,0.352,1.5678
RMD,2017-09-30,9.0791,0.1051,0.5213,1.3137
RMD,2017-12-31,9.9552,0.167,0.3638,1.6006
RMD,2019-09-30,11.2011,0.1501,0.2808,0.655
RMD,2019-12-31,12.7575,-0.0474,0.3833,0.3748
RMD,2020-03-31,12.1556,0.3066,0.3281,0.5215
RMD,2020-06-30,15.6594,-0.1052,0.2941,0.1641
RMD,2020-09-30,12.0802,0.2421,0.5485,-0.1172
RMD,2020-12-31,14.8976,-0.0854,0.2341,-0.1706
RMD,2021-03-31,13.6276,0.2731,0.2585,0.0466
RMD,2021-06-30,17.2239,0.0707,-0.1437,-0.2036
RMD,2021-09-30,0.1899,-0.0101,-0.1656,-0.0491
RMD,2021-12-31,0.1897,-0.0674,-0.1947,-0.0982
RMD,2022-03-31,0.1884,-0.1337,-0.0897,-0.0514
RMD,2022-06-30,0.1862,0.0433,0.0505,0.2648
RMD,2022-09-30,13.2456,-0.0446,-0.3168,0.2889
RMD,2022-12-31,12.638,0.0542,-0.1655,0.19
RMD,2023-03-31,13.2868,-0.0003,-0.0864,0.0544
RMD,2023-06-30,13.2575,-0.3215,-0.1146,
RMD,2023-09-30,7.3669,0.167,0.6681,
RMD,2023-12-31,8.5065,0.1541,0.3418,
RMD,2024-03-31,9.7338,-0.0312,0.1406,
RMD,2024-06-30,9.4219,0.2784,0.36,
RMD,2024-09-30,11.4695,-0.0612,0.131,
RMD,2024-12-31,10.7539,,0.0626,
ROKU,2019-03-31,10.3539,0.4041,0.3561,0.9419
ROKU,2019-06-30,14.6583,0.1234,0.2865,-0.0932
ROKU,2019-09-30,16.5043,0.3158,0.8553,-0.4458
ROKU,2019-12-31,21.8109,-0.3467,1.4796,-0.696
ROKU,2020-03-31,9.303,0.3321,2.7239,-0.2476
ROKU,2020-06-30,12.5199,0.6202,2.941,-0.4511
ROKU,2020-09-30,20.5227,0.7586,0.6597,-0.6261
ROKU,2020-12-31,36.3822,-0.0188,-0.3127,-0.7239
ROKU,2021-03-31,22.2253,0.4097,-0.6155,-0.8
ROKU,2021-06-30,31.5552,-0.3177,-0.8211,-0.8695
ROKU,2021-09-30,21.3572,-0.2717,-0.82,-0.7617
ROKU,2021-12-31,15.4055,-0.4511,-0.8216,-0.6742
ROKU,2022-03-31,5.0558,-0.3443,-0.4746,-0.4377
ROKU,2022-06-30,3.0744,-0.3134,-0.2213,0.07
ROKU,2022-09-30,1.892,-0.2784,0.2516,0.7754
ROKU,2022-12-31,1.1707,0.6172,1.2521,1.6656
ROKU,2023-03-31,3.9637,-0.0283,-0.0099,0.4376
ROKU,2023-06-30,3.8229,0.1037,-0.063,
ROKU,2023-09-30,4.3246,0.2985,0.0577,
ROKU,2023-12-31,5.919,-0.289,-0.189,
ROKU,2024-03-31,3.8123,-0.0804,0.0809,
ROKU,2024-06-30,3.421,0.2458,0.4665,
ROKU,2024-09-30,4.521,-0.0043,0.3411,
ROKU,2024-12-31,4.4971,,0.4594,
S,2022-06-30,6.4787,0.0956,-0.3528,-0.2165
S,2022-09-30,7.5304,-0.4292,-0.3404,-0.311
S,2022-12-31,2.3567,0.1213,0.8807,0.0281
S,2023-03-31,5.4004,-0.077,0.4248,-0.2127
S,2023-06-30,4.9184,0.1166,0.394,
S,2023-09-30,5.5917,0.6275,0.4187,
S,2023-12-31,9.6395,-0.1505,-0.191,
S,2024-03-31,8.0976,-0.097,-0.2201,
S,2024-06-30,7.1903,0.1363,-0.1316,
S,2024-09-30,8.3425,-0.0719,-0.2638,
S,2024-12-31,7.652,,-0.3243,
SBUX,2009-12-31,2.5179,0.0525,0.4124,1.4284
SBUX,2010-03-31,2.6479,0.0054,0.5495,1.4594
SBUX,2010-06-30,2.6511,0.057,0.653,1.8234
SBUX,2010-09-30,2.7854,0.2629,0.4821,2.1475
SBUX,2010-12-31,3.4923,0.1546,0.4537,1.5465
SBUX,2011-03-31,4.0101,0.0726,0.5347,1.0723
SBUX,2011-12-31,4.185,0.219,0.1828,0.8612
SBUX,2012-03-31,5.1248,-0.0431,0.0342,0.7686
SBUX,2012-06-30,4.8804,-0.0453,0.2474,1.0995
SBUX,2012-09-30,4.6321,0.062,0.5394,1.3375
SBUX,2012-12-31,4.1264,0.0659,0.4811,1.3322
SBUX,2013-03-31,4.3918,0.1542,0.3056,1.1831
SBUX,2013-06-30,5.0759,0.1783,0.1973,0.816
SBUX,2013-09-30,5.9919,0.0217,-0.0058,0.4659
SBUX,2013-12-31,5.5512,-0.0604,0.0624,0.4781
SBUX,2014-03-31,5.1844,0.0584,0.3098,0.6619
SBUX,2014-06-30,5.4772,-0.0215,0.4059,0.5745
SBUX,2014-09-30,5.3367,0.0918,0.5273,0.4889
SBUX,2014-12-31,5.4481,0.1584,0.4821,0.4659
SBUX,2015-03-31,6.2853,0.136,0.2766,0.2825
SBUX,2015-06-30,3.5666,0.063,0.0789,-0.0424
SBUX,2015-09-30,3.7797,0.0595,-0.0346,0.0555
SBUX,2015-12-31,6.1815,-0.0022,-0.0613,0.1348
SBUX,2016-03-31,6.1478,-0.0399,-0.0061,0.3197
SBUX,2016-06-30,5.8843,-0.0489,0.038,0.5572
SBUX,2016-09-30,5.58,0.0302,0.0098,0.7334
SBUX,2016-12-31,5.7209,0.0564,0.0536,0.6814
SBUX,2017-03-31,6.014,0.0027,0.0108,0.1956
SBUX,2018-12-31,4.6959,0.1604,0.3909,0.9198
SBUX,2019-03-31,5.4161,0.1329,-0.0996,0.2932
SBUX,2019-06-30,6.1038,0.0588,-0.1053,-0.0347
SBUX,2019-09-30,6.4364,-0.0007,-0.008,0.0114
SBUX,2019-12-31,5.6403,-0.2488,0.2419,0.1984
SBUX,2020-03-31,4.324,0.1257,0.6958,0.683
SBUX,2020-06-30,4.7899,0.1739,0.5475,0.4293
SBUX,2020-09-30,5.5216,0.251,0.3056,0.1278
SBUX,2020-12-31,6.7714,0.0258,0.1115,-0.0464
SBUX,2021-03-31,6.9073,0.0273,-0.153,-0.1098
SNAP,2019-03-31,14.662,0.2976,0.0789,2.2659
SNAP,2019-06-30,19.4536,0.1049,0.6427,-0.0818
SNAP,2019-09-30,21.6449,0.0335,0.6525,-0.3785
SNAP,2019-12-31,22.4192,-0.2719,2.0661,-0.4519
SNAP,2020-03-31,9.474,0.9756,3.3978,-0.0572
SNAP,2020-06-30,19.4628,0.1115,1.9008,-0.496
SNAP,2020-09-30,21.7188,0.9177,1.8292,-0.6588
SNAP,2020-12-31,42.3507,0.0443,-0.0607,-0.6619
SNAP,2021-03-31,31.3494,0.3031,-0.3117,-0.7805
SNAP,2021-06-30,40.9573,0.0841,-0.8073,-0.7562
SNAP,2021-09-30,44.4308,-0.3633,-0.8671,-0.8552
SNAP,2021-12-31,28.1609,-0.2347,-0.8097,-0.771
SNAP,2022-03-31,11.3407,-0.6352,-0.6885,-0.758
SNAP,2022-06-30,3.9549,-0.2521,-0.0982,-0.3382
SNAP,2022-09-30,2.8855,-0.0886,-0.0927,-0.2149
SNAP,2022-12-31,2.6044,0.2525,0.8916,-0.0983
SNAP,2023-03-31,5.4153,0.0562,0.0241,-0.5897
SNAP,2023-06-30,5.7229,-0.2475,0.4029,
SNAP,2023-09-30,4.2921,0.9001,0.2009,
SNAP,2023-12-31,8.2086,-0.3219,-0.3639,
SNAP,2024-03-31,7.8759,0.4469,-0.2413,
SNAP,2024-06-30,11.3586,-0.3558,-0.4768,
SNAP,2024-09-30,7.3464,0.0065,-0.2794,
SNAP,2024-12-31,7.3939,,-0.2507,
SNOW,2021-03-31,60.4524,0.0546,-0.0007,-0.2952
SNOW,2021-06-30,63.7949,0.2507,-0.4249,-0.4413
SNOW,2021-09-30,79.9812,0.1201,-0.438,-0.6202
SNOW,2021-12-31,89.6776,-0.3236,-0.5763,-0.5442
SNOW,2022-03-31,34.5866,-0.3931,-0.3266,-0.3621
SNOW,2022-06-30,20.7829,0.2222,0.2655,0.6092
SNOW,2022-09-30,25.5185,-0.1554,-0.1011,0.3271
SNOW,2022-12-31,21.4694,0.0749,0.3864,0.5282
SNOW,2023-03-31,17.6874,0.1406,0.0474,-0.0225
SNOW,2023-06-30,20.2214,-0.1319,-0.2324,
SNOW,2023-09-30,17.5098,0.3026,-0.2482,
SNOW,2023-12-31,22.9107,-0.1879,-0.2241,
SNOW,2024-03-31,17.9258,-0.164,-0.0955,
SNOW,2024-06-30,14.8859,-0.1498,0.6565,
SNOW,2024-09-30,12.5662,0.3443,0.9637,
SNOW,2024-12-31,17.1013,,0.4206,
SNPS,2010-12-31,2.748,0.0275,0.0108,0.5076
SNPS,2011-03-31,2.8466,-0.0702,0.1089,0.3892
SNPS,2011-06-30,2.5881,-0.0525,0.1447,0.5099
SNPS,2011-09-30,2.4082,0.1166,0.3543,0.6297
SNPS,2011-12-31,2.1338,0.1272,0.1706,0.5982
SNPS,2012-03-31,2.4987,-0.0401,0.1703,0.5108
SNPS,2012-06-30,2.369,0.121,0.2147,0.721
SNPS,2012-09-30,2.7443,-0.0349,0.1428,0.3998
SNPS,2012-12-31,2.6303,0.1269,0.2742,0.4325
SNPS,2013-03-31,3.0084,-0.0036,0.0705,0.3501
SNPS,2013-06-30,2.9963,0.0545,0.0859,0.5127
SNPS,2013-09-30,3.1788,0.0761,0.0531,0.5743
SNPS,2013-12-31,3.073,-0.0532,0.0715,0.4508
SNPS,2014-03-31,2.8813,0.0107,0.2059,0.8779
SNPS,2014-06-30,2.9177,0.0227,0.3047,0.8787
SNPS,2014-09-30,2.9958,0.095,0.1632,1.0285
SNPS,2014-12-31,3.3783,0.0656,0.0492,0.9609
SNPS,2015-03-31,3.6349,0.0935,0.0458,0.7971
SNPS,2015-06-30,4.0247,-0.0883,0.0677,0.6894
SNPS,2015-09-30,3.6223,-0.0123,0.2852,1.1353
SNPS,2015-12-31,3.1943,0.062,0.2905,0.847
SNPS,2016-03-31,3.417,0.1164,0.4891,1.3772
SNPS,2016-06-30,3.8608,0.0974,0.3486,1.3796
SNPS,2016-09-30,4.2755,-0.0083,0.3569,1.3126
SNPS,2016-12-31,3.8193,0.2255,0.4482,1.3649
SNPS,2017-03-31,4.7795,0.0111,0.154,0.7855
SNPS,2017-06-30,4.8374,0.1042,0.1733,1.6738
SNPS,2017-09-30,5.3873,0.0585,0.2245,1.6571
SNPS,2017-12-31,5.7281,-0.0235,-0.0117,2.0413
SNPS,2018-03-31,5.5834,0.028,0.3833,1.9767
SNPS,2019-12-31,7.1058,-0.0748,0.8624,1.2938
SNPS,2020-03-31,6.5589,0.5141,0.9239,1.9991
SNPS,2020-06-30,10.0368,0.0973,0.4143,1.2329
SNPS,2020-09-30,11.0338,0.2115,0.3992,1.1449
SNPS,2020-12-31,11.8787,-0.0442,0.4215,0.9862
SNPS,2021-03-31,11.3385,0.113,0.345,1.3065
SNPS,2021-06-30,12.6588,0.0856,0.1012,1.1577
SNPS,2021-09-30,13.7722,0.2308,0.0204,0.6913
SNPS,2021-12-31,13.9949,-0.0956,-0.1335,0.3171
SNPS,2022-03-31,12.6209,-0.0887,0.159,0.2868
SNPS,2022-06-30,11.4677,0.006,0.4337,0.6881
SNPS,2022-09-30,11.5383,0.0451,0.5023,0.615
SNPS,2022-12-31,9.2788,0.2097,0.6127,0.4711
SNPS,2023-03-31,11.2885,0.1273,0.4796,0.0265
SNPS,2023-06-30,12.764,0.0541,0.3667,
SNPS,2023-09-30,13.4711,0.1219,0.1033,
SNPS,2023-12-31,13.9545,0.1099,-0.0574,
SNPS,2024-03-31,15.5196,0.0412,-0.2496,
SNPS,2024-06-30,16.1712,-0.149,-0.1384,
SNPS,2024-09-30,13.7189,-0.0415,-0.0257,
SNPS,2024-12-31,13.7027,,-0.0322,
SOFI,2022-03-31,33.494,-0.4423,-0.3577,0.2307
SOFI,2022-06-30,23.2128,-0.074,0.5825,2.4554
SOFI,2022-09-30,22.2536,-0.0553,0.6373,4.4139
SOFI,2022-12-31,21.5895,0.3167,1.1584,4.679
SOFI,2023-03-31,37.3312,0.374,0.2026,1.6161
SOFI,2023-06-30,45.4649,-0.042,-0.2074,
SOFI,2023-09-30,44.2108,0.2453,-0.0163,
SOFI,2023-12-31,51.2338,-0.2663,0.5477,
SOFI,2024-03-31,101.9267,-0.0945,0.5932,
SOFI,2024-06-30,94.5233,0.1891,1.7549,
SOFI,2024-09-30,107.9353,0.9593,2.3613,
SOFI,2024-12-31,188.8366,,0.7,
TEAM,2023-09-30,13.2164,0.1804,-0.2119,
TEAM,2023-12-31,15.653,-0.1797,0.0232,
TEAM,2024-03-31,12.7874,-0.0934,0.0876,
TEAM,2024-06-30,11.5654,-0.1022,0.1482,
TEAM,2024-09-30,8.7068,0.5325,0.0056,
TEAM,2024-12-31,13.501,,-0.3338,
TMO,2010-03-31,4.7343,-0.0465,0.0799,0.504
TMO,2010-06-30,4.5205,-0.0239,0.3127,0.7482
TMO,2010-09-30,4.4159,0.1562,0.0576,0.9533
TMO,2010-12-31,5.0849,0.0034,-0.1877,1.0444
TMO,2011-03-31,3.7435,0.1591,0.0173,1.2027
TMO,2011-06-30,4.3078,-0.2135,-0.1898,0.8672
TMO,2011-09-30,3.4301,-0.112,0.17,1.4516
TMO,2011-12-31,3.0682,0.2567,0.4317,1.8455
TMO,2012-03-31,3.8752,-0.0769,0.369,1.4307
TMO,2012-06-30,3.6372,0.1358,0.6438,1.5464
TMO,2012-09-30,4.0056,0.0866,0.5784,1.1153
TMO,2012-12-31,4.2691,0.2016,0.7578,1.2607
TMO,2013-03-31,4.6415,0.1084,0.5816,0.88
TMO,2013-06-30,5.0433,0.0907,0.4021,0.7718
TMO,2013-09-30,5.4145,0.2101,0.3275,0.7506
TMO,2013-12-31,6.3623,0.0811,0.1306,0.2846
TMO,2014-03-31,7.0067,-0.0174,0.1227,0.2947
TMO,2014-06-30,6.8879,0.0326,0.1049,0.4979
TMO,2014-09-30,7.0842,0.0307,0.0095,0.5743
TMO,2014-12-31,7.2745,0.0735,0.1375,0.5341
TMO,2015-03-31,4.8002,-0.033,0.0588,0.5551
TMO,2015-06-30,4.669,-0.0565,0.1438,0.6147
TMO,2015-09-30,4.4549,0.1613,0.3063,1.0179
TMO,2015-12-31,5.0152,-0.0007,-0.0012,0.5943
TMO,2016-03-31,7.2091,0.0446,0.0892,0.9529
TMO,2016-06-30,7.4676,0.0776,0.1853,1.0071
TMO,2016-09-30,7.941,-0.112,0.1938,0.8485
TMO,2016-12-31,7.1885,0.0896,0.3503,1.3232
TMO,2017-03-31,7.7122,0.1369,0.3485,0.8627
TMO,2017-06-30,8.5867,0.0853,0.191,1.0948
TMO,2019-03-31,8.6614,0.0736,0.0389,1.1727
TMO,2019-06-30,9.1972,-0.0076,0.2371,0.8625
TMO,2019-09-30,9.1325,0.116,0.5197,0.753
TMO,2019-12-31,10.0344,-0.1264,0.4372,0.7064
TMO,2020-03-31,8.9266,0.2785,0.6128,1.0456
TMO,2020-06-30,11.0402,0.2191,0.3952,0.4493
TNDM,2015-03-31,5.1619,-0.141,-0.3098,-0.9607
TNDM,2015-06-30,4.3303,-0.1873,-0.3044,-0.7969
TNDM,2015-09-30,3.3818,0.3405,-0.1305,-0.5137
TNDM,2015-12-31,4.7835,-0.2625,-0.818,-0.6785
TNDM,2016-03-31,3.6847,-0.1343,-0.8622,-0.271
TNDM,2016-06-30,3.0987,0.0159,-0.8939,-0.1443
TNDM,2016-09-30,3.1588,-0.7193,-0.9047,-0.23
TNDM,2016-12-31,0.3994,-0.4419,-0.8902,1.7726
TNDM,2017-03-31,-0.0763,-0.3333,-0.5867,4.3625
TNDM,2017-06-30,-0.2767,-0.0875,1.7525,11.365
TNDM,2019-03-31,16.0626,0.0161,0.0134,0.8313
TNDM,2019-06-30,16.33,-0.0859,0.5332,-0.0826
TNDM,2019-09-30,14.8775,0.0107,0.9244,-0.1887
TNDM,2019-12-31,15.0427,0.0795,0.6051,-0.2459
TNDM,2020-03-31,6.7182,0.5372,0.3714,-0.3689
TNDM,2020-06-30,10.501,0.1474,-0.0154,-0.7519
TNDM,2020-09-30,12.0964,-0.157,0.0518,-0.817
TNDM,2020-12-31,10.1465,-0.0777,0.5732,-0.6908
TNDM,2021-03-31,11.6705,0.1037,0.3177,-0.5988
TNDM,2021-06-30,12.9457,0.2257,-0.3923,-0.5863
TNDM,2021-09-30,16.0089,0.2608,-0.5992,-0.6447
TNDM,2021-12-31,20.3488,-0.2274,-0.7014,-0.7607
TNDM,2022-03-31,10.6774,-0.491,-0.6508,-0.8352
TNDM,2022-06-30,5.1813,-0.1916,-0.5854,-0.6851
TNDM,2022-09-30,4.0898,-0.0606,-0.5659,-0.7463
TNDM,2022-12-31,3.8107,-0.0966,-0.3419,-0.511
TNDM,2023-03-31,4.3543,-0.3957,-0.128,-0.5279
TNDM,2023-06-30,2.3798,-0.1536,0.6418,
TNDM,2023-09-30,1.9166,0.4242,1.0419,
TNDM,2023-12-31,2.9991,0.1971,0.2177,
TNDM,2024-03-31,6.7381,0.1378,-0.4589,
TNDM,2024-06-30,7.746,0.0526,-0.5374,
TNDM,2024-09-30,8.1839,-0.1507,-0.7137,
TNDM,2024-12-31,6.8641,,-0.3898,
TSLA,2012-03-31,18.1271,-0.1598,0.0175,4.069
TSLA,2012-06-30,15.2278,-0.0642,2.4311,7.5733
TSLA,2012-09-30,14.2484,0.1568,5.6042,7.4836
TSLA,2012-12-31,16.485,0.1187,3.4414,6.0862
TSLA,2013-03-31,10.1319,1.8335,4.5015,5.0641
TSLA,2013-06-30,27.6947,0.8011,1.236,0.9773
TSLA,2013-09-30,49.439,-0.2221,0.255,0.0551
TSLA,2013-12-31,38.5833,0.3857,0.4785,0.4205
TSLA,2014-03-31,3.009,0.1516,-0.0944,0.3351
TSLA,2014-06-30,3.4809,0.0109,0.1175,0.5063
TSLA,2014-09-30,3.52,-0.0835,0.0236,0.4056
TSLA,2014-12-31,3.2174,-0.1513,0.0791,0.3999
TSLA,2015-03-31,8.9712,0.4211,0.2172,0.4098
TSLA,2015-06-30,12.5883,-0.074,-0.2087,0.2784
TSLA,2015-09-30,11.6846,-0.0338,-0.1786,0.0659
TSLA,2015-12-31,11.3028,-0.0427,-0.1097,0.3866
TSLA,2016-03-31,15.9345,-0.0761,0.2112,0.218
TSLA,2016-06-30,14.7772,-0.0389,0.7035,0.0527
TSLA,2016-09-30,14.2314,0.0473,0.6718,0.1806
TSLA,2016-12-31,14.8705,0.3024,0.457,0.9576
TSLA,2017-03-31,7.0729,0.2994,-0.0437,0.8829
TSLA,2017-06-30,9.0801,-0.0567,-0.0516,1.9861
TSLA,2017-09-30,8.586,-0.0872,-0.2238,5.2886
TSLA,2017-12-31,7.8692,-0.1452,0.0689,10.3324
TSLA,2018-03-31,5.0707,0.2887,0.0516,11.5489
TSLA,2018-06-30,6.3409,-0.228,-0.3484,8.9096
TSLA,2018-09-30,5.0482,0.2569,-0.0903,13.6444
TSLA,2018-12-31,6.1731,-0.1591,0.257,14.8771
TSLA,2019-03-31,2.5874,-0.2015,0.8724,18.2525
TSLA,2019-06-30,2.1396,0.0779,3.8322,14.068
TSLA,2019-09-30,2.2778,0.7367,7.9054,15.5182
TSLA,2019-12-31,3.687,0.2526,7.4344,3.4168
TSLA,2020-03-31,12.9814,1.0607,5.3734,4.9387
TSLA,2020-06-30,26.1769,0.9865,2.1473,2.6363
TSLA,2020-09-30,10.7263,0.6449,0.8076,0.7497
TSLA,2020-12-31,17.2945,-0.0535,0.4976,0.0564
TSLA,2021-03-31,40.5066,0.0176,0.6133,-0.2104
TSLA,2021-06-30,41.2327,0.1409,-0.0092,-0.1266
TSLA,2021-09-30,47.142,0.3627,0.0261,0.0121
TSLA,2021-12-31,64.497,0.0197,-0.6503,0.1464
TSLA,2022-03-31,65.7815,-0.3751,-0.4224,-0.2785
TSLA,2022-06-30,40.8453,0.1817,0.1662,0.4151
TSLA,2024-03-31,14.8804,0.1257,0.4743,
TSLA,2024-06-30,16.8428,0.3222,0.6053,
TSLA,2024-09-30,22.5064,0.5436,0.6998,
TSLA,2024-12-31,35.1402,,0.1136,
TWLO,2017-03-31,1.6873,0.0083,0.3225,2.0998
TWLO,2017-06-30,1.7051,0.0254,0.9244,6.5376
TWLO,2017-09-30,1.76,-0.2094,1.8905,7.2777
TWLO,2017-12-31,1.2962,0.6178,2.7839,13.3432
TWLO,2018-03-31,2.3782,0.4673,2.3834,7.9251
TWLO,2018-06-30,3.7021,0.5402,1.434,6.0361
TWLO,2019-03-31,16.4788,0.0555,-0.3072,0.2758
TWLO,2019-06-30,17.3973,-0.1935,0.6092,-0.3853
TWLO,2019-09-30,14.0167,-0.1062,1.2471,-0.3712
TWLO,2019-12-31,12.5204,-0.0894,2.4442,-0.5018
TWLO,2020-03-31,8.1454,1.4519,2.8078,-0.2554
TWLO,2020-06-30,19.7675,0.1261,0.7964,-0.7101
TWLO,2020-09-30,22.2426,0.3699,0.2912,-0.7631
TWLO,2020-12-31,30.4191,0.0067,-0.222,-0.7759
TWLO,2021-03-31,26.1189,0.1567,-0.5163,-0.8205
TWLO,2021-06-30,30.2644,-0.1906,-0.7874,-0.8559
TWLO,2021-09-30,24.4336,-0.1746,-0.7833,-0.7956
TWLO,2021-12-31,20.1088,-0.3742,-0.8141,-0.5896
TWLO,2022-03-31,9.0054,-0.4915,-0.5957,-0.4059
TWLO,2022-06-30,4.502,-0.175,-0.2409,0.4838
TWLO,2022-09-30,3.6864,-0.2919,-0.1535,0.4476
TWLO,2022-12-31,2.5645,0.3609,0.5496,1.9052
TWLO,2023-03-31,3.9911,-0.0452,-0.0822,0.8883
TWLO,2023-06-30,3.8156,-0.08,-0.107,
TWLO,2023-09-30,3.5189,0.2963,0.1143,
TWLO,2023-12-31,4.5298,-0.194,0.4245,
TWLO,2024-03-31,4.5008,-0.071,0.6011,
TWLO,2024-06-30,4.1912,0.148,1.1891,
TWLO,2024-09-30,4.7911,0.6572,0.5347,
TWLO,2024-12-31,7.8485,,0.3161,
TXG,2021-03-31,62.2591,0.0819,-0.5797,-0.7927
TXG,2021-06-30,67.5351,-0.2566,-0.7689,-0.9007
TXG,2021-09-30,49.6495,0.0232,-0.8044,-0.8449
TXG,2021-12-31,50.8527,-0.4893,-0.7554,-0.9036
TXG,2022-03-31,10.9059,-0.4052,-0.2666,-0.8852
TXG,2022-06-30,6.1617,-0.3706,0.234,-0.7441
TXG,2022-09-30,3.5803,0.2795,0.4484,-0.5895
TXG,2022-12-31,4.8056,0.531,0.5357,-0.5524
TXG,2023-03-31,14.6629,0.0009,-0.3273,-0.6195
TXG,2023-06-30,14.6765,-0.2613,-0.6517,
TXG,2023-09-30,10.7062,0.3566,-0.4526,
TXG,2023-12-31,14.7092,-0.3293,-0.7434,
TXG,2024-03-31,7.7276,-0.4817,-0.7674,
TXG,2024-06-30,3.6795,0.1609,-0.4046,
TXG,2024-09-30,4.3803,-0.364,-0.4823,
TXG,2024-12-31,2.5398,,0.1358,
TXN,2010-03-31,8.4011,-0.0443,0.4372,0.5418
TXN,2010-06-30,7.9491,0.1713,0.4338,0.597
TXN,2010-09-30,9.4154,0.2028,-0.0021,0.5877
TXN,2010-12-31,11.4516,0.0674,-0.0888,0.4492
TXN,2011-03-31,3.0603,-0.0466,-0.0092,0.4684
TXN,2011-06-30,2.8945,-0.1848,-0.1081,0.5709
TXN,2011-09-30,2.3024,0.0983,0.0576,0.9351
TXN,2011-12-31,2.5381,0.1607,0.0871,0.9894
TXN,2012-03-31,6.0748,-0.1418,0.0827,0.8447
TXN,2012-06-30,5.2141,-0.0333,0.2489,0.9479
TXN,2012-09-30,5.0164,0.129,0.5044,0.9505
TXN,2012-12-31,5.599,0.1559,0.4629,0.9246
TXN,2013-03-31,7.4151,-0.0101,0.3688,0.7574
TXN,2013-06-30,7.289,0.1644,0.4103,0.9494
TXN,2013-09-30,8.3781,0.0979,0.2163,0.8854
TXN,2013-12-31,9.1029,0.0816,0.2509,0.7986
TXN,2014-03-31,9.0857,0.02,0.2448,0.8476
TXN,2014-06-30,9.204,0.0043,0.106,0.7406
TXN,2014-09-30,9.1852,0.1291,0.0659,1.0318
TXN,2014-12-31,10.2706,0.0762,0.0517,1.11
TXN,2015-03-31,7.3259,-0.0938,0.0315,0.961
TXN,2015-06-30,6.6115,-0.0321,0.2498,1.3102
TXN,2015-09-30,6.3612,0.1141,0.4542,1.3355
TXN,2015-12-31,7.0266,0.0555,0.3671,0.8623
TXN,2016-03-31,7.8008,0.098,0.439,0.9955
TXN,2016-06-30,8.5003,0.1262,0.2592,0.9792
TXN,2016-09-30,9.5076,0.0474,0.3108,0.991
TXN,2016-12-31,9.8808,0.111,0.4675,0.9012
TXN,2017-03-31,10.8961,-0.0391,0.3211,0.3426
TXN,2017-06-30,10.4105,0.1723,0.4679,0.7892
TXN,2019-03-31,9.0065,0.0891,-0.0319,0.8718
TXN,2019-06-30,9.7383,0.1329,0.1383,0.4491
TXN,2019-09-30,10.9575,0.0001,0.1378,0.297
TXN,2019-12-31,10.8775,-0.2154,0.317,0.3953
TXN,2020-03-31,11.8859,0.2805,0.9446,1.0165
TXN,2020-06-30,15.0878,0.1323,0.5538,0.5358
TXN,2020-09-30,16.9611,0.1577,0.3792,0.2064
TXN,2020-12-31,19.4881,0.1584,0.1753,0.1274
TXN,2021-03-31,18.6304,0.0231,-0.0058,0.0024
TXN,2021-06-30,18.9562,0.0051,-0.1807,0.1019
TXN,2021-09-30,18.9474,-0.0134,-0.1735,0.1718
TXN,2021-12-31,18.5792,-0.02,-0.0986,0.0852
TXN,2022-03-31,9.6785,-0.1569,0.043,0.0691
TXN,2022-06-30,8.0862,0.014,0.2064,0.4776
TXN,2022-09-30,8.1465,0.076,0.0583,0.2988
TXN,2022-12-31,8.7038,0.1339,0.0641,0.15
TXN,2023-03-31,10.7774,-0.0248,-0.0333,0.1424
TXN,2023-06-30,10.4297,-0.1105,0.1148,
TXN,2023-09-30,9.21,0.0818,0.3395,
TXN,2023-12-31,9.8747,0.0301,0.1314,
TXN,2024-03-31,18.2513,0.1247,0.0604,
TXN,2024-06-30,20.3451,0.0688,0.0986,
TXN,2024-09-30,21.5858,-0.0863,-0.0838,
TXN,2024-12-31,19.6218,,-0.0447,
UBER,2020-03-31,4.0383,0.1132,0.9524,0.1354
UBER,2020-06-30,4.5546,0.1737,0.6126,0.389
UBER,2020-09-30,5.4369,0.398,0.2281,0.2607
UBER,2020-12-31,7.8092,0.0688,-0.1778,0.2073
UBER,2021-03-31,28.3074,-0.0805,-0.3454,0.4124
UBER,2021-06-30,26.0518,-0.1061,-0.5918,0.4501
UBER,2021-09-30,23.3184,-0.0641,-0.4085,0.6777
UBER,2021-12-31,21.8439,-0.1491,-0.4102,0.4386
UBER,2022-03-31,4.1568,-0.4266,-0.1115,1.042
UBER,2022-06-30,2.5043,0.2952,1.11,3.5601
UBER,2022-09-30,3.1601,-0.0668,0.7355,2.697
UBER,2022-12-31,2.968,0.2818,1.4897,2.3041
UBER,2023-03-31,1.7835,0.3618,1.4287,1.2691
UBER,2023-06-30,2.3814,0.0653,0.6836,
UBER,2023-09-30,2.5284,0.3388,0.6343,
UBER,2023-12-31,3.3406,0.2504,-0.0203,
UBER,2024-03-31,7.7574,-0.056,-0.0536,
UBER,2024-06-30,7.3341,0.0341,0.2837,
UBER,2024-09-30,7.5776,-0.1974,0.3035,
UBER,2024-12-31,6.1203,,0.3546,
ULTA,2012-03-31,5.4994,0.0053,-0.1262,0.624
ULTA,2012-06-30,5.5297,0.0314,0.0722,0.654
ULTA,2012-09-30,5.7111,0.0202,0.2404,0.6961
ULTA,2012-12-31,5.8318,-0.1739,-0.0177,0.8828
ULTA,2013-03-31,4.7738,0.2335,0.2004,1.3868
ULTA,2013-06-30,4.522,0.1932,-0.087,1.4335
ULTA,2013-09-30,5.4418,-0.192,-0.0108,0.9921
ULTA,2013-12-31,4.3508,0.0095,0.3245,1.6413
ULTA,2014-03-31,4.3946,-0.0619,0.5481,1.9272
ULTA,2014-06-30,3.6805,0.2927,0.6896,2.1434
ULTA,2014-09-30,4.8407,0.0818,0.3823,0.913
ULTA,2014-12-31,5.26,0.18,0.4471,0.7495
ULTA,2015-03-31,6.2577,0.0239,0.2843,0.3541
ULTA,2015-06-30,5.1274,0.0576,0.5775,0.5116
ULTA,2015-09-30,5.4399,0.1325,0.4569,0.7271
ULTA,2015-12-31,6.1999,0.0472,0.3781,0.3235
ULTA,2016-03-31,5.272,0.2576,0.4722,0.8
ULTA,2016-06-30,6.6853,-0.0232,0.1794,0.4238
ULTA,2016-09-30,6.525,0.0713,-0.0501,0.0532
ULTA,2016-12-31,7.0053,0.1188,-0.1227,-0.0071
ULTA,2017-03-31,7.8632,0.0074,-0.2838,-0.384
ULTA,2017-06-30,7.923,-0.2133,-0.1875,-0.2921
ULTA,2017-09-30,6.1874,-0.0106,0.248,-0.0092
ULTA,2019-06-30,5.9508,-0.2774,-0.4136,0.1112
ULTA,2019-09-30,4.266,0.0099,-0.1064,0.6006
ULTA,2019-12-31,4.3096,-0.3059,0.1344,0.853
ULTA,2020-03-31,2.7367,0.1578,0.7596,2.1057
ULTA,2020-06-30,3.1915,0.1011,0.6998,1.3134
ULTA,2020-09-30,3.5289,0.2821,0.6114,0.7834
ULTA,2020-12-31,4.5656,0.0766,0.4359,0.7063
ULTA,2021-03-31,17.8885,0.1184,0.288,0.6912
ULTA,2021-06-30,20.1418,0.0438,0.1148,0.116
ULTA,2021-09-30,21.0745,0.1425,0.1116,0.0781
ULTA,2021-12-31,24.2402,-0.0342,0.1376,0.0548
ULTA,2022-03-31,2.9806,-0.032,0.3703,-0.0796
ULTA,2022-06-30,2.8832,0.0408,0.2208,0.2136
ULTA,2022-09-30,3.0033,0.1692,-0.0043,0.3628
ULTA,2022-12-31,3.5221,0.1633,0.0446,0.2898
ULTA,2023-03-31,4.5092,-0.1376,-0.0418,-0.0421
ULTA,2023-06-30,3.8717,-0.1512,-0.18,
ULTA,2023-09-30,3.2674,0.2267,-0.0259,
ULTA,2023-12-31,4.0363,0.0671,-0.1124,
ULTA,2024-03-31,4.4677,-0.262,-0.299,
ULTA,2024-06-30,3.2604,0.0084,0.2124,
ULTA,2024-09-30,3.289,0.1177,0.4051,
ULTA,2024-12-31,3.6927,,0.3911,
VEEV,2014-03-31,4.2312,-0.0468,-0.0438,0.9206
VEEV,2014-06-30,3.9809,0.1069,0.1014,1.409
VEEV,2014-09-30,4.5256,-0.0625,-0.169,1.0025
VEEV,2014-12-31,4.1731,-0.0333,0.0924,1.0931
VEEV,2015-03-31,3.9969,0.0979,-0.0192,1.8602
VEEV,2015-06-30,9.0605,-0.1648,0.2173,1.7421
VEEV,2015-09-30,7.3804,0.2324,0.7633,3.6506
VEEV,2015-12-31,9.3587,-0.1321,0.4107,2.096
VEEV,2016-03-31,7.5417,0.3626,1.0479,4.0663
VEEV,2016-06-30,10.5964,0.2098,0.7969,3.7512
VEEV,2016-09-30,13.0051,-0.0141,0.3665,2.6989
VEEV,2016-12-31,12.81,0.26,0.3582,2.456
VEEV,2017-03-31,16.3693,0.1956,0.4239,2.0493
VEEV,2017-06-30,19.7436,-0.0799,0.2536,2.8235
VEEV,2017-09-30,18.0951,-0.02,0.93,3.9848
VEEV,2019-03-31,21.3508,0.2779,0.2326,0.6748
VEEV,2019-06-30,27.4677,-0.0581,0.4461,0.2216
VEEV,2019-09-30,25.8331,-0.0788,0.8416,0.0798
VEEV,2019-12-31,23.7455,0.1117,0.9355,0.1473
VEEV,2020-03-31,20.3831,0.4991,0.6707,0.1754
VEEV,2020-06-30,30.7714,0.1995,0.3265,-0.1565
VEEV,2020-09-30,36.9964,-0.0318,0.0248,-0.2765
VEEV,2020-12-31,35.8065,-0.0404,-0.0616,-0.2929
VEEV,2021-03-31,25.1632,0.1903,-0.1867,-0.1131
VEEV,2021-06-30,30.0419,-0.0733,-0.3631,-0.4114
VEEV,2021-09-30,27.8062,-0.1134,-0.4278,-0.2717
VEEV,2021-12-31,24.5979,-0.1684,-0.3683,-0.177
VEEV,2022-03-31,17.1296,-0.0679,-0.1349,0.0902
VEEV,2022-06-30,15.9249,-0.1674,-0.0016,0.4542
VEEV,2022-09-30,13.1545,-0.0212,0.2339,0.8068
VEEV,2022-12-31,12.8621,0.1389,0.193,0.3833
VEEV,2023-03-31,14.5643,0.0758,0.2606,-0.0442
VEEV,2023-06-30,15.7044,0.0289,-0.0744,
VEEV,2023-09-30,16.1722,-0.0537,0.0316,
VEEV,2023-12-31,15.2783,0.2035,0.0921,
VEEV,2024-03-31,19.148,-0.2101,-0.0003,
VEEV,2024-06-30,15.0476,0.1468,0.5736,
VEEV,2024-09-30,17.3101,0.0018,0.4195,
VEEV,2024-12-31,17.3421,,0.0617,
W,2015-03-31,1.3579,0.1719,0.3456,1.1024
W,2015-06-30,1.6714,-0.0685,0.0361,2.1552
W,2015-09-30,1.5249,0.3582,0.1229,3.2119
W,2015-12-31,2.2382,-0.0924,-0.264,0.8916
W,2016-03-31,1.5185,-0.0976,-0.0632,2.4348
W,2016-06-30,1.3526,0.0095,0.9713,2.7436
W,2016-09-30,1.3671,-0.1097,0.712,1.8479
W,2016-12-31,1.1972,0.1552,1.2902,1.5783
W,2017-03-31,1.4112,0.8987,0.6678,0.3198
W,2017-06-30,2.8424,-0.1233,0.5447,1.5704
W,2019-03-31,2.8745,-0.0165,-0.64,-0.2538
W,2019-06-30,2.8263,-0.2321,0.3535,-0.7016
W,2019-09-30,2.1589,-0.194,1.5955,-0.7097
W,2019-12-31,1.7305,-0.4087,1.4987,-0.6361
W,2020-03-31,1.0166,2.6978,4.8898,-0.3574
W,2020-06-30,3.5206,0.4726,0.5976,-0.671
W,2020-09-30,5.1429,-0.224,-0.122,-0.7919
W,2020-12-31,4.0104,0.3939,-0.1587,-0.7268
W,2021-03-31,2.5426,0.0031,-0.648,-0.7843
W,2021-06-30,2.5503,-0.1907,-0.862,-0.833
W,2021-09-30,2.0651,-0.2565,-0.8726,-0.7801
W,2021-12-31,1.5368,-0.4169,-0.8269,-0.7667
W,2022-03-31,3.5813,-0.6068,-0.69,-0.7109
W,2022-06-30,1.5675,-0.2528,0.4924,0.174
W,2022-09-30,1.2376,0.0104,0.8608,1.7444
W,2022-12-31,1.2478,0.0441,0.876,2.0529
W,2023-03-31,2.6337,0.8931,0.9767,1.1902
W,2023-06-30,4.1907,-0.0683,-0.1889,
W,2023-09-30,3.9653,0.0187,-0.0725,
W,2023-12-31,4.0227,0.1002,-0.2817,
W,2024-03-31,2.7769,-0.2232,-0.5281,
W,2024-06-30,2.2771,0.0654,-0.0302,
W,2024-09-30,2.3909,-0.2111,0.5901,
W,2024-12-31,1.9997,,1.2656,
WDAY,2013-03-31,23.0309,0.0399,0.4835,0.2468
WDAY,2013-06-30,23.9578,0.2628,0.4021,0.1651
WDAY,2013-09-30,30.3031,0.0276,0.0194,0.133
WDAY,2013-12-31,31.1433,0.0994,-0.0186,-0.2053
WDAY,2014-03-31,34.2594,-0.0172,-0.0768,-0.0891
WDAY,2014-06-30,33.6679,-0.0819,-0.1499,0.0795
WING,2016-03-31,10.7951,0.2015,0.3906,3.247
WING,2016-06-30,12.7187,0.1991,0.2646,3.4096
WING,2016-09-30,13.5816,0.0099,0.1373,2.3911
WING,2016-12-31,13.7036,-0.0443,0.3226,2.3221
WING,2017-03-31,13.1522,0.0926,0.7977,2.217
WING,2017-06-30,14.255,0.0784,0.8181,4.1385
WING,2019-03-31,17.6308,0.2475,0.0533,0.6821
WING,2019-06-30,21.4458,-0.0779,0.4736,-0.1389
WING,2019-09-30,19.9235,-0.0106,0.5727,0.5686
WING,2019-12-31,19.7095,-0.0745,0.604,0.7418
WING,2020-03-31,12.102,0.7453,0.6646,1.5133
WING,2020-06-30,20.0678,-0.0159,0.1835,0.5716
WING,2020-09-30,19.7559,0.0091,0.2519,0.4368
WING,2020-12-31,19.2049,-0.0395,0.3091,1.0334
WING,2021-03-31,16.1197,0.2408,-0.0407,2.0251
WING,2021-06-30,19.5785,0.041,-0.5062,1.8139
WING,2021-09-30,20.2938,0.0552,-0.2033,1.6628
WING,2021-12-31,21.301,-0.2962,-0.1705,0.7251
WING,2022-03-31,14.9258,-0.3613,0.5739,0.9479
WING,2022-06-30,10.1012,0.6797,1.6894,3.5569
WING,2022-09-30,15.8402,0.0986,0.4405,1.0295
WING,2022-12-31,17.2226,0.3354,0.8726,0.7528
WING,2023-03-31,15.5118,0.0913,1.0036,-0.146
WING,2023-06-30,16.7874,-0.1003,1.119,
WING,2023-09-30,15.2241,0.4281,1.3202,
WING,2023-12-31,21.128,0.4289,0.1106,
WING,2024-03-31,21.8282,0.1542,-0.3823,
WING,2024-06-30,24.9942,-0.0149,-0.2004,
WING,2024-09-30,24.6239,-0.3164,-0.3928,
WING,2024-12-31,17.2026,,-0.1572,
WST,2011-03-31,4.712,-0.0189,-0.0339,1.0514
WST,2011-06-30,4.6209,-0.149,0.1743,1.0067
WST,2011-09-30,4.0196,0.0277,0.4555,1.5086
WST,2011-12-31,4.0964,0.1259,0.4663,1.9106
WST,2012-03-31,3.8441,0.1926,0.5501,1.9299
WST,2012-06-30,4.4638,0.0548,0.4105,1.3746
WST,2012-09-30,4.6647,0.0353,0.5704,1.1016
WST,2012-12-31,4.7955,0.1902,0.8124,1.2635
WST,2013-03-31,5.2923,0.0852,0.3699,1.1937
WST,2013-06-30,5.6842,0.1744,0.2116,1.2166
WST,2013-09-30,3.5399,0.1948,0.0975,0.856
WST,2013-12-31,4.1225,-0.1004,0.0952,0.7719
WST,2014-03-31,5.9356,-0.0403,0.3798,0.8976
WST,2014-06-30,5.6942,0.0638,0.3896,1.2938
WST,2014-09-30,6.0273,0.1924,0.2194,1.199
WST,2014-12-31,7.1219,0.1334,0.1403,0.8931
WST,2015-03-31,8.7225,-0.0335,0.1606,0.4967
WST,2015-06-30,8.4197,-0.0665,0.3166,0.7442
WST,2015-09-30,7.8566,0.1151,0.3869,1.3268
WST,2015-12-31,8.7239,0.1535,0.4187,0.6589
WST,2016-03-31,11.5936,0.0965,0.185,0.6189
WST,2016-06-30,12.6856,-0.0167,0.2538,0.6789
WST,2016-09-30,12.4559,0.1407,0.3003,0.9372
WST,2016-12-31,14.1755,-0.0365,0.1702,0.8022
WST,2017-03-31,13.6395,0.1601,0.0883,0.8963
WST,2017-06-30,15.7885,0.0198,0.0566,1.4412
WST,2019-03-31,13.3468,0.1371,0.388,2.7616
WST,2019-06-30,15.1661,0.1346,0.823,1.4366
WST,2019-09-30,17.1948,0.0612,0.9456,0.7488
WST,2019-12-31,18.2304,0.0138,0.8905,0.5774
WST,2020-03-31,18.4641,0.4935,0.8557,1.2922
WST,2020-06-30,27.5814,0.2108,0.5844,0.6951
WST,2021-03-31,18.2238,0.2751,0.4603,0.4138
WST,2021-06-30,23.3122,0.1828,-0.1564,-0.0766
WST,2021-09-30,27.6187,0.1052,-0.4192,-0.2881
WST,2021-12-31,30.5453,-0.1239,-0.497,-0.2966
WST,2022-03-31,14.4303,-0.2634,-0.1542,-0.4509
WST,2022-06-30,10.5591,-0.1857,0.2683,-0.2707
WST,2022-09-30,8.5477,-0.0428,0.5287,0.0746
WST,2022-12-31,8.1643,0.4732,0.4997,0.1784
WST,2023-03-31,20.9632,0.1045,0.1446,-0.2707
WST,2023-06-30,23.2011,-0.0185,-0.1369,
WST,2023-09-30,22.7498,-0.061,-0.1981,
WST,2023-12-31,21.3145,0.1244,-0.0675,
WST,2024-03-31,23.7611,-0.1672,-0.4328,
WST,2024-06-30,19.6879,-0.0881,-0.3338,
WST,2024-09-30,17.8927,0.092,-0.1233,
WST,2024-12-31,19.5755,,-0.1573,
XYZ,2017-03-31,2.5064,0.3576,1.8472,2.0312
XYZ,2017-06-30,3.5692,0.228,1.6275,3.4731
XYZ,2017-09-30,4.4893,0.2034,2.4367,4.6421
XYZ,2017-12-31,5.497,0.4191,0.6178,5.2775
XYZ,2018-03-31,7.9958,0.2528,0.5228,3.6148
XYZ,2018-06-30,10.1352,0.6063,0.1767,2.9552
XYZ,2019-03-31,11.2148,-0.0319,-0.3009,0.8099
XYZ,2019-06-30,10.8607,-0.1459,0.4468,-0.1526
XYZ,2019-09-30,9.2933,0.0098,1.6239,-0.1123
XYZ,2019-12-31,9.3837,-0.1627,2.4789,0.0045
XYZ,2020-03-31,5.3939,1.0034,3.3347,0.3106
XYZ,2020-06-30,10.8327,0.549,1.3232,-0.3656
XYZ,2020-09-30,16.7941,0.3389,0.4755,-0.7277
XYZ,2020-12-31,22.4948,0.0432,-0.2579,-0.6446
XYZ,2021-03-31,8.0853,0.0738,-0.4028,-0.6275
XYZ,2021-06-30,8.6851,-0.0162,-0.7479,-0.7355
XYZ,2021-09-30,8.5433,-0.3266,-0.7707,-0.7201
XYZ,2021-12-31,5.7381,-0.1604,-0.6109,-0.4738
XYZ,2022-03-31,3.1774,-0.5468,-0.4937,-0.5993
XYZ,2022-06-30,1.4434,-0.1053,0.0831,0.1053
XYZ,2022-09-30,1.2921,0.1428,-0.1951,0.3142
XYZ,2022-12-31,1.4757,0.0925,0.2309,0.0358
XYZ,2023-03-31,6.7832,-0.0303,0.232,-0.1234
XYZ,2023-06-30,6.5779,-0.3351,-0.0312,
XYZ,2023-09-30,4.3749,0.7476,0.5167,
XYZ,2023-12-31,7.6423,0.0935,0.0988,
XYZ,2024-03-31,3.639,-0.2375,-0.3576,
XYZ,2024-06-30,2.697,0.0409,0.0533,
XYZ,2024-09-30,2.8208,0.2661,0.0766,
XYZ,2024-12-31,3.6583,,-0.2341,
YETI,2019-03-31,5.061,-0.043,-0.3547,0.9828
YETI,2019-06-30,4.8631,-0.0328,0.476,0.4946
YETI,2019-09-30,4.7185,0.2421,0.6186,0.0186
YETI,2019-12-31,5.7504,-0.4388,0.9687,0.1878
YETI,2020-03-31,3.0329,1.189,2.6993,1.0492
YETI,2020-06-30,6.2121,0.0606,1.1488,-0.091
YETI,2020-09-30,6.5669,0.5108,0.8908,0.064
YETI,2020-12-31,9.7379,0.0546,0.2097,-0.2438
YETI,2021-03-31,10.2502,0.2716,-0.1694,-0.4661
YETI,2021-06-30,12.9363,-0.0668,-0.5288,-0.5845
YETI,2022-03-31,4.1246,-0.2786,-0.3331,-0.4481
YETI,2022-06-30,2.9315,-0.3409,-0.1024,-0.2716
YETI,2022-09-30,1.8784,0.4485,0.6907,0.1634
YETI,2022-12-31,2.7916,-0.0317,0.2534,0.0692
YETI,2023-03-31,2.6981,-0.029,-0.0363,-0.0852
YETI,2023-06-30,2.6152,0.2415,-0.0178,
YETI,2024-03-31,2.4264,-0.0104,-0.1414,
YETI,2024-06-30,2.3983,0.0755,-0.1738,
YETI,2024-09-30,2.6011,-0.0614,-0.1913,
YETI,2024-12-31,2.4236,,0.147,
ZM,2020-03-31,32.0119,0.7351,1.1988,-0.4947
ZM,2020-06-30,55.7422,0.8542,0.5265,-0.7323
ZM,2020-09-30,103.585,-0.2825,-0.4437,-0.8512
ZM,2020-12-31,74.2502,-0.0475,-0.4548,-0.7868
ZM,2021-03-31,8.4983,0.2046,-0.6351,-0.7965
ZM,2021-06-30,10.2809,-0.3243,-0.721,-0.8471
ZM,2021-09-30,6.877,-0.2967,-0.7186,-0.7333
ZM,2021-12-31,4.773,-0.3626,-0.6317,-0.5563
ZM,2022-03-31,6.3719,-0.079,-0.3701,-0.3707
ZM,2022-06-30,5.8527,-0.3184,-0.3713,-0.2778
ZM,2022-09-30,3.925,-0.0795,-0.0496,0.1211
ZM,2022-12-31,3.597,0.0901,0.0616,0.2738
ZM,2023-03-31,5.7704,-0.0807,-0.1147,0.0887
ZM,2023-06-30,5.2803,0.0303,-0.128,
ZM,2023-09-30,5.4497,0.0282,-0.0029,
ZM,2023-12-31,5.6117,-0.0909,0.1349,
ZM,2024-03-31,5.0453,-0.0945,0.1285,
ZM,2024-06-30,4.5273,0.1782,0.3175,
ZM,2024-09-30,5.4117,0.1702,0.183,
ZM,2024-12-31,6.4067,,0.0573,
ZS,2018-09-30,19.01,-0.0385,0.1589,5.4301
ZS,2018-12-31,18.2572,0.809,0.1859,7.1951
ZS,2019-03-31,33.4659,0.0805,-0.142,2.4017
ZS,2019-06-30,36.2037,-0.3834,0.4288,0.9508
ZS,2019-09-30,14.0687,-0.0161,1.9769,2.478
ZS,2019-12-31,13.8395,0.3088,3.2948,1.4065
ZS,2020-03-31,18.1707,0.7992,1.8207,0.9197
ZS,2020-06-30,32.8414,0.2848,0.9732,0.3361
ZS,2020-09-30,37.4555,0.4195,0.8638,0.1059
ZS,2020-12-31,52.5859,-0.1404,0.609,0.1094
ZS,2021-03-31,45.3975,0.2586,0.4055,0.1221
ZS,2021-06-30,56.7773,0.2136,-0.308,-0.1105
ZS,2021-09-30,41.12,0.2254,-0.3732,-0.3481
ZS,2021-12-31,50.2296,-0.2491,-0.6518,-0.4386
ZS,2022-03-31,37.8928,-0.3803,-0.5158,-0.1776
ZS,2022-06-30,23.7498,0.0994,-0.0215,1.0998
ZS,2022-09-30,15.3804,-0.3192,-0.0534,0.8231
ZS,2022-12-31,10.4614,0.0441,0.98,1.01
ZS,2023-03-31,10.9236,0.2522,0.6488,0.2008
ZS,2023-06-30,13.6864,0.0635,0.3137,
ZS,2023-09-30,11.1961,0.424,0.0987,
ZS,2023-12-31,15.9699,-0.1306,-0.1857,
ZS,2024-03-31,13.8764,-0.0023,0.0301,
ZS,2024-06-30,13.8446,-0.1106,0.6335,
ZS,2024-09-30,10.6154,0.0554,0.753,
ZS,2024-12-31,11.2099,,0.2467,
